#[1]   SoundEnginePreComp.asm
#[2]   Defines/Defines.asm
    2                             .include "Defines/Defines.asm"
    1                     ;; define 0 page stuff here, and SRAM stuff if we have it
    2                     
    3           0000        .rsset $0000
#[3]   Defines/GeneralVars.asm
    4                       .include "Defines/GeneralVars.asm"
    1           0000      temp1                   .rs 1
    2           0001      temp2                   .rs 1
    3           0002      temp3                   .rs 1
    4           0003      temp4                   .rs 1
    5           0004      temp5                   .rs 1
    6           0005      temp6                   .rs 1
    7           0006      temp7                   .rs 1
    8           0007      temp8                   .rs 1
    9           0008      tempx                   .rs 1
   10           0009      tempy                   .rs 1
   11           000A      time                    .rs 1
   12           000B      scaledTime              .rs 1
   13           000C      sleeping                .rs 1
   14           000D      mode_loadFlags  .rs 1
   15                     ;;0rcb xxxx
   16                     ;;r = read from save copy 
   17                     ;;c = write to save copy
   18           000E      game_mode               .rs 1
   19           000F      mode_state              .rs 1
   20           0010      NMI_locks               .rs 1
   21           0011      game_locks              .rs 1
   22           0012      pointer_address .rs 2
   23           0014      pointerB_address .rs 2
   24           0016      table_address   .rs 2
   25           0018      jump_address    .rs 2
   26                     
   27                     ;game modes
   28           0000      TITLE_IDX = $00
   29           0001      GAME_IDX = $01
   30           0002      GAMEOVER_IDX = $02
   31                     
   32                     ;locks for input and rendering
   33           0001      BGLOAD_NMI_LOCK = %00000001
   34           0001      EFFECT_GAME_LOCK = %00000001
   35                     
   36                     
   37                     
#[2]   Defines/Defines.asm
#[3]   Defines/ControllerVars.asm
    5                       .include "Defines/ControllerVars.asm"
    1           0010      GAMEPAD_UP = $10
    2           0020      GAMEPAD_DOWN = $20
    3           0040      GAMEPAD_LEFT = $40
    4           0080      GAMEPAD_RIGHT = $80
    5           0001      GAMEPAD_A = $01
    6           0002      GAMEPAD_B = $02
    7           0004      GAMEPAD_SELECT = $04
    8           0008      GAMEPAD_START = $08
    9                     
   10           00C0      GAMEPAD_HORI = $C0
   11           0030      GAMEPAD_VERT = $30
   12           00F0      GAMEPAD_MOVE = $F0
   13                     
   14           0003      GAMEPAD_AB = $03
   15                     
   16           0009      GAMEPAD_CONFIRM = $09
   17                     
   18           001A      gamepad                 .rs 1
   19           001B      gamepadLast     .rs 1
   20           001C      gamepadPressed  .rs 1
#[2]   Defines/Defines.asm
#[3]   Defines/PPUVariables.asm
    6                       .include "Defines/PPUVariables.asm"
    1           001D      PPU_Control                     .rs 1
    2           001E      PPU_Mask                        .rs 1
    3           001F      PPU_ScrollX                     .rs 1
    4           0020      PPU_ScrollY                     .rs 1
    5           0021      PPU_ScrollNT            .rs 1   ;first two bits
    6           0022      PPU_NT                          .rs 1
    7                     
    8           0023      PPU_PendingWrite        .rs 1
    9           0024      PPU_StringIdx           .rs 1
   10           0025      PPU_String                      .rs 128
   11                     
   12           004F      PPU_STRINGMAX = $4F ;up to size of a full nametable, I think
   13                     
   14           0000      SPRITE_YPOS = $00
   15           0001      SPRITE_ID   = $01
   16           0003      SPRITE_XPOS = $03
   17           0200      SPRITE_DATA = $0200
   18                     
   19           2000      PPU_CTRL = $2000
   20           2001      PPU_MASK = $2001
   21           2002      PPU_STATUS = $2002
   22           2003      OAM_LO = $2003
   23           2004      OAM_DATA = $2004
   24           2005      PPU_SCROLL = $2005
   25           2006      PPU_ADDR = $2006
   26           2007      PPU_DATA = $2007
   27           4014      OAM_HI = $4014
   28                     
   29           0080      DRAW_VERTICAL = $80
   30           0000      DRAW_HORIZONTAL = $00
   31                     
   32           0040      SPRITE_0_MASK = %01000000
#[2]   Defines/Defines.asm
#[3]   Defines/MapperVars.asm
    7                       .include "Defines/MapperVars.asm"
    1           00A5      mapper_address  .rs 2
    2           00A7      currentCHRBankA .rs 1
    3           00A8      currentCHRBankB .rs 1
    4           00A9      currentPRGBank  .rs 1
    5           00AA      mapperDebugVar  .rs 1
    6                     
    7                     
#[2]   Defines/Defines.asm
#[3]   Defines/TitleVariables.asm
    8                       .include "Defines/TitleVariables.asm"
    1                     
#[2]   Defines/Defines.asm
#[3]   Defines/GameVariables.asm
    9                       .include "Defines/GameVariables.asm"
    1           A000      PUZZLE_TABLE = $A000
    2           A036      NAMES_TABLE = $A036
    3           A06C      SPRITES_TABLE = $A06C
    4                     
    5           00AB      tempBank                        .rs 1
    6           00AC      tempPuzz                        .rs 1
    7           00AD      puzzle_address          .rs 2
    8           00AF      clues_address           .rs 2
    9           00B1      title_address           .rs 2
   10           00B3      pause_address           .rs 2
   11           00B5      copy_address        .rs 2
   12           00B7      pause_draw_address  .rs 2
   13           00B9      title_draw_address      .rs 2
   14           00BB      clue_start_address      .rs 2
   15           00BD      clue_draw_address       .rs 2
   16           00BF      clueTableIndex          .rs 1
   17           00C0      clueLineIndex           .rs 1
   18           00C1      clueOffsetShift         .rs 1
   19           00C2      clueDrawAdd                     .rs 1
   20           00C3      clueDrawOffset          .rs 2
   21           00C5      clueDrawDecSize         .rs 1
   22           00C6      clueParity                      .rs 1
   23           00C7      mouse_location          .rs 2
   24           00C9      mouse_index                     .rs 2
   25           00CB      currentPaintTile        .rs 1
   26           00CC      pauseState                      .rs 1
   27           00CD      pauseInputLock          .rs 1
   28           00CE      holdTimer                       .rs 1
   29           00CF      targetGameMode          .rs 1
   30           00D0      targetScreenLoad        .rs 1
   31           00D1      recordSet                       .rs 1
#[2]   Defines/Defines.asm
#[3]   External/SoundVariables_ZP.asm
   10                       .include "External/SoundVariables_ZP.asm"
    1           00D2      sound_ptr .rs 2
    2           00D4      sound_ptr2 .rs 2
    3           00D6      current_song .rs 1
#[2]   Defines/Defines.asm
   11                     
   12                     ;; 0100 is the stack
   13                     ;; 0200 is sprite ram
   14           0300        .rsset $0300
#[3]   External/SoundVariables.asm
   15                       .include "External/SoundVariables.asm"
    1           0000      SQUARE_1 = $00 ;these are channel constants
    2           0001      SQUARE_2 = $01
    3           0002      TRIANGLE = $02
    4           0003      NOISE = $03
    5           0004      DPMC = $04
    6                     
    7           0000      MUSIC_SQ1       = $00 ;these are stream # constants
    8           0001      MUSIC_SQ2       = $01 ;stream # is used to index into variables
    9           0002      MUSIC_TRI       = $02
   10           0003      MUSIC_NOI       = $03
   11           0004      SFX_1           = $04
   12           0005      SFX_2           = $05
   13           0006      MUSIC_DPMC      = $06
   14           0007      SFX_DPMC        = $07
   15                     
   16           0000      ve_short_staccato = $00
   17           0001      ve_fade_in = $01
   18           0002      ve_blip_echo = $02
   19           0003      ve_tgl_1 = $03
   20           0004      ve_tgl_2 = $04
   21           0005      ve_battlekid_1 = $05
   22           0006      ve_battlekid_1b = $06
   23           0007      ve_battlekid_2 = $07
   24           0008      ve_battlekid_2b = $08
   25           0009      ve_drum_decay = $09
   26           000A      ve_hiHat_decay = $0A
   27           000B      ve_long_decay = $0B
   28           000C      ve_tinyDecy = $0C
   29           000D      ve_noDecay = $0D
   30           000E      ve_long_tremelo = $0E
   31           000F      ve_veryLong_decay = $0F
   32                     
   33                     ;these are aliases to use in the sound data.
   34           00A0      endsound = $A0
   35           00A1      loop = $A1
   36           00A2      volume_envelope = $A2
   37           00A3      duty = $A3
   38           00A4      set_loop1_counter = $A4
   39           00A5      loop1 = $A5
   40           00A6      set_note_offset = $A6
   41           00A7      adjust_note_offset = $A7
   42           00A8      transpose = $A8
   43           00A9      pitch_envelope = $A9
   44           00AA      arpeggio = $AA
   45                     
   46           0000      pe_none = $00
   47           0001      pe_mod = $01
   48           0002      pe_sweep = $02
   49           0003      pe_bassKick = $03
   50                     
   51                     ;Note: octaves in music traditionally start at C, not A    
   52           0000      A1 = $00    ;the "1" means Octave 1
   53           0001      As1 = $01   ;the "s" means "sharp"
   54           0001      Bb1 = $01   ;the "b" means "flat"  A# == Bb, so same value
   55           0002      B1 = $02
   56                     
   57           0003      C2 = $03
   58           0004      Cs2 = $04
   59           0004      Db2 = $04
   60           0005      D2 = $05
   61           0006      Ds2 = $06
   62           0006      Eb2 = $06
   63           0007      E2 = $07
   64           0008      F2 = $08
   65           0009      Fs2 = $09
   66           0009      Gb2 = $09
   67           000A      G2 = $0A
   68           000B      Gs2 = $0B
   69           000B      Ab2 = $0B
   70           000C      A2 = $0C
   71           000D      As2 = $0D
   72           000D      Bb2 = $0D
   73           000E      B2 = $0E
   74                     
   75           000F      C3 = $0F
   76           0010      Cs3 = $10
   77           0010      Db3 = $10
   78           0011      D3 = $11
   79           0012      Ds3 = $12
   80           0012      Eb3 = $12
   81           0013      E3 = $13
   82           0014      F3 = $14
   83           0015      Fs3 = $15
   84           0015      Gb3 = $15
   85           0016      G3 = $16
   86           0017      Gs3 = $17
   87           0017      Ab3 = $17
   88           0018      A3 = $18
   89           0019      As3 = $19
   90           0019      Bb3 = $19
   91           001A      B3 = $1a
   92                     
   93           001B      C4 = $1b
   94           001C      Cs4 = $1c
   95           001C      Db4 = $1c
   96           001D      D4 = $1d
   97           001E      Ds4 = $1e
   98           001E      Eb4 = $1e
   99           001F      E4 = $1f
  100           0020      F4 = $20
  101           0021      Fs4 = $21
  102           0021      Gb4 = $21
  103           0022      G4 = $22
  104           0023      Gs4 = $23
  105           0023      Ab4 = $23
  106           0024      A4 = $24
  107           0025      As4 = $25
  108           0025      Bb4 = $25
  109           0026      B4 = $26
  110                     
  111           0027      C5 = $27
  112           0028      Cs5 = $28
  113           0028      Db5 = $28
  114           0029      D5 = $29
  115           002A      Ds5 = $2a
  116           002A      Eb5 = $2a
  117           002B      E5 = $2b
  118           002C      F5 = $2c
  119           002D      Fs5 = $2d
  120           002D      Gb5 = $2d
  121           002E      G5 = $2e
  122           002F      Gs5 = $2f
  123           002F      Ab5 = $2f
  124           0030      A5 = $30
  125           0031      As5 = $31
  126           0031      Bb5 = $31
  127           0032      B5 = $32
  128                     
  129           0033      C6 = $33
  130           0034      Cs6 = $34
  131           0034      Db6 = $34
  132           0035      D6 = $35
  133           0036      Ds6 = $36
  134           0036      Eb6 = $36
  135           0037      E6 = $37
  136           0038      F6 = $38
  137           0039      Fs6 = $39
  138           0039      Gb6 = $39
  139           003A      G6 = $3a
  140           003B      Gs6 = $3b
  141           003B      Ab6 = $3b
  142           003C      A6 = $3c
  143           003D      As6 = $3d
  144           003D      Bb6 = $3d
  145           003E      B6 = $3e
  146                     
  147           003F      C7 = $3f
  148           0040      Cs7 = $40
  149           0040      Db7 = $40
  150           0041      D7 = $41
  151           0042      Ds7 = $42
  152           0042      Eb7 = $42
  153           0043      E7 = $43
  154           0044      F7 = $44
  155           0045      Fs7 = $45
  156           0045      Gb7 = $45
  157           0046      G7 = $46
  158           0047      Gs7 = $47
  159           0047      Ab7 = $47
  160           0048      A7 = $48
  161           0049      As7 = $49
  162           0049      Bb7 = $49
  163           004A      B7 = $4a
  164                     
  165           004B      C8 = $4b
  166           004C      Cs8 = $4c
  167           004C      Db8 = $4c
  168           004D      D8 = $4d
  169           004E      Ds8 = $4e
  170           004E      Eb8 = $4e
  171           004F      E8 = $4f
  172           0050      F8 = $50
  173           0051      Fs8 = $51
  174           0051      Gb8 = $51
  175           0052      G8 = $52
  176           0053      Gs8 = $53
  177           0053      Ab8 = $53
  178           0054      A8 = $54
  179           0055      As8 = $55
  180           0055      Bb8 = $55
  181           0056      B8 = $56
  182                     
  183           0057      C9 = $57
  184           0058      Cs9 = $58
  185           0058      Db9 = $58
  186           0059      D9 = $59
  187           005A      Ds9 = $5a
  188           005A      Eb9 = $5a
  189           005B      E9 = $5b
  190           005C      F9 = $5c
  191           005D      Fs9 = $5d
  192           005D      Gb9 = $5d
  193                     
  194           005E      rest = $5e
  195           0070      d_rest = $70
  196                     
  197                     ;note length constants (aliases)
  198           0080      thirtysecond = $80
  199           0081      sixteenth = $81
  200           0082      eighth = $82
  201           0083      quarter = $83
  202           0084      half = $84
  203           0085      whole = $85
  204           0086      d_sixteenth = $86
  205           0087      d_eighth = $87
  206           0088      d_quarter = $88
  207           0089      d_half = $89
  208           008A      d_whole = $8A   ;don't forget we are counting in hex
  209           008B      t_quarter = $8B
  210           008C      five_eighths =$8C
  211           008D      five_sixteenths=$8D
  212           008E      d_half_d_eight = $8E
  213           008F      whole_quarter_sixteenth = $8F
  214           0090      d_half_eighth = $90
  215           0091      whole_sixteenth = $91
  216           0087      quarterSwing = $87
  217           0088      halfSwing = $88
  218           0089      wholeSwing = $89
  219           0086      eighthSwing = $86
  220           0081      swingDown = $81
  221           0080      swingUp = $80
  222           0092      five_thirtyseconds = $92
  223                     
  224           0093      d_halfSwing_p1 = $93
  225           0094      halfSwing_p1 = $94
  226           0095      halfSwing_p3 = $95
  227           0096      halfSwing_m1 = $96
  228           0097      wholeSwing_p1 = $97
  229           0098      quarterSwing_p1 = $98
  230           0099      d_quarterSwing = $99
  231           009A      d_halfSwing = $9A
  232           009B      wholeSwing_m1 = $9B
  233                     
  234           0000      arp_none = $00
  235           0001      arp_lowerThird = $01
  236           0002      arp_dimTriad = $02
  237           0003      arp_minInvn1 = $03
  238           0004      arp_sharp5 = $04
  239           0005      arp_maj7 = $05
  240           0006      arp_min7 = $06
  241           0007      arp_minFlat6 = $07
  242           0008      arp_spread5thlowerThird = $08
  243           0009      arp_min7Invn1 = $09
  244           000A      arp_dom7Invn2 = $0A
  245           000B      arp_dim7 = $0B
  246           000C      arp_majPlusOct = $0C
  247                     
  248                     
  249           0300      sound_disable_flag  .rs 1   ;a flag variable that keeps track of whether the sound engine is disabled or not. 
  250           0301      sound_temp1 .rs 1           ;temporary variables
  251           0302      sound_temp2 .rs 1
  252           0303      sound_sq1_old .rs 1  ;the last value written to $4003
  253           0304      sound_sq2_old .rs 1  ;the last value written to $4007
  254           0305      soft_apu_ports .rs 20
  255                     
  256                     ;reserve 6 bytes, one for each stream
  257           0319      stream_curr_sound .rs 8     ;current song/sfx loaded
  258           0321      stream_status .rs 8         ;status byte.   bit0: (1: stream enabled; 0: stream disabled)
  259           0329      stream_channel .rs 8        ;what channel is this stream playing on?
  260           0331      stream_ptr_LO .rs 8         ;low byte of pointer to data stream
  261           0339      stream_ptr_HI .rs 8         ;high byte of pointer to data stream
  262           0341      stream_ve .rs 8             ;current volume envelope
  263           0349      stream_ve_index .rs 8       ;current position within the volume envelope
  264           0351      stream_vol_duty .rs 8       ;stream volume/duty settings
  265           0359      stream_note_idx .rs 8
  266           0361      stream_note_LO .rs 8        ;low 8 bits of period for the current note on a stream
  267           0369      stream_note_HI .rs 8        ;high 3 bits of period for the current note on a stream 
  268           0371      stream_tempo .rs 8          ;the value to add to our ticker total each frame
  269           0379      stream_ticker_total .rs 8   ;our running ticker total.
  270           0381      stream_note_length_counter .rs 8
  271           0389      stream_note_length .rs 8
  272           0391      stream_loop1 .rs 8          ;loop counter
  273           0399      stream_note_offset .rs 6
  274           039F      stream_pe .rs 8             ;current volume envelope
  275           03A7      stream_pe_index .rs 8       ;current position within the volume envelope
  276           03AF      stream_pe_offset .rs 8
  277           03B7      stream_pe_delay .rs 8
  278           03BF      stream_arp .rs 8
  279           03C7      stream_arp_index .rs 8
  280           03CF      stream_arp_offset .rs 8
#[2]   Defines/Defines.asm
   16           0400        .rsset $0400
   17           0500        .rsset $0500
   18           0600        .rsset $0600
   19           0700        .rsset $0700
   20           6000        .rsset $6000
#[3]   Defines/ScreenStateVariables.asm
   21                       .include "Defines/ScreenStateVariables.asm"
    1           6000      Screen_Copy             .rs 1024
    2           6400      ScreenB_Copy    .rs 1024
    3           6800      SaveScreen_Copy .rs 1024
    4           6C00      Palette_Copy    .rs 32
#[2]   Defines/Defines.asm
   22           7000        .rsset $7000
#[3]   Defines/SaveVariables.asm
   23                       .include "Defines/SaveVariables.asm"
    1           7000      hasContinue .rs 1
    2           7001      solutionCount           .rs 1
    3           7002      nonSolutionCount        .rs 1
    4           7003      GameTime                        .rs 4   ;in order - second, ten second, minute, 10 minute - max out at 99 minutes
    5           7007      bank_index      .rs 1
    6           7008      puzzle_index .rs 1
    7           7009      image_table_offset .rs 1
    8                     ;we can save these for the continue
    9                     ;on a continue- we just need to load the back ground as it was
   10                     ;we'll save out data for the puzzles- just need to know if it's 1) complete and 2) the time
   11                     ;we can do that in 4 bytes each, so 324 bytes
   12           700A      puzzle_clear_bank0 .rs 108
   13           7076      puzzle_clear_bank1 .rs 108
   14           70E2      puzzle_clear_bank2 .rs 108
   15                     
#[2]   Defines/Defines.asm
   24                     
   25                     
   26                     ;precompiled labels
   27                     
   28                       ;.include "SoundEnginePreComp.fns"
#[3]   Picross.fns
   29                       .include "Picross.fns"
    1                     ; Picross.asm
    2           CD4D      UpdateGameOverJumpTable          = $CD4D
    3           CC42      UpdateUnloadPauseScreen          = $CC42
    4           E01A      GameOver_Screens                 = $E01A
    5           C546      UpdateGame                       = $C546
    6           838D      B1_puzzle9                       = $838D
    7           8328      B2_puzzle8                       = $8328
    8           80C1      B1_puzzle1Name                   = $80C1
    9           D047      Dynamic_Jump                     = $D047
   10           831F      B2_puzzle7Name                   = $831F
   11           8580      B1_puzzle13Name                  = $8580
   12           86F1      B0_mushuImage                    = $86F1
   13           CD37      PuzzleSaveLocations              = $CD37
   14           849A      B2_puzzle11Image                 = $849A
   15           810D      B0_o                             = $810D
   16           CBC1      UpdatePauseScreen                = $CBC1
   17           838D      B2_puzzle9                       = $838D
   18           8255      B1_puzzle5Name                   = $8255
   19           C4FE      PlayMenuCursorSound              = $C4FE
   20           86FE      B1_puzzle17Image                 = $86FE
   21           87EA      B0_house                         = $87EA
   22           8156      B0_rImage                        = $8156
   23           D931      SampleStart                      = $D931
   24           8906      B0_end                           = $8906
   25           8A94      B2_puzzle26Image                 = $8A94
   26           805C      B2_puzzle0Name                   = $805C
   27           A943      bank2_header                     = $A943
   28           8962      B2_puzzle23Image                 = $8962
   29           8A2E      B1_puzzle25Image                 = $8A2E
   30           823B      B1_puzzle5Image                  = $823B
   31           CEA5      UpdateGameOverExit               = $CEA5
   32           C62D      UpdateDrawVertClues              = $C62D
   33           D21A      TurnOffSprites                   = $D21A
   34           88B0      B1_puzzle21Name                  = $88B0
   35           87E4      B1_puzzle19Name                  = $87E4
   36           84BD      B0_meatName                      = $84BD
   37           8102      B0_fImage                        = $8102
   38           8597      B0_cameraImage                   = $8597
   39           867D      B0_EllieName                     = $867D
   40           C507      PlayPuzzleCursorSound            = $C507
   41           8698      B2_puzzle16Image                 = $8698
   42           8257      B0_chestnutName                  = $8257
   43           C2FB      SetSpriteXPosition               = $C2FB
   44           CF1F      DrawSaveText                     = $CF1F
   45           864C      B2_puzzle15Name                  = $864C
   46           81F0      B2_puzzle4Name                   = $81F0
   47           849A      B1_puzzle11Image                 = $849A
   48           8A7A      B0_nowImage                      = $8A7A
   49           896A      B0_for                           = $896A
   50           889C      B0_houseName                     = $889C
   51           801F      B0_equal_signImage               = $801F
   52           80AE      B0_aImage                        = $80AE
   53           8137      B0_r                             = $8137
   54           D756      NMIJumpTable                     = $D756
   55           8A48      B1_puzzle25Name                  = $8A48
   56           D71F      update_controllers               = $D71F
   57           D024      LoadGameModeSprites              = $D024
   58           AEEF      bank0_noise                      = $AEEF
   59           8526      B0_camera                        = $8526
   60           C998      UpdateGameFadeOut                = $C998
   61           872B      B0_mushuName                     = $872B
   62           81F0      B1_puzzle4Name                   = $81F0
   63           AD03      bank0_tri                        = $AD03
   64           CBA5      UpdateLoadPauseScreen            = $CBA5
   65           8188      B0_lower_tName                   = $8188
   66           8052      B0_plus_signImage                = $8052
   67           8305      B2_puzzle7Image                  = $8305
   68           80A7      B2_puzzle1Image                  = $80A7
   69           A943      bank0_header                     = $A943
   70           D1F0      WaitSprite0                      = $D1F0
   71           C0C6      Forever                          = $C0C6
   72           8965      B0_endName                       = $8965
   73           83F0      B0_egg_dogName                   = $83F0
   74           D298      NameTableMemList                 = $D298
   75           CD31      PuzzleScrollVert                 = $CD31
   76           CD3D      UpdateGameOver                   = $CD3D
   77           82BD      B0_cherryName                    = $82BD
   78           8000      B0_equal_sign                    = $8000
   79           CB97      UpdatePause                      = $CB97
   80           8566      B2_puzzle13Image                 = $8566
   81           D933      SampleLength                     = $D933
   82           D1B2      LoadSprites_impl                 = $D1B2
   83           89E2      B2_puzzle24Name                  = $89E2
   84           86B2      B1_puzzle16Name                  = $86B2
   85           80E0      B0_tName                         = $80E0
   86           D1E9      WaitNotSprite0                   = $D1E9
   87           CD34      PuzzleHeaderSkips                = $CD34
   88           810C      B1_puzzle2Image                  = $810C
   89           83F2      B2_puzzle10                      = $83F2
   90           836A      B1_puzzle8Image                  = $836A
   91           FCCE      PuzzleClearLines                 = $FCCE
   92           C2DB      InitPointer                      = $C2DB
   93           80B9      B0_t                             = $80B9
   94           C3E8      LoadBank                         = $C3E8
   95           8084      B0_cImage                        = $8084
   96           D211      TurnOnSprites                    = $D211
   97           C2F0      SetSpriteYPosition               = $C2F0
   98           CF88      LoadGameModeScreen               = $CF88
   99           D702      ImageTitleLowerHalfPos           = $D702
  100           D1FD      SetNametableFromIndex            = $D1FD
  101           C556      UpdateGameJumpTable              = $C556
  102           8A2E      B2_puzzle25Image                 = $8A2E
  103           8896      B2_puzzle21Image                 = $8896
  104           87CA      B2_puzzle19Image                 = $87CA
  105           EC7C      Game_10                          = $EC7C
  106           CD57      UpdateGameOverInit               = $CD57
  107           8458      B2_puzzle11                      = $8458
  108           C920      UpdateDrawImage                  = $C920
  109           818B      B2_puzzle3Name                   = $818B
  110           89C8      B1_puzzle24Image                 = $89C8
  111           D75C      WakeUp                           = $D75C
  112           C306      SetSpriteImage                   = $C306
  113           8305      B1_puzzle7Image                  = $8305
  114           D07A      LoadFullPaletteFromTable         = $D07A
  115           D76C      UpdateGameOverNMI                = $D76C
  116           ABEE      bank2_noiseMainLoop              = $ABEE
  117           85D9      B0_Ellie                         = $85D9
  118           D246      FadeOutPalettes                  = $D246
  119           884A      B2_puzzle20Name                  = $884A
  120           877E      B2_puzzle18Name                  = $877E
  121           89E2      B1_puzzle24Name                  = $89E2
  122           84A3      B0_meatImage                     = $84A3
  123           84BE      B2_puzzle12                      = $84BE
  124           82A3      B0_cherryImage                   = $82A3
  125           D2E0      SendMapperCommand                = $D2E0
  126           CD22      MouseMinimums                    = $CD22
  127           810A      B0_fName                         = $810A
  128           81D6      B2_puzzle4Image                  = $81D6
  129           D3BD      AddToClueDrawAddress             = $D3BD
  130           8524      B2_puzzle13                      = $8524
  131           D3E9      AddToClueDrawAddressHi           = $D3E9
  132           CD47      DoUpdateGameOver                 = $CD47
  133           84B4      B2_puzzle11Name                  = $84B4
  134           88FC      B2_puzzle22Image                 = $88FC
  135           864C      B1_puzzle15Name                  = $864C
  136           D69C      ApplyGameTimeToPPUString         = $D69C
  137           FD28      Sprites                          = $FD28
  138           CC5F      CheckNewBestTime                 = $CC5F
  139           88E7      B0_theImage                      = $88E7
  140           81D7      B0_perfumeImage                  = $81D7
  141           C519      SetPuzzleDisplaySprite           = $C519
  142           8566      B1_puzzle13Image                 = $8566
  143           831F      B1_puzzle7Name                   = $831F
  144           C9D9      MoveMouse                        = $C9D9
  145           8896      B1_puzzle21Image                 = $8896
  146           87CA      B1_puzzle19Image                 = $87CA
  147           87DC      B0_plasma_globeName              = $87DC
  148           80D8      B0_tImage                        = $80D8
  149           8328      B0_star_ship                     = $8328
  150           E07C      Title_Screen                     = $E07C
  151           858A      B2_puzzle14                      = $858A
  152           E000      Palettes                         = $E000
  153           D106      ProcessPPUString                 = $D106
  154           81D6      B1_puzzle4Image                  = $81D6
  155           D06D      GetTableAtIndex                  = $D06D
  156           C18F      UpdateScroll                     = $C18F
  157           83CF      B2_puzzle9Image                  = $83CF
  158           85F0      B2_puzzle15                      = $85F0
  159           805C      B1_puzzle0Name                   = $805C
  160           D073      SetTableAddress                  = $D073
  161           8718      B2_puzzle17Name                  = $8718
  162           82BA      B2_puzzle6Name                   = $82BA
  163           851A      B1_puzzle12Name                  = $851A
  164           D7C0      sample0                          = $D7C0
  165           FCCA      EndScreens                       = $FCCA
  166           CE90      UpdateGameOverFadeOut            = $CE90
  167           808C      B0_cName                         = $808C
  168           87A2      B0_plasma_globeImage             = $87A2
  169           FD0D      SelectDefaultName                = $FD0D
  170           CAD3      UpdateMouseScreenPos             = $CAD3
  171           F07C      Game_15                          = $F07C
  172           F87C      Blank_Screen                     = $F87C
  173           C0FB      UpdateTitleJumpTable             = $C0FB
  174           A95A      bank1_triangle                   = $A95A
  175           CDA6      UpdateDrawMessage                = $CDA6
  176           8656      B2_puzzle16                      = $8656
  177           8434      B1_puzzle10Image                 = $8434
  178           D506      DrawImage                        = $D506
  179           AA37      bank2_tri                        = $AA37
  180           83F2      B1_puzzle10                      = $83F2
  181           8385      B0_star_shipName                 = $8385
  182           8732      B0_plasma_globe                  = $8732
  183           E012      Title_Screens                    = $E012
  184           D840      sample1                          = $D840
  185           C53D      ContinueText                     = $C53D
  186           D6FF      ImageDrawWrapOffsets             = $D6FF
  187           CDCB      UpdateGameOverWaitInput          = $CDCB
  188           8A0F      B0_now                           = $8A0F
  189           C059      CleanUpSRAM                      = $C059
  190           88A3      B0_the                           = $88A3
  191           8033      B0_plus_sign                     = $8033
  192           8434      B2_puzzle10Image                 = $8434
  193           C982      UpdateWaitInput                  = $C982
  194           86BC      B2_puzzle17                      = $86BC
  195           83D6      B0_egg_dogImage                  = $83D6
  196           AF15      bank0_dpcm                       = $AF15
  197           8307      B0_appleImage                    = $8307
  198           8458      B1_puzzle11                      = $8458
  199           8191      B0_perfume                       = $8191
  200           8171      B2_puzzle3Image                  = $8171
  201           884A      B1_puzzle20Name                  = $884A
  202           877E      B1_puzzle18Name                  = $877E
  203           8698      B1_puzzle16Image                 = $8698
  204           8AAE      B2_puzzle26Name                  = $8AAE
  205           82A0      B2_puzzle6Image                  = $82A0
  206           85D1      B0_cameraName                    = $85D1
  207           E014      Game_Screens                     = $E014
  208           C2C8      InitPuzzlePointer                = $C2C8
  209           8AB4      B0_nowName                       = $8AB4
  210           C0F5      DoUpdateTitle                    = $C0F5
  211           87EE      B2_puzzle20                      = $87EE
  212           8722      B2_puzzle18                      = $8722
  213           CD2E      PuzzleScrollHori                 = $CD2E
  214           C2C0      InitBankPointer                  = $C2C0
  215           C376      UpdatePuzzlePointer              = $C376
  216           C0E5      GameLoopJumpTable                = $C0E5
  217           85E6      B2_puzzle14Name                  = $85E6
  218           8643      B0_EllieImage                    = $8643
  219           C510      PlayNoiseBlipSound               = $C510
  220           84BE      B1_puzzle12                      = $84BE
  221           D46B      LoadPauseScreen                  = $D46B
  222           A96C      bank0_square1                    = $A96C
  223           8A0A      B0_forName                       = $8A0A
  224           C31D      GetSpriteData                    = $C31D
  225           D1E9      DetectSprite0                    = $D1E9
  226           E006      NameTables                       = $E006
  227           84B4      B1_puzzle11Name                  = $84B4
  228           F47C      GameOver_Screen                  = $F47C
  229           D3F6      CreateOffsetFromIndex            = $D3F6
  230           C366      SetBankPointerFromIndex          = $C366
  231           8854      B2_puzzle21                      = $8854
  232           8788      B2_puzzle19                      = $8788
  233           8632      B2_puzzle15Image                 = $8632
  234           D2BF      LoadPRGBank                      = $D2BF
  235           818B      B1_puzzle3Name                   = $818B
  236           D2B4      SetMapperControls                = $D2B4
  237           83E9      B2_puzzle9Name                   = $83E9
  238           8524      B1_puzzle13                      = $8524
  239           89D0      B0_forImage                      = $89D0
  240           D831      sample0End                       = $D831
  241           8962      B1_puzzle23Image                 = $8962
  242           AB10      bank0_square2                    = $AB10
  243           808F      B0_a                             = $808F
  244           C311      GetSpriteDataIndexInX            = $C311
  245           D6FC      PuzzleImageSizes                 = $D6FC
  246           8042      B2_puzzle0Image                  = $8042
  247           88BA      B2_puzzle22                      = $88BA
  248           858A      B1_puzzle14                      = $858A
  249           897C      B2_puzzle23Name                  = $897C
  250           8460      B0_meat                          = $8460
  251           D797      ReadControllers                  = $D797
  252           CCA7      CheckAgainstSolution             = $CCA7
  253           A96C      bank2_square1                    = $A96C
  254           8126      B2_puzzle2Name                   = $8126
  255           D3D3      SubFromClueDrawAddress           = $D3D3
  256           CF45      FlashTime                        = $CF45
  257           8161      B0_lower_t                       = $8161
  258           C014      vblankwait1                      = $C014
  259           FC7C      Pause_Menu                       = $FC7C
  260           D3B0      ResetClueDrawAddress             = $D3B0
  261           8920      B2_puzzle23                      = $8920
  262           85F0      B1_puzzle15                      = $85F0
  263           D2A0      PalettesMemList                  = $D2A0
  264           CFC3      LoadGameModeBackground           = $CFC3
  265           A9D0      bank2_square2                    = $A9D0
  266           8580      B2_puzzle13Name                  = $8580
  267           8500      B2_puzzle12Image                 = $8500
  268           80A7      B1_puzzle1Image                  = $80A7
  269           8065      B0_c                             = $8065
  270           C043      vblankwait2                      = $C043
  271           C0EB      UpdateTitle                      = $C0EB
  272           8632      B1_puzzle15Image                 = $8632
  273           8042      B1_puzzle0Image                  = $8042
  274           FD2E      Title_Sprites                    = $FD2E
  275           E47C      Title_Second                     = $E47C
  276           8986      B2_puzzle24                      = $8986
  277           C019      clrmem                           = $C019
  278           8656      B1_puzzle16                      = $8656
  279           8027      B0_equal_signName                = $8027
  280           D424      ClearPuzzle                      = $D424
  281           897C      B1_puzzle23Name                  = $897C
  282           D0A9      LoadFullBackgroundFromTable      = $D0A9
  283           FD22      DefaultTimeString                = $FD22
  284           C000      RESET                            = $C000
  285           89C8      B2_puzzle24Image                 = $89C8
  286           8830      B2_puzzle20Image                 = $8830
  287           8764      B2_puzzle18Image                 = $8764
  288           CC5E      ExitPause                        = $CC5E
  289           D307      PopulateClues                    = $D307
  290           D1DD      ClearPPUString                   = $D1DD
  291           89EC      B2_puzzle25                      = $89EC
  292           8A94      B1_puzzle26Image                 = $8A94
  293           82A0      B1_puzzle6Image                  = $82A0
  294           D931      sample1End                       = $D931
  295           86BC      B1_puzzle17                      = $86BC
  296           843F      B0_ghostImage                    = $843F
  297           D235      InitPPUControl                   = $D235
  298           D297      FadeInPalettes                   = $D297
  299           D19C      WriteToPPUFromTable              = $D19C
  300           C550      DoUpdateGame                     = $C550
  301           844E      B2_puzzle10Name                  = $844E
  302           8000      B1_puzzle0                       = $8000
  303           AC07      bank2_noise                      = $AC07
  304           8916      B2_puzzle22Name                  = $8916
  305           85E6      B1_puzzle14Name                  = $85E6
  306           FD50      GameOver_Sprites                 = $FD50
  307           E01C      Title_Palette                    = $E01C
  308           8A52      B2_puzzle26                      = $8A52
  309           82BA      B1_puzzle6Name                   = $82BA
  310           D1F9      WaitScanline                     = $D1F9
  311           E00C      NameTables2                      = $E00C
  312           87EE      B1_puzzle20                      = $87EE
  313           8722      B1_puzzle18                      = $8722
  314           805A      B0_plus_signName                 = $805A
  315           D730      NMIUpdate                        = $D730
  316           D044      gameModeInitCHRROMA              = $D044
  317           E05C      GameOver_Palette                 = $E05C
  318           D70D      nmi_started                      = $D70D
  319           CF74      FlashColors                      = $CF74
  320           80E3      B0_f                             = $80E3
  321           D2CA      LoadCHRBankA                     = $D2CA
  322           C0DF      GameLoop                         = $C0DF
  323           8065      B1_puzzle1                       = $8065
  324           8000      B2_puzzle0                       = $8000
  325           C65A      UpdateDrawHoriClues              = $C65A
  326           C8A7      UpdateMoveScreen                 = $C8A7
  327           8854      B1_puzzle21                      = $8854
  328           8788      B1_puzzle19                      = $8788
  329           D041      gameModeInitCHRROMB              = $D041
  330           C08D      ValidateContinue                 = $C08D
  331           D708      NMI                              = $D708
  332           D6DB      ClearLineDefs                    = $D6DB
  333           86B2      B2_puzzle16Name                  = $86B2
  334           8500      B1_puzzle12Image                 = $8500
  335           CF76      ChangeGameMode                   = $CF76
  336           8255      B2_puzzle5Name                   = $8255
  337           8830      B1_puzzle20Image                 = $8830
  338           8764      B1_puzzle18Image                 = $8764
  339           8520      B0_sodaName                      = $8520
  340           80B6      B0_aName                         = $80B6
  341           D767      UpdateTitleNMI                   = $D767
  342           D2D5      LoadCHRBankB                     = $D2D5
  343           CD28      MouseMaximums                    = $CD28
  344           810C      B2_puzzle2Image                  = $810C
  345           80CA      B1_puzzle2                       = $80CA
  346           84C3      B0_soda                          = $84C3
  347           C6B4      UpdateGamePlay                   = $C6B4
  348           8065      B2_puzzle1                       = $8065
  349           C9BE      UpdateGameExit                   = $C9BE
  350           C1B8      UpdatePuzzleSelection            = $C1B8
  351           8684      B0_mushu                         = $8684
  352           C2E2      SetPointerPosition               = $C2E2
  353           D2B0      ResetMapper                      = $D2B0
  354           C3F5      UpdatePuzzleInfo                 = $C3F5
  355           88BA      B1_puzzle22                      = $88BA
  356           8AAE      B1_puzzle26Name                  = $8AAE
  357           8171      B1_puzzle3Image                  = $8171
  358           8261      B0_cherry                        = $8261
  359           8134      B0_oName                         = $8134
  360           812F      B1_puzzle3                       = $812F
  361           8506      B0_sodaImage                     = $8506
  362           836A      B2_puzzle8Image                  = $836A
  363           80CA      B2_puzzle2                       = $80CA
  364           CB9D      UpdatePauseJumpTable             = $CB9D
  365           8862      B0_houseImage                    = $8862
  366           82C5      B0_apple                         = $82C5
  367           823D      B0_chestnutImage                 = $823D
  368           AA3D      bank2_triFirstLoop               = $AA3D
  369           8920      B1_puzzle23                      = $8920
  370           C2D0      ResetMouseIndex                  = $C2D0
  371           8390      B0_egg_dog                       = $8390
  372           81FA      B0_chestnut                      = $81FA
  373           CB47      UpdateTimeDisplay                = $CB47
  374           8A48      B2_puzzle25Name                  = $8A48
  375           8718      B1_puzzle17Name                  = $8718
  376           83CF      B1_puzzle9Image                  = $83CF
  377           8194      B1_puzzle4                       = $8194
  378           812F      B2_puzzle3                       = $812F
  379           81F1      B0_perfumeName                   = $81F1
  380           8901      B0_theName                       = $8901
  381           C894      UpdateClearPuzzle                = $C894
  382           D6F9      PuzzleSizes                      = $D6F9
  383           8986      B1_puzzle24                      = $8986
  384           D750      StateNMIUpdate                   = $D750
  385           C324      UpdateBankPointer                = $C324
  386           83E9      B1_puzzle9Name                   = $83E9
  387           C107      UpdateTitleInit                  = $C107
  388           D360      WriteClueByteToPPUString         = $D360
  389           D1C9      WriteToPPUString                 = $D1C9
  390           81F9      B1_puzzle5                       = $81F9
  391           8194      B2_puzzle4                       = $8194
  392           83F9      B0_ghost                         = $83F9
  393           D76D      ReadControllersSafe              = $D76D
  394           A943      bank1_header                     = $A943
  395           844E      B1_puzzle10Name                  = $844E
  396           E87C      Game_5                           = $E87C
  397           D76B      UpdateGameNMI                    = $D76B
  398           89EC      B1_puzzle25                      = $89EC
  399           823B      B2_puzzle5Image                  = $823B
  400           812C      B0_oImage                        = $812C
  401           C56A      UpdateGameInit                   = $C56A
  402           D2F1      ResetBanks                       = $D2F1
  403           88B0      B2_puzzle21Name                  = $88B0
  404           87E4      B2_puzzle19Name                  = $87E4
  405           8384      B2_puzzle8Name                   = $8384
  406           825E      B1_puzzle6                       = $825E
  407           8126      B1_puzzle2Name                   = $8126
  408           D223      UpdatePPUControl                 = $D223
  409           D4B2      ClearPauseScreen                 = $D4B2
  410           81F9      B2_puzzle5                       = $81F9
  411           8180      B0_lower_tImage                  = $8180
  412           FD20      SelectDefaultTime                = $FD20
  413           AC20      bank2_dpcm                       = $AC20
  414           85CC      B2_puzzle14Image                 = $85CC
  415           85CC      B1_puzzle14Image                 = $85CC
  416           8A52      B1_puzzle26                      = $8A52
  417           8459      B0_ghostName                     = $8459
  418           FD47      Game_Sprites                     = $FD47
  419           C219      UpdateScrollBack                 = $C219
  420           894B      B0_endImage                      = $894B
  421           82C3      B1_puzzle7                       = $82C3
  422           815E      B0_rName                         = $815E
  423           86FE      B2_puzzle17Image                 = $86FE
  424           825E      B2_puzzle6                       = $825E
  425           CEB6      DrawClearText                    = $CEB6
  426           851A      B2_puzzle12Name                  = $851A
  427           80C1      B2_puzzle1Name                   = $80C1
  428           E03C      Game_Palette                     = $E03C
  429           88FC      B1_puzzle22Image                 = $88FC
  430           C148      UpdateBankSelection              = $C148
  431           FCFD      PuzzleSavedLines                 = $FCFD
  432           8384      B1_puzzle8Name                   = $8384
  433           8328      B1_puzzle8                       = $8328
  434           82C3      B2_puzzle7                       = $82C3
  435           836B      B0_star_shipImage                = $836B
  436           8916      B1_puzzle22Name                  = $8916
  437           D65D      DrawTitle                        = $D65D
  438           C238      UpdateTitleExit                  = $C238
  439           8321      B0_appleName                     = $8321
  440           AC13      bank2_dpcmMainLoop               = $AC13
#[2]   Defines/Defines.asm
   30                       
#[1]   SoundEnginePreComp.asm
    3           A0D8              .org $A0D8
#[2]   External/sound_Engine.asm
    4                             .include "External/sound_Engine.asm"
    1  00:A0D8            sound_init:
    2  00:A0D8  A9 1F         lda #$1F
    3  00:A0DA  8D 15 40      sta $4015   ;enable Square 1, Square 2, Triangle and Noise channels
    4                         
    5  00:A0DD  A9 00         lda #$00
    6  00:A0DF  8D 00 03      sta sound_disable_flag  ;clear disable flag
    7                         ;later, if we have other variables we want to initialize, we will do that here.
    8  00:A0E2  A9 FF         lda #$FF
    9  00:A0E4  8D 03 03      sta sound_sq1_old   ;initializing these to $FF ensures that the first notes of the first song isn't skipped
   10  00:A0E7  8D 04 03      sta sound_sq2_old
   11  00:A0EA            se_silence:
   12  00:A0EA  A9 30         lda #$30
   13  00:A0EC  8D 05 03      sta soft_apu_ports      ;set Square 1 volume to 0
   14  00:A0EF  8D 09 03      sta soft_apu_ports+4    ;set Square 2 volume to 0
   15  00:A0F2  8D 11 03      sta soft_apu_ports+12   ;set Noise volume to 0
   16  00:A0F5  A9 80         lda #$80
   17  00:A0F7  8D 0D 03      sta soft_apu_ports+8     ;silence Triangle
   18  00:A0FA  A9 00             lda #$00
   19  00:A0FC  8D 16 03          sta soft_apu_ports+17    ;silence DPMC
   20                     
   21  00:A0FF  60            rts
   22                         
   23  00:A100            sound_disable:
   24  00:A100  A9 00         lda #$00
   25  00:A102  8D 15 40      sta $4015   ;disable all channels
   26  00:A105  A9 01         lda #$01
   27  00:A107  8D 00 03      sta sound_disable_flag  ;set disable flag
   28  00:A10A  60            rts
   29                         
   30                     ;-------------------------------------
   31                     ; load_sound will prepare the sound engine to play a song or sfx.
   32                     ;   input:
   33                     ;       A: song/sfx number to play
   34  00:A10B            sound_load:
   35  00:A10B  8D 01 03      sta sound_temp1         ;save song number
   36  00:A10E  0A            asl a                   ;multiply by 2.  We are indexing into a table of pointers (words)
   37  00:A10F  A8            tay
   38  00:A110  B9 D2 A4      lda song_headers, y     ;setup the pointer to our song header
   39  00:A113  8D D2 00      sta sound_ptr
   40  00:A116  B9 D3 A4      lda song_headers+1, y
   41  00:A119  8D D3 00      sta sound_ptr+1
   42                         
   43  00:A11C  A0 00         ldy #$00
   44  00:A11E  B1 D2         lda [sound_ptr], y      ;read the first byte: # streams
   45  00:A120  8D 02 03      sta sound_temp2         ;store in a temp variable.  We will use this as a loop counter: how many streams to read stream headers for
   46  00:A123  C8            iny
   47  00:A124            .loop:
   48  00:A124  B1 D2         lda [sound_ptr], y      ;stream number
   49  00:A126  AA            tax                     ;stream number acts as our variable index
   50  00:A127  C8            iny
   51                         
   52  00:A128  B1 D2         lda [sound_ptr], y      ;status byte.  1= enable, 0=disable
   53  00:A12A  9D 21 03      sta stream_status, x
   54  00:A12D  F0 49         beq .next_stream        ;if status byte is 0, stream disabled, so we are done
   55  00:A12F  C8            iny
   56                         
   57  00:A130  B1 D2         lda [sound_ptr], y      ;channel number
   58  00:A132  9D 29 03      sta stream_channel, x
   59  00:A135  C8            iny
   60                         
   61  00:A136  B1 D2         lda [sound_ptr], y      ;initial duty and volume settings
   62  00:A138  9D 51 03      sta stream_vol_duty, x
   63  00:A13B  C8            iny
   64                         
   65  00:A13C  B1 D2         lda [sound_ptr], y
   66  00:A13E  9D 41 03      sta stream_ve, x
   67  00:A141  C8            iny
   68                             
   69                             ;temp solution
   70  00:A142  A9 00             lda #pe_none
   71  00:A144  9D 9F 03          sta stream_pe, x
   72                             
   73                             ;temp solution
   74  00:A147  A9 00             lda #arp_none
   75  00:A149  9D BF 03          sta stream_arp, x
   76                         
   77  00:A14C  B1 D2         lda [sound_ptr], y      ;pointer to stream data.  Little endian, so low byte first
   78  00:A14E  9D 31 03      sta stream_ptr_LO, x
   79  00:A151  C8            iny
   80                         
   81  00:A152  B1 D2         lda [sound_ptr], y
   82  00:A154  9D 39 03      sta stream_ptr_HI, x
   83  00:A157  C8            iny
   84                         
   85  00:A158  B1 D2         lda [sound_ptr], y
   86  00:A15A  9D 71 03      sta stream_tempo, x
   87                         
   88  00:A15D  A9 A0         lda #$A0
   89  00:A15F  9D 79 03      sta stream_ticker_total, x
   90                         
   91  00:A162  A9 01         lda #$01
   92  00:A164  9D 81 03      sta stream_note_length_counter,x
   93                         
   94  00:A167  A9 00         lda #$00
   95  00:A169  9D 49 03      sta stream_ve_index, x
   96  00:A16C  9D A7 03          sta stream_pe_index, x
   97  00:A16F  9D C7 03          sta stream_arp_index, x
   98  00:A172  9D 91 03      sta stream_loop1, x
   99  00:A175  9D 99 03      sta stream_note_offset, x
  100  00:A178            .next_stream:
  101  00:A178  C8            iny
  102                         
  103  00:A179  AD 01 03      lda sound_temp1         ;song number
  104  00:A17C  9D 19 03      sta stream_curr_sound, x
  105                         
  106  00:A17F  CE 02 03      dec sound_temp2         ;our loop counter
  107  00:A182  D0 A0         bne .loop
  108  00:A184  60            rts
  109                     
  110                     ;--------------------------
  111                     ; sound_play_frame advances the sound engine by one frame
  112  00:A185            sound_play_frame:
  113  00:A185  AD 00 03      lda sound_disable_flag
  114  00:A188  D0 31         bne .done   ;if disable flag is set, don't advance a frame
  115                     
  116  00:A18A  20 EA A0      jsr se_silence  ;silence all channels.  se_set_apu will set volume later for all channels that are enabled.
  117                                         ;the purpose of this subroutine call is to silence channels that aren't used by any streams.
  118  00:A18D  A2 00         ldx #$00
  119  00:A18F            .loop:
  120  00:A18F  BD 21 03      lda stream_status, x
  121  00:A192  29 01         and #$01    ;check whether the stream is active
  122  00:A194  F0 1D         beq .endloop  ;if the stream isn't active, skip it
  123                         
  124                         ;add the tempo to the ticker total.  If there is a FF-> 0 transition, there is a tick
  125  00:A196  BD 79 03      lda stream_ticker_total, x
  126  00:A199  18            clc
  127  00:A19A  7D 71 03      adc stream_tempo, x
  128  00:A19D  9D 79 03      sta stream_ticker_total, x
  129  00:A1A0  90 0E         bcc .set_buffer    ;carry clear = no tick.  if no tick, we are done with this stream
  130                         
  131  00:A1A2  DE 81 03      dec stream_note_length_counter, x   ;else there is a tick. decrement the note length counter
  132  00:A1A5  D0 09         bne .set_buffer    ;if counter is non-zero, our note isn't finished playing yet
  133  00:A1A7  BD 89 03      lda stream_note_length, x   ;else our note is finished. reload the note length counter
  134  00:A1AA  9D 81 03      sta stream_note_length_counter, x
  135                         
  136  00:A1AD  20 BC A1      jsr se_fetch_byte   ;read the next byte from the data stream
  137                         
  138  00:A1B0            .set_buffer:
  139  00:A1B0  20 D1 A2      jsr se_set_temp_ports   ;copy the current stream's sound data for the current frame into our temporary APU vars (soft_apu_ports)
  140  00:A1B3            .endloop:
  141  00:A1B3  E8            inx
  142  00:A1B4  E0 08         cpx #$08
  143  00:A1B6  D0 D7         bne .loop
  144  00:A1B8  20 6D A4      jsr se_set_apu      ;copy the temporary APU variables (soft_apu_ports) to the real APU ports ($4000, $4001, etc)
  145  00:A1BB            .done:
  146  00:A1BB  60            rts
  147                     
  148                     ;--------------------------
  149                     ; se_fetch_byte reads one byte from a sound data stream and handles it
  150                     ;   input: 
  151                     ;       X: stream number    
  152  00:A1BC            se_fetch_byte:
  153  00:A1BC  BD 31 03      lda stream_ptr_LO, x
  154  00:A1BF  8D D2 00      sta sound_ptr
  155  00:A1C2  BD 39 03      lda stream_ptr_HI, x
  156  00:A1C5  8D D3 00      sta sound_ptr+1
  157                         
  158  00:A1C8  A0 00         ldy #$00
  159  00:A1CA            .fetch:
  160  00:A1CA  B1 D2         lda [sound_ptr], y
  161  00:A1CC  10 26         bpl .note                ;if < #$80, it's a Note
  162  00:A1CE  C9 A0         cmp #$A0
  163  00:A1D0  90 0C         bcc .note_length         ;else if < #$A0, it's a Note Length
  164  00:A1D2            .opcode:                     ;else it's an opcode
  165                         ;do Opcode stuff
  166  00:A1D2  20 B6 A2      jsr se_opcode_launcher
  167  00:A1D5  C8            iny                      ;next position in the data stream
  168  00:A1D6  BD 21 03      lda stream_status, x
  169  00:A1D9  29 01         and #%00000001
  170  00:A1DB  D0 ED         bne .fetch               ;after our opcode is done, grab another byte unless the stream is disabled
  171  00:A1DD  60            rts                      ; in which case we quit  (explained below)
  172  00:A1DE            .note_length:
  173                         ;do note length stuff
  174  00:A1DE  29 7F         and #%01111111          ;chop off bit7
  175  00:A1E0  8C 01 03      sty sound_temp1         ;save Y because we are about to destroy it
  176  00:A1E3  A8            tay
  177  00:A1E4  B9 28 A7      lda note_length_table, y    ;get the note length count value
  178  00:A1E7  9D 89 03      sta stream_note_length, x
  179  00:A1EA  9D 81 03      sta stream_note_length_counter, x   ;stick it in our note length counter
  180  00:A1ED  AC 01 03      ldy sound_temp1         ;restore Y
  181  00:A1F0  C8            iny                     ;set index to next byte in the stream
  182  00:A1F1  4C CA A1      jmp .fetch              ;fetch another byte
  183  00:A1F4            .note:
  184                         ;do Note stuff
  185  00:A1F4  8D 02 03      sta sound_temp2
  186  00:A1F7  BD 29 03      lda stream_channel, x
  187  00:A1FA  C9 03         cmp #NOISE
  188  00:A1FC  D0 06         bne .not_noise
  189  00:A1FE  20 4C A2      jsr se_do_noise
  190  00:A201  4C 2F A2      jmp .reset_ve
  191  00:A204            .not_noise:
  192  00:A204  C9 04             cmp #DPMC
  193  00:A206  90 06             bcc .not_dpmc
  194  00:A208  20 62 A2          jsr se_do_dpmc
  195  00:A20B  4C 2F A2          jmp .reset_ve
  196  00:A20E            .not_dpmc:
  197  00:A20E  AD 02 03      lda sound_temp2
  198  00:A211  8C 01 03      sty sound_temp1     ;save our index into the data stream
  199  00:A214  18            clc
  200  00:A215  7D 99 03      adc stream_note_offset, x   ;add note offset
  201  00:A218  0A            asl a
  202  00:A219  A8            tay
  203  00:A21A  9D 59 03          sta stream_note_idx, x
  204  00:A21D  B9 6A A6      lda note_table, y
  205  00:A220  9D 61 03      sta stream_note_LO, x
  206  00:A223  B9 6B A6      lda note_table+1, y
  207  00:A226  9D 69 03      sta stream_note_HI, x
  208  00:A229  AC 01 03      ldy sound_temp1     ;restore data stream index
  209                         
  210                         ;check if it's a rest and modify the status flag appropriately
  211                     
  212  00:A22C  20 A0 A2      jsr se_check_rest
  213  00:A22F            .reset_ve:    
  214  00:A22F  A9 00         lda #$00
  215  00:A231  9D 49 03      sta stream_ve_index, x  
  216  00:A234  9D A7 03          sta stream_pe_index, x
  217  00:A237  9D B7 03          sta stream_pe_delay, x
  218  00:A23A  9D C7 03          sta stream_arp_index,x
  219  00:A23D            .update_pointer:
  220  00:A23D  C8            iny
  221  00:A23E  98            tya
  222  00:A23F  18            clc
  223  00:A240  7D 31 03      adc stream_ptr_LO, x
  224  00:A243  9D 31 03      sta stream_ptr_LO, x
  225  00:A246  90 03         bcc .end
  226  00:A248  FE 39 03      inc stream_ptr_HI, x
  227  00:A24B            .end:
  228  00:A24B  60            rts
  229                     
  230  00:A24C            se_do_noise:
  231  00:A24C  AD 02 03      lda sound_temp2
  232  00:A24F  29 10         and #%00010000
  233  00:A251  F0 08         beq .mode0
  234  00:A253  AD 02 03      lda sound_temp2
  235  00:A256  09 80         ora #%10000000      ;set bit 7 to set mode1
  236  00:A258  8D 02 03      sta sound_temp2
  237  00:A25B            .mode0:
  238  00:A25B  AD 02 03      lda sound_temp2
  239  00:A25E  9D 61 03      sta stream_note_LO, x
  240  00:A261  60            rts
  241                             
  242  00:A262            se_do_dpmc:
  243  00:A262  8A                TXA
  244  00:A263  48                PHA
  245                             
  246  00:A264  AD 15 40          lda $4015
  247  00:A267  29 0F             AND #$0F
  248  00:A269  8D 15 40          sta $4015 ;DPCM disable
  249                             
  250  00:A26C  AD 02 03          lda sound_temp2         ;load up sample index- we can cram in the pitch and keep ourselves to 6 samples (7 will be rest)
  251  00:A26F  C9 70             CMP #$70
  252  00:A271  B0 2A             BCS .leave
  253                     
  254  00:A273  29 0F             AND #$0F
  255  00:A275  8D 10 40          sta $4010 ;pitch
  256  00:A278  A9 7F             LDA #$7F
  257  00:A27A  8D 11 40          sta $4011 ;temp = starting sample level
  258  00:A27D  AD 02 03          lda sound_temp2
  259  00:A280  29 F0             AND #$F0
  260  00:A282  4A                LSR A
  261  00:A283  4A                LSR A
  262  00:A284  4A                LSR A
  263  00:A285  4A                LSR A
  264  00:A286  AA                TAX
  265  00:A287  BD 31 D9          lda SampleStart,x
  266  00:A28A  8D 12 40          sta $4012 ;X = sample number
  267  00:A28D  BD 33 D9          lda SampleLength,x
  268  00:A290  8D 13 40          sta $4013
  269                             
  270  00:A293  AD 15 40          lda $4015
  271  00:A296  29 0F             AND #$0F
  272  00:A298  09 10             ORA #$10
  273  00:A29A  8D 15 40          STA $4015
  274  00:A29D            .leave:
  275  00:A29D  68                PLA
  276  00:A29E  AA                TAX
  277                     
  278  00:A29F  60                rts
  279                             
  280                     ;--------------------------------------------------
  281                     ; se_check_rest will read a byte from the data stream and
  282                     ;       determine if it is a rest or not.  It will set or clear the current
  283                     ;       stream's rest flag accordingly.
  284                     ;       input:
  285                     ;           X: stream number
  286                     ;           Y: data stream index
  287  00:A2A0            se_check_rest:
  288  00:A2A0  B1 D2         lda [sound_ptr], y  ;read the note byte again
  289  00:A2A2  C9 5E         cmp #rest
  290  00:A2A4  D0 07         bne .not_rest
  291  00:A2A6  BD 21 03      lda stream_status, x
  292  00:A2A9  09 02         ora #%00000010  ;set the rest bit in the status byte
  293  00:A2AB  D0 05         bne .store  ;this will always branch.  bne is cheaper than a jmp.
  294  00:A2AD            .not_rest:
  295  00:A2AD  BD 21 03      lda stream_status, x
  296  00:A2B0  29 FD         and #%11111101  ;clear the rest bit in the status byte
  297  00:A2B2            .store:
  298  00:A2B2  9D 21 03      sta stream_status, x
  299  00:A2B5  60            rts
  300                         
  301                     ;-----------------------------------------
  302                     ; se_opcode_launcher will read an address from the opcode jump table and indirect jump there.
  303                     ;    input: A: opcode byte
  304                     ;               Y: data stream position
  305                     ;               X: stream number
  306  00:A2B6            se_opcode_launcher:
  307  00:A2B6  8C 01 03      sty sound_temp1         ;save y register, because we are about to destroy it
  308  00:A2B9  38            sec
  309  00:A2BA  E9 A0         sbc #$A0                ;turn our opcode byte into a table index by subtracting $A0
  310  00:A2BC  0A            asl a                   ;multiply by 2 because we index into a table of addresses (words)
  311  00:A2BD  A8            tay
  312  00:A2BE  B9 B7 A5      lda sound_opcodes, y    ;get low byte of subroutine address
  313  00:A2C1  8D D4 00      sta sound_ptr2
  314  00:A2C4  B9 B8 A5      lda sound_opcodes+1, y  ;get high byte
  315  00:A2C7  8D D5 00      sta sound_ptr2+1
  316  00:A2CA  AC 01 03      ldy sound_temp1         ;restore our y register
  317  00:A2CD  C8            iny                     ;set to next position in data stream (assume an argument)
  318  00:A2CE  6C D4 00      jmp [sound_ptr2]           ;indirect jump to our opcode subroutine    
  319                         
  320                     ;----------------------------------------------------
  321                     ; se_set_temp_ports will copy a stream's sound data to the temporary apu variables
  322                     ;      input:
  323                     ;           X: stream number
  324  00:A2D1            se_set_temp_ports:
  325                     
  326  00:A2D1  E0 06             cpx #MUSIC_DPMC
  327  00:A2D3  90 01             bcc .contTempPorts
  328  00:A2D5  60                rts
  329  00:A2D6            .contTempPorts:
  330  00:A2D6  BD 29 03      lda stream_channel, x
  331  00:A2D9  0A            asl a
  332  00:A2DA  0A            asl a
  333  00:A2DB  A8            tay
  334                         
  335  00:A2DC  20 FF A2      jsr se_set_stream_volume
  336                             
  337                         
  338  00:A2DF  A9 08         lda #$08
  339  00:A2E1  99 06 03      sta soft_apu_ports+1, y     ;sweep
  340                         
  341                             
  342  00:A2E4  BD BF 03          LDA stream_arp, x
  343  00:A2E7  F0 06             BEQ .updatePitch
  344                             
  345  00:A2E9  20 5B A3          JSR se_set_stream_arpeggio
  346  00:A2EC  4C FE A2          JMP .leaveTempSet
  347                             
  348  00:A2EF            .updatePitch:
  349  00:A2EF  BD 61 03      lda stream_note_LO, x
  350  00:A2F2  99 07 03      sta soft_apu_ports+2, y     ;period LO
  351                         
  352  00:A2F5  BD 69 03      lda stream_note_HI, x
  353  00:A2F8  99 08 03      sta soft_apu_ports+3, y     ;period HI
  354                             
  355                     
  356  00:A2FB  20 B5 A3          jsr se_set_stream_pitch
  357                     
  358  00:A2FE            .leaveTempSet:
  359  00:A2FE  60            rts    
  360                     
  361                     ;----------------------------------
  362                     ;    
  363  00:A2FF            se_set_stream_volume:
  364                             
  365  00:A2FF  8C 01 03      sty sound_temp1             ;save our index into soft_apu_ports (we are about to destroy y)
  366                         
  367  00:A302  BD 41 03      lda stream_ve, x            ;which volume envelope?
  368  00:A305  0A            asl a                       ;multiply by 2 because we are indexing into a table of addresses (words)
  369  00:A306  A8            tay
  370  00:A307  B9 44 A7      lda volume_envelopes, y     ;get the low byte of the address from the pointer table
  371  00:A30A  8D D2 00      sta sound_ptr               ;put it into our pointer variable
  372  00:A30D  B9 45 A7      lda volume_envelopes+1, y   ;get the high byte of the address
  373  00:A310  8D D3 00      sta sound_ptr+1
  374                         
  375  00:A313            .read_ve:
  376  00:A313  BC 49 03      ldy stream_ve_index, x      ;our current position within the volume envelope.
  377  00:A316  B1 D2         lda [sound_ptr], y          ;grab the value.
  378  00:A318  C9 FF         cmp #$FF
  379  00:A31A  D0 06         bne .set_vol                ;if not FF, set the volume
  380  00:A31C  DE 49 03      dec stream_ve_index, x      ;else if FF, go back one and read again
  381  00:A31F  4C 13 A3      jmp .read_ve                ;  FF essentially tells us to repeat the last
  382                                                     ;  volume value for the remainder of the note
  383  00:A322            .set_vol:
  384  00:A322  8D 02 03      sta sound_temp2             ;save our new volume value (about to destroy A)
  385                         
  386  00:A325  E0 02         cpx #TRIANGLE               
  387  00:A327  D0 09         bne .squares                ;if not triangle channel, go ahead
  388  00:A329  AD 02 03      lda sound_temp2
  389  00:A32C  D0 04         bne .squares                ;else if volume not zero, go ahead (treat same as squares)
  390  00:A32E  A9 80         lda #$80
  391  00:A330  30 08         bmi .store_vol              ;else silence the channel with #$80
  392  00:A332            .squares:
  393  00:A332  BD 51 03      lda stream_vol_duty, x      ;get current vol/duty settings
  394  00:A335  29 F0         and #$F0                    ;zero out the old volume
  395  00:A337  0D 02 03      ora sound_temp2             ;OR our new volume in.
  396                     
  397  00:A33A            .store_vol:
  398  00:A33A  AC 01 03      ldy sound_temp1             ;get our index into soft_apu_ports
  399  00:A33D  99 05 03      sta soft_apu_ports, y       ;store the volume in our temp port
  400  00:A340  FE 49 03      inc stream_ve_index, x      ;set our volume envelop index to the next position
  401                     
  402  00:A343            .rest_check:
  403                         ;check the rest flag. if set, overwrite volume with silence value 
  404  00:A343  BD 21 03      lda stream_status, x
  405  00:A346  29 02         and #%00000010
  406  00:A348  F0 10         beq .done                   ;if clear, no rest, so quit
  407  00:A34A  BD 29 03      lda stream_channel, x
  408  00:A34D  C9 02         cmp #TRIANGLE               ;if triangle, silence with #$80
  409  00:A34F  F0 04         beq .tri                    ;else, silence with #$30
  410  00:A351  A9 30         lda #$30        
  411  00:A353  D0 02         bne .store                  ;this always branches.  bne is cheaper than a jmp
  412  00:A355            .tri:
  413  00:A355  A9 80         lda #$80
  414  00:A357            .store:    
  415  00:A357  99 05 03      sta soft_apu_ports, y
  416  00:A35A            .done:
  417  00:A35A  60            rts   
  418                             
  419                     ;---------------------------------------
  420                     ;
  421  00:A35B            se_set_stream_arpeggio:
  422                         
  423  00:A35B  BD 21 03          lda stream_status, x
  424  00:A35E  29 02         and #%00000010
  425  00:A360  F0 01             beq .continue
  426  00:A362  60                rts
  427                             
  428  00:A363            .continue:
  429  00:A363  8C 01 03      sty sound_temp1             ;save our index into soft_apu_ports (we are about to destroy y)
  430                         
  431  00:A366  BD BF 03      lda stream_arp, x            ;which volume envelope?
  432  00:A369  0A            asl a                       ;multiply by 2 because we are indexing into a table of addresses (words)
  433  00:A36A  A8            tay
  434  00:A36B  B9 EF A8      lda arpeggios, y     ;get the low byte of the address from the pointer table
  435  00:A36E  8D D2 00      sta sound_ptr               ;put it into our pointer variable
  436  00:A371  B9 F0 A8      lda arpeggios+1, y   ;get the high byte of the address
  437  00:A374  8D D3 00      sta sound_ptr+1
  438                         
  439  00:A377            .read_arp:
  440  00:A377  BC C7 03      ldy stream_arp_index, x      ;our current position within the volume envelope.
  441  00:A37A  B1 D2         lda [sound_ptr], y          ;grab the value.
  442  00:A37C  C9 FF         cmp #$FF
  443  00:A37E  D0 08         bne .set_arp                ;if not FF, set the volume
  444  00:A380  A9 00             LDA #$00
  445  00:A382  9D C7 03      STA stream_arp_index, x      ;else if FF, go back one and read again
  446  00:A385  4C 77 A3      jmp .read_arp                ;  FF essentially tells us to repeat the last
  447                                                     ;  volume value for the remainder of the note
  448  00:A388            .set_arp:
  449  00:A388  8D 02 03      STA sound_temp2             ;save our new volume value (about to destroy A)
  450  00:A38B  BD 59 03          LDA stream_note_idx, x          ;note indexes are premultiplied, un mult for an easier add
  451  00:A38E  4A                LSR A                           
  452  00:A38F  18                CLC
  453  00:A390  6D 02 03          ADC sound_temp2
  454  00:A393  8D 02 03          STA sound_temp2
  455                             
  456                             
  457  00:A396  AC 01 03          LDY sound_temp1
  458  00:A399  8E 01 03          STX sound_temp1
  459  00:A39C  0A                ASL A
  460  00:A39D  AA                TAX 
  461                     
  462  00:A39E  BD 6A A6          LDA note_table, x
  463  00:A3A1  99 07 03          STA soft_apu_ports+2, y
  464  00:A3A4  BD 6B A6          LDA note_table+1, x
  465  00:A3A7  99 08 03          STA soft_apu_ports+3, y
  466                             
  467  00:A3AA  AE 01 03          LDX sound_temp1
  468                             
  469  00:A3AD  FE C7 03      inc stream_arp_index, x      ;set our volume envelop index to the next position
  470                             
  471  00:A3B0  98                TYA
  472  00:A3B1  8D 01 03          STA sound_temp1
  473                     
  474  00:A3B4  60            rts 
  475                     ;--------------------------------------
  476                     ;
  477  00:A3B5            se_set_stream_pitch:
  478  00:A3B5  8C 01 03      sty sound_temp1             ;save our index into soft_apu_ports (we are about to destroy y)
  479                         
  480  00:A3B8  BD 9F 03      lda stream_pe, x            ;which volume envelope?
  481  00:A3BB  0A            asl a                       ;multiply by 2 because we are indexing into a table of addresses (words)
  482  00:A3BC  A8            tay
  483  00:A3BD  B9 AB A8      lda pitch_envelopes, y     ;get the low byte of the address from the pointer table
  484  00:A3C0  8D D2 00      sta sound_ptr               ;put it into our pointer variable
  485  00:A3C3  B9 AC A8      lda pitch_envelopes+1, y   ;get the high byte of the address
  486  00:A3C6  8D D3 00      sta sound_ptr+1
  487                             
  488  00:A3C9  BD B7 03          LDA stream_pe_delay, x
  489                             ;if not 0, decrement
  490  00:A3CC  29 7F             AND #$7F                        ;check if, without minus flag, the delay is 0
  491  00:A3CE  F0 04             BEQ .read_pe
  492  00:A3D0  DE B7 03          DEC stream_pe_delay, x
  493  00:A3D3  60                RTS
  494                         
  495  00:A3D4            .read_pe:
  496  00:A3D4  BC A7 03      ldy stream_pe_index, x      ;our current position within the volume envelope.
  497  00:A3D7  B1 D2         lda [sound_ptr], y          ;grab the value.
  498  00:A3D9  C9 80         cmp #pe_loopLast
  499  00:A3DB  D0 06             BNE .notLoopLast
  500  00:A3DD  DE A7 03          dec stream_pe_index, x      ;else if loop last, go back one and read again
  501  00:A3E0  4C D4 A3          jmp .read_pe 
  502                     
  503  00:A3E3            .notLoopLast:
  504  00:A3E3  C9 81             cmp #pe_loopAll
  505  00:A3E5  D0 08             BNE .notLoopAll
  506  00:A3E7  A9 00             LDA #$00
  507  00:A3E9  9D A7 03          STA stream_pe_index, x
  508  00:A3EC  4C D4 A3          jmp .read_pe
  509                             
  510  00:A3EF            .notLoopAll:
  511  00:A3EF  C9 82             cmp #pe_loopPart
  512  00:A3F1  D0 0D             BNE .notLoopPart
  513  00:A3F3  C8                iny
  514  00:A3F4  BD A7 03          lda stream_pe_index, x
  515  00:A3F7  38                SEC
  516  00:A3F8  F1 D2             SBC [sound_ptr], y
  517  00:A3FA  9D A7 03          STA stream_pe_index, x
  518  00:A3FD  4C D4 A3          jmp .read_pe
  519                     
  520  00:A400            .notLoopPart:
  521  00:A400  C9 83             cmp #pe_delay
  522  00:A402  D0 1C             BNE .notLoopDelay
  523  00:A404  BD B7 03          LDA stream_pe_delay, x
  524  00:A407  30 0E             BMI .delayUsed  ;negative, delay was already used this time
  525  00:A409  C8                iny
  526  00:A40A  B1 D2             lda [sound_ptr], y
  527  00:A40C  09 80             ORA #$80
  528  00:A40E  9D B7 03          STA stream_pe_delay, x
  529  00:A411  FE A7 03          inc stream_pe_index, x
  530  00:A414  4C 5D A4          jmp .finish_pitchShift
  531  00:A417            .delayUsed:
  532  00:A417  FE A7 03          inc stream_pe_index, x
  533  00:A41A  FE A7 03          inc stream_pe_index, x
  534  00:A41D  4C D4 A3          jmp .read_pe
  535                             
  536  00:A420            .notLoopDelay:
  537  00:A420            .set_pitch:
  538                     
  539  00:A420  9D AF 03      sta stream_pe_offset, x      ;get current vol/duty settings
  540  00:A423  8D 02 03          STA sound_temp2
  541  00:A426  AC 01 03          LDY sound_temp1
  542  00:A429  AD 02 03          LDA sound_temp2
  543  00:A42C  10 1D             BPL .add_pitch
  544                             
  545  00:A42E            .sub_pitch:
  546                             
  547  00:A42E  49 FF             EOR #$FF        ;flip bits
  548  00:A430  18                CLC
  549  00:A431  69 01             ADC #$01        ;add one - two's compliment
  550  00:A433  8D 02 03          STA sound_temp2
  551                             
  552  00:A436  B9 07 03          LDA soft_apu_ports+2, y       
  553  00:A439  38                SEC
  554  00:A43A  ED 02 03          SBC sound_temp2
  555  00:A43D  99 07 03          STA soft_apu_ports+2, y
  556  00:A440  B9 08 03          LDA soft_apu_ports+3, y
  557  00:A443  E9 00             SBC #$00
  558  00:A445  99 08 03          STA soft_apu_ports+3, y
  559                             
  560  00:A448  4C 5D A4          JMP .finish_pitchShift
  561                     
  562  00:A44B            .add_pitch:
  563                     
  564  00:A44B  B9 07 03      LDA soft_apu_ports+2, y       
  565  00:A44E  18                CLC
  566  00:A44F  6D 02 03          ADC sound_temp2
  567  00:A452  99 07 03          STA soft_apu_ports+2, y
  568  00:A455  B9 08 03          LDA soft_apu_ports+3, y
  569  00:A458  69 00             ADC #$00
  570  00:A45A  99 08 03          STA soft_apu_ports+3, y
  571                             
  572  00:A45D            .finish_pitchShift:
  573  00:A45D  FE A7 03      inc stream_pe_index, x      ;set our volume envelop index to the next position
  574                     
  575  00:A460            .rest_check:
  576                         ;check the rest flag. if set, overwrite volume with silence value 
  577  00:A460  BD 21 03      lda stream_status, x
  578  00:A463  29 02         and #%00000010
  579  00:A465  F0 05         beq .done                   ;if clear, no rest, so quit
  580                        
  581  00:A467  A9 00         LDA #$00
  582  00:A469  9D AF 03          STA stream_pe_offset, x
  583  00:A46C            .done:
  584  00:A46C  60            rts    
  585                     
  586                     ;--------------------------
  587                     ; se_set_apu copies the temporary RAM ports to the APU ports
  588  00:A46D            se_set_apu:
  589  00:A46D            .square1:
  590  00:A46D  AD 05 03      lda soft_apu_ports+0
  591  00:A470  8D 00 40      sta $4000
  592  00:A473  AD 06 03      lda soft_apu_ports+1
  593  00:A476  8D 01 40      sta $4001
  594  00:A479  AD 07 03      lda soft_apu_ports+2
  595  00:A47C  8D 02 40      sta $4002
  596  00:A47F  AD 08 03      lda soft_apu_ports+3
  597  00:A482  CD 03 03      cmp sound_sq1_old       ;compare to last write
  598  00:A485  F0 06         beq .square2            ;don't write this frame if they were equal
  599  00:A487  8D 03 40      sta $4003
  600  00:A48A  8D 03 03      sta sound_sq1_old       ;save the value we just wrote to $4003
  601  00:A48D            .square2:
  602  00:A48D  AD 09 03      lda soft_apu_ports+4
  603  00:A490  8D 04 40      sta $4004
  604  00:A493  AD 0A 03      lda soft_apu_ports+5
  605  00:A496  8D 05 40      sta $4005
  606  00:A499  AD 0B 03      lda soft_apu_ports+6
  607  00:A49C  8D 06 40      sta $4006
  608  00:A49F  AD 0C 03      lda soft_apu_ports+7
  609  00:A4A2  CD 04 03      cmp sound_sq2_old
  610  00:A4A5  F0 06         beq .triangle
  611  00:A4A7  8D 07 40      sta $4007
  612  00:A4AA  8D 04 03      sta sound_sq2_old       ;save the value we just wrote to $4007
  613  00:A4AD            .triangle:
  614  00:A4AD  AD 0D 03      lda soft_apu_ports+8
  615  00:A4B0  8D 08 40      sta $4008
  616  00:A4B3  AD 0F 03      lda soft_apu_ports+10   ;there is no $4009, so we skip it
  617  00:A4B6  8D 0A 40      sta $400A
  618  00:A4B9  AD 10 03      lda soft_apu_ports+11
  619  00:A4BC  8D 0B 40      sta $400B
  620  00:A4BF            .noise:
  621  00:A4BF  AD 11 03      lda soft_apu_ports+12
  622  00:A4C2  8D 0C 40      sta $400C
  623  00:A4C5  AD 13 03      lda soft_apu_ports+14   ;there is no $400D, so we skip it
  624  00:A4C8  8D 0E 40      sta $400E
  625  00:A4CB  AD 14 03      lda soft_apu_ports+15
  626  00:A4CE  8D 0F 40      sta $400F
  627  00:A4D1  60            rts
  628                         
  629                        
  630                     
#[3]   External/sound_SongTable.asm
  631                             .include "External/sound_SongTable.asm"    ;our opcode subroutines, jump table and aliases
    1                     ;this is our pointer table.  Each entry is a pointer to a song header                
    2  00:A4D2            song_headers:
    3                             
    4  00:A4D2  E2 A4         .word song0_header
    5  00:A4D4  44 A9             .word BankSong
    6  00:A4D6  F3 A4             .word menu_header
    7  00:A4D8  F6 A4         .word drawImg_header  ;The Guardian Legend Boss song
    8  00:A4DA  F9 A4             .word endScreen_header
    9  00:A4DC  93 A5             .word menuCursor_header
   10  00:A4DE  9F A5             .word puzzleCursor_header
   11  00:A4E0  AB A5             .word noiseBlip_header
   12                                     
#[4]   External/song0.i
   13                         .include "External/song0.i"  ;holds the data for song 0 (header and data streams)
    1                     ;silence song.  disables all streams
    2                     
    3  00:A4E2            song0_header:
    4  00:A4E2  08            .byte 8          ;6 streams
    5                         
    6  00:A4E3  00            .byte MUSIC_SQ1
    7  00:A4E4  00            .byte $00
    8                             
    9  00:A4E5  01                .byte MUSIC_SQ2
   10  00:A4E6  00                .byte $00
   11                             
   12  00:A4E7  02                .byte MUSIC_TRI
   13  00:A4E8  00                .byte $00
   14                             
   15  00:A4E9  03                .byte MUSIC_NOI
   16  00:A4EA  00                .byte $00
   17                             
   18  00:A4EB  04                .byte SFX_1
   19  00:A4EC  00                .byte $00
   20                             
   21  00:A4ED  05                .byte SFX_2
   22  00:A4EE  00                .byte $00
   23                             
   24  00:A4EF  06                .byte MUSIC_DPMC
   25  00:A4F0  00                .byte $00
   26                             
   27  00:A4F1  07                .byte SFX_DPMC
   28  00:A4F2  00                .byte $00
#[3]   External/sound_SongTable.asm
#[4]   Music/Menu.i
   14                             .include "Music/Menu.i"  ;holds the data for song 1
    1  00:A4F3            menu_header:
    2  00:A4F3  01            .byte $01           ;4 streams
    3                         
    4  00:A4F4  00            .byte MUSIC_SQ1     ;which stream
    5  00:A4F5  00            .byte $00           ;status byte (stream enabled)
#[3]   External/sound_SongTable.asm
#[4]   Music/puzzleSolvedDrawImage.i
   15                         .include "Music/puzzleSolvedDrawImage.i"  ;holds the data for song 1
    1  00:A4F6            drawImg_header:
    2  00:A4F6  01            .byte $01         ;1 streams
    3                         
    4  00:A4F7  00            .byte MUSIC_SQ1     ;which stream
    5  00:A4F8  00            .byte $00           ;status byte (stream enabled)
#[3]   External/sound_SongTable.asm
#[4]   Music/EndScreen.i
   16                             .include "Music/EndScreen.i"
    1  00:A4F9            endScreen_header:
    2  00:A4F9  05            .byte $05           ;5 streams
    3                         
    4  00:A4FA  00            .byte MUSIC_SQ1     ;which stream
    5  00:A4FB  01            .byte $01           ;status byte (stream enabled)
    6  00:A4FC  00            .byte SQUARE_1      ;which channel
    7  00:A4FD  70            .byte $70           ;initial duty (01)
    8  00:A4FE  02            .byte ve_blip_echo  ;volume envelope
    9  00:A4FF  1C A5         .word endScreen_square1 ;pointer to stream
   10  00:A501  3A            .byte $3A           ;tempo
   11                         
   12  00:A502  01            .byte MUSIC_SQ2     ;which stream
   13  00:A503  01            .byte $01           ;status byte (stream enabled)
   14  00:A504  01            .byte SQUARE_2      ;which channel
   15  00:A505  B0            .byte $B0           ;initial duty (10)
   16  00:A506  02            .byte ve_blip_echo  ;volume envelope
   17  00:A507  3D A5         .word endScreen_square2 ;pointer to stream
   18  00:A509  3A            .byte $3A           ;tempo
   19                         
   20  00:A50A  02            .byte MUSIC_TRI     ;which stream
   21  00:A50B  01            .byte $01           ;status byte (stream enabled)
   22  00:A50C  02            .byte TRIANGLE      ;which channel
   23  00:A50D  80            .byte $80           ;initial volume (on)
   24  00:A50E  03            .byte ve_tgl_1      ;volume envelope
   25  00:A50F  5E A5         .word endScreen_tri     ;pointer to stream
   26  00:A511  3A            .byte $3A           ;tempo
   27                         
   28  00:A512  03            .byte MUSIC_NOI     ;which stream
   29  00:A513  01            .byte $01           ;enabled
   30  00:A514  03            .byte NOISE     
   31  00:A515  30            .byte $30           ;initial duty_vol
   32  00:A516  0A            .byte ve_hiHat_decay ;volume envelope
   33  00:A517  85 A5         .word endScreen_noise   ;pointer to stream
   34  00:A519  3A            .byte $3A           ;tempo
   35                             
   36  00:A51A  06                .byte MUSIC_DPMC
   37  00:A51B  00                .byte $00
   38                     
   39                         
   40  00:A51C            endScreen_square1:
   41                     
   42  00:A51C  83            .byte quarter
   43  00:A51D  23                .byte Gs4
   44  00:A51E  82                .byte eighth
   45  00:A51F  23 21             .byte Gs4, Fs4
   46  00:A521  84 5E             .byte half, rest
   47  00:A523  83                .byte quarter
   48  00:A524  1F                .byte E4
   49  00:A525  82                .byte eighth
   50  00:A526  1F 21             .byte E4, Fs4
   51  00:A528  84 5E             .byte half, rest
   52                             
   53  00:A52A  83                .byte quarter
   54  00:A52B  25                .byte As4
   55  00:A52C  82                .byte eighth
   56  00:A52D  25 23             .byte As4, Gs4
   57  00:A52F  84 5E             .byte half, rest
   58  00:A531  82                .byte eighth
   59  00:A532  21 23 21          .byte Fs4, Gs4, Fs4, F4
       00:A535  20        
   60  00:A536  10 17 20          .byte Cs3, Gs3, F4, Gs4
       00:A539  23        
   61                             
   62                         
   63  00:A53A  A1            .byte loop                              ;infinite loop
   64  00:A53B  1C A5         .word endScreen_square1
   65                     
   66                         
   67  00:A53D            endScreen_square2:
   68                     
   69  00:A53D  82            .byte eighth
   70  00:A53E  20 17 20          .byte F4, Gs3, F4, Ds4
       00:A541  1E        
   71  00:A542  84 5E             .byte half, rest
   72  00:A544  82                .byte eighth
   73  00:A545  1C 15 1C          .byte Cs4, Fs3, Cs4, Ds4
       00:A548  1E        
   74  00:A549  84 5E             .byte half, rest
   75                     
   76  00:A54B  82                .byte eighth
   77  00:A54C  28 21 28          .byte Cs5, Fs4, Cs5, B4
       00:A54F  26        
   78  00:A550  84 5E             .byte half, rest
   79  00:A552  82                .byte eighth
   80  00:A553  24 26 24          .byte A4, B4, A4, Gs4
       00:A556  23        
   81  00:A557  17 1E 23          .byte Gs3, Ds4, Gs4, C5
       00:A55A  27        
   82  00:A55B  A1            .byte loop
   83  00:A55C  3D A5         .word endScreen_square2
   84                         
   85  00:A55E            endScreen_tri:
   86                     
   87  00:A55E  83                .byte quarter
   88  00:A55F  1C                .byte Cs4
   89  00:A560  82                .byte eighth
   90  00:A561  1C 1A 5E          .byte Cs4, B3, rest
   91  00:A564  0E 1A 0E          .byte B2, B3, B2
   92  00:A567  83                .byte quarter
   93  00:A568  18                .byte A3
   94  00:A569  82                .byte eighth
   95  00:A56A  18 1A 5E          .byte A3, B3, rest
   96  00:A56D  0E 1A 0E          .byte B2, B3, B2
   97                             
   98  00:A570  83                .byte quarter
   99  00:A571  1E                .byte Ds4
  100  00:A572  82                .byte eighth
  101  00:A573  1E 1C 5E          .byte Ds4, Cs4, rest
  102  00:A576  10 1C 10          .byte Cs3, Cs4, Cs3
  103  00:A579  83                .byte quarter
  104  00:A57A  1A                .byte B3
  105  00:A57B  82                .byte eighth
  106  00:A57C  1A 1C 5E          .byte B3, Cs4, rest
  107  00:A57F  10 1C 10          .byte Cs3, Cs4, Cs3
  108                             
  109  00:A582  A1                .byte loop
  110  00:A583  5E A5         .word endScreen_tri
  111                         
  112  00:A585            endScreen_noise:
  113                     
  114  00:A585  82 04 04      .byte eighth, $04, $04
  115  00:A588  A2 09             .byte volume_envelope, ve_drum_decay 
  116  00:A58A  82 04         .byte eighth, $04
  117  00:A58C  A2 0A             .byte volume_envelope, ve_hiHat_decay
  118  00:A58E  82 04             .byte eighth, $04
  119                     
  120  00:A590  A1            .byte loop
  121  00:A591  85 A5         .word endScreen_noise
#[3]   External/sound_SongTable.asm
#[4]   SFX/menuCursor.i
   17                             .include "SFX/menuCursor.i"  ;holds the data for song 1
    1  00:A593            menuCursor_header:
    2  00:A593  01            .byte $01           ;1 stream
    3                         
    4  00:A594  04            .byte SFX_1         ;which stream
    5  00:A595  01            .byte $01           ;status byte (stream enabled)
    6  00:A596  01            .byte SQUARE_2      ;which channel
    7  00:A597  70            .byte $70           ;duty (01)
    8  00:A598  0A            .byte ve_hiHat_decay  ;volume envelope
    9  00:A599  9C A5         .word menuCursor_square2 ;pointer to stream
   10  00:A59B  80            .byte $80           ;tempo
   11                         
   12                         
   13  00:A59C            menuCursor_square2:
   14  00:A59C  81 33         .byte sixteenth, C6
   15  00:A59E  A0            .byte endsound
#[3]   External/sound_SongTable.asm
#[4]   SFX/puzzleCursor.i
   18                             .include "SFX/puzzleCursor.i"  ;holds the data for song 1
    1  00:A59F            puzzleCursor_header:
    2  00:A59F  01            .byte $01           ;1 stream
    3                         
    4  00:A5A0  05            .byte SFX_2         ;which stream
    5  00:A5A1  01            .byte $01           ;status byte (stream enabled)
    6  00:A5A2  02            .byte TRIANGLE      ;which channel
    7  00:A5A3  80            .byte $80           ;on
    8  00:A5A4  0A            .byte ve_hiHat_decay  ;volume envelope
    9  00:A5A5  A8 A5         .word puzzleCursor_square2 ;pointer to stream
   10  00:A5A7  80            .byte $80           ;tempo
   11                         
   12                         
   13  00:A5A8            puzzleCursor_square2:
   14  00:A5A8  81 33         .byte sixteenth, C6
   15  00:A5AA  A0            .byte endsound
#[3]   External/sound_SongTable.asm
#[4]   SFX/noiseBlip.i
   19                             .include "SFX/noiseBlip.i" 
    1  00:A5AB            noiseBlip_header:
    2  00:A5AB  01            .byte $01           ;1 stream
    3                         
    4  00:A5AC  05                .byte SFX_2     ;which stream
    5  00:A5AD  01            .byte $01           ;enabled
    6  00:A5AE  03            .byte NOISE     
    7  00:A5AF  30            .byte $30           ;initial duty_vol
    8  00:A5B0  0C            .byte ve_tinyDecy ;volume envelope
    9  00:A5B1  B4 A5         .word noiseBlip_noise   ;pointer to stream
   10  00:A5B3  80            .byte $80           ;tempo
   11                         
   12  00:A5B4            noiseBlip_noise:
   13  00:A5B4  81 04         .byte sixteenth, $04
   14  00:A5B6  A0            .byte endsound
#[3]   External/sound_SongTable.asm
#[2]   External/sound_Engine.asm
  632                         
#[3]   External/sound_opcodes.asm
  633                         .include "External/sound_opcodes.asm"    ;our opcode subroutines, jump table and aliases
    1                     ;these are aliases to use in the sound data.
    2           00A0      endsound = $A0
    3           00A1      loop = $A1
    4           00A2      volume_envelope = $A2
    5           00A3      duty = $A3
    6           00A4      set_loop1_counter = $A4
    7           00A5      loop1 = $A5
    8           00A6      set_note_offset = $A6
    9           00A7      adjust_note_offset = $A7
   10           00A8      transpose = $A8
   11           00A9      pitch_envelope = $A9
   12           00AA      arpeggio = $AA
   13                     
   14                     ;-----------------------------------------------------------------------
   15                     ;this is our JUMP TABLE!
   16  00:A5B7            sound_opcodes:
   17  00:A5B7  CD A5         .word se_op_endsound            ;$A0
   18  00:A5B9  E6 A5         .word se_op_infinite_loop       ;$A1
   19  00:A5BB  FD A5         .word se_op_change_ve           ;$A2
   20  00:A5BD  08 A6         .word se_op_duty                ;$A3
   21  00:A5BF  0E A6         .word se_op_set_loop1_counter   ;$A4
   22  00:A5C1  14 A6         .word se_op_loop1               ;$A5
   23  00:A5C3  21 A6         .word se_op_set_note_offset     ;$A6
   24  00:A5C5  27 A6         .word se_op_adjust_note_offset  ;$A7
   25  00:A5C7  31 A6         .word se_op_transpose           ;$A8
   26  00:A5C9  51 A6             .word se_op_change_pe                   ;$A9
   27  00:A5CB  5F A6             .word se_op_change_arp
   28                         ;etc, 1 entry per subroutine
   29                     
   30                         
   31                     ;-----------------------------------------------------------------
   32                     ; these are the actual opcode subroutines
   33  00:A5CD            se_op_endsound:
   34  00:A5CD  BD 21 03      lda stream_status, x    ;end of stream, so disable it and silence
   35  00:A5D0  29 FE         and #%11111110
   36  00:A5D2  9D 21 03      sta stream_status, x    ;clear enable flag in status byte
   37                         
   38  00:A5D5  BD 29 03      lda stream_channel, x
   39  00:A5D8  C9 02         cmp #TRIANGLE
   40  00:A5DA  F0 04         beq .silence_tri        ;triangle is silenced differently from squares and noise
   41  00:A5DC  A9 30         lda #$30                ;squares and noise silenced with #$30
   42  00:A5DE  D0 02         bne .silence            ; (this will always branch.  bne is cheaper than a jmp)
   43  00:A5E0            .silence_tri:
   44  00:A5E0  A9 80         lda #$80                ;triangle silenced with #$80
   45  00:A5E2            .silence:
   46  00:A5E2  9D 51 03      sta stream_vol_duty, x  ;store silence value in the stream's volume variable.
   47                     
   48  00:A5E5  60            rts
   49                         
   50  00:A5E6            se_op_infinite_loop:
   51  00:A5E6  B1 D2         lda [sound_ptr], y      ;read ptr LO from the data stream
   52  00:A5E8  9D 31 03      sta stream_ptr_LO, x    ;update our data stream position
   53  00:A5EB  C8            iny
   54  00:A5EC  B1 D2         lda [sound_ptr], y      ;read ptr HI from the data stream
   55  00:A5EE  9D 39 03      sta stream_ptr_HI, x    ;update our data stream position
   56                         
   57  00:A5F1  8D D3 00      sta sound_ptr+1         ;update the pointer to reflect the new position.
   58  00:A5F4  BD 31 03      lda stream_ptr_LO, x
   59  00:A5F7  8D D2 00      sta sound_ptr
   60  00:A5FA  A0 FF         ldy #$FF                ;after opcodes return, we do an iny.  Since we reset  
   61                                                 ;the stream buffer position, we will want y to start out at 0 again.
   62  00:A5FC  60            rts
   63                         
   64  00:A5FD            se_op_change_ve:
   65  00:A5FD  B1 D2         lda [sound_ptr], y      ;read the argument
   66  00:A5FF  9D 41 03      sta stream_ve, x        ;store it in our volume envelope variable
   67  00:A602  A9 00         lda #$00
   68  00:A604  9D 49 03      sta stream_ve_index, x  ;reset volume envelope index to the beginning
   69  00:A607  60            rts
   70                         
   71  00:A608            se_op_duty:
   72  00:A608  B1 D2         lda [sound_ptr], y
   73  00:A60A  9D 51 03      sta stream_vol_duty, x
   74  00:A60D  60            rts
   75                         
   76  00:A60E            se_op_set_loop1_counter:
   77  00:A60E  B1 D2         lda [sound_ptr], y      ;read the argument (# times to loop)
   78  00:A610  9D 91 03      sta stream_loop1, x     ;store it in the loop counter variable
   79  00:A613  60            rts
   80                         
   81  00:A614            se_op_loop1:
   82  00:A614  DE 91 03      dec stream_loop1, x     ;decrement the counter
   83  00:A617  BD 91 03      lda stream_loop1, x
   84  00:A61A  F0 03         beq .last_iteration     ;if zero, we are done looping
   85  00:A61C  4C E6 A5      jmp se_op_infinite_loop ;if not zero, jump back
   86  00:A61F            .last_iteration:
   87  00:A61F  C8            iny                     ;skip the first byte of the address argument
   88                                                 ; the second byte will be skipped automatically upon return
   89                                                 ; (see se_fetch_byte after "jsr se_opcode_launcher")
   90  00:A620  60            rts
   91                         
   92  00:A621            se_op_set_note_offset:
   93  00:A621  B1 D2         lda [sound_ptr], y          ;read the argument
   94  00:A623  9D 99 03      sta stream_note_offset, x      ;set the note offset.
   95  00:A626  60            rts
   96                         
   97  00:A627            se_op_adjust_note_offset:
   98  00:A627  B1 D2         lda [sound_ptr], y          ;read the argument (what value to add)
   99  00:A629  18            clc
  100  00:A62A  7D 99 03      adc stream_note_offset, x   ;add it to the current offset
  101  00:A62D  9D 99 03      sta stream_note_offset, x   ;and save.
  102  00:A630  60            rts
  103                         
  104  00:A631            se_op_transpose:
  105  00:A631  B1 D2         lda [sound_ptr], y          ;read low byte of the pointer to our lookup table
  106  00:A633  8D D4 00      sta sound_ptr2              ;store it in a new pointer variable
  107  00:A636  C8            iny
  108  00:A637  B1 D2         lda [sound_ptr], y          ;read high byte of pointer to table
  109  00:A639  8D D5 00      sta sound_ptr2+1
  110                         
  111  00:A63C  8C 01 03      sty sound_temp1             ;save y because we are about to destroy it
  112  00:A63F  BD 91 03      lda stream_loop1, x         ;get loop counter, put it in Y
  113  00:A642  A8            tay                         ;   this will be our index into the lookup table
  114  00:A643  88            dey                         ;subtract 1 because indexes start from 0.
  115                         
  116  00:A644  B1 D4         lda [sound_ptr2], y         ;read a value from the table.
  117  00:A646  18            clc
  118  00:A647  7D 99 03      adc stream_note_offset, x   ;add it to the note offset
  119  00:A64A  9D 99 03      sta stream_note_offset, x
  120                         
  121  00:A64D  AC 01 03      ldy sound_temp1             ;restore Y
  122  00:A650  60            rts
  123                             
  124  00:A651            se_op_change_pe:
  125  00:A651  B1 D2         lda [sound_ptr], y      ;read the argument
  126  00:A653  9D 9F 03      sta stream_pe, x        ;store it in our volume envelope variable
  127  00:A656  A9 00         lda #$00
  128  00:A658  9D A7 03      sta stream_pe_index, x  ;reset volume envelope index to the beginning
  129  00:A65B  9D B7 03          sta stream_pe_delay, x
  130  00:A65E  60            rts
  131                             
  132  00:A65F            se_op_change_arp:
  133  00:A65F  B1 D2             lda [sound_ptr], y
  134  00:A661  9D BF 03          sta stream_arp, x
  135  00:A664  A9 00             lda #$00
  136  00:A666  9D C7 03          sta stream_arp_index, x
  137  00:A669  60                rts
#[2]   External/sound_Engine.asm
#[3]   External/note_table.i
  634                         .include "External/note_table.i" ;period lookup table for notes
    1                     ;NTSC Period Lookup Table.  Thanks Celius!
    2                     ;http://www.freewebs.com/the_bott/NotesTableNTSC.txt
    3  00:A66A            note_table:
    4  00:A66A  F1 07         .word                                                                $07F1, $0780, $0713 ; A1-B1 ($00-$02)
       00:A66C  80 07     
       00:A66E  13 07     
    5  00:A670  AD 06         .word $06AD, $064D, $05F3, $059D, $054D, $0500, $04B8, $0475, $0435, $03F8, $03BF, $0389 ; C2-B2 ($03-$0E)
       00:A672  4D 06     
       00:A674  F3 05     
       00:A676  9D 05     
       00:A678  4D 05     
       00:A67A  00 05     
       00:A67C  B8 04     
       00:A67E  75 04     
       00:A680  35 04     
       00:A682  F8 03     
       00:A684  BF 03     
       00:A686  89 03     
    6  00:A688  56 03         .word $0356, $0326, $02F9, $02CE, $02A6, $027F, $025C, $023A, $021A, $01FB, $01DF, $01C4 ; C3-B3 ($0F-$1A)
       00:A68A  26 03     
       00:A68C  F9 02     
       00:A68E  CE 02     
       00:A690  A6 02     
       00:A692  7F 02     
       00:A694  5C 02     
       00:A696  3A 02     
       00:A698  1A 02     
       00:A69A  FB 01     
       00:A69C  DF 01     
       00:A69E  C4 01     
    7  00:A6A0  AB 01         .word $01AB, $0193, $017C, $0167, $0151, $013F, $012D, $011C, $010C, $00FD, $00EF, $00E2 ; C4-B4 ($1B-$26)
       00:A6A2  93 01     
       00:A6A4  7C 01     
       00:A6A6  67 01     
       00:A6A8  51 01     
       00:A6AA  3F 01     
       00:A6AC  2D 01     
       00:A6AE  1C 01     
       00:A6B0  0C 01     
       00:A6B2  FD 00     
       00:A6B4  EF 00     
       00:A6B6  E2 00     
    8  00:A6B8  D2 00         .word $00D2, $00C9, $00BD, $00B3, $00A9, $009F, $0096, $008E, $0086, $007E, $0077, $0070 ; C5-B5 ($27-$32)
       00:A6BA  C9 00     
       00:A6BC  BD 00     
       00:A6BE  B3 00     
       00:A6C0  A9 00     
       00:A6C2  9F 00     
       00:A6C4  96 00     
       00:A6C6  8E 00     
       00:A6C8  86 00     
       00:A6CA  7E 00     
       00:A6CC  77 00     
       00:A6CE  70 00     
    9  00:A6D0  6A 00         .word $006A, $0064, $005E, $0059, $0054, $004F, $004B, $0046, $0042, $003F, $003B, $0038 ; C6-B6 ($33-$3E)
       00:A6D2  64 00     
       00:A6D4  5E 00     
       00:A6D6  59 00     
       00:A6D8  54 00     
       00:A6DA  4F 00     
       00:A6DC  4B 00     
       00:A6DE  46 00     
       00:A6E0  42 00     
       00:A6E2  3F 00     
       00:A6E4  3B 00     
       00:A6E6  38 00     
   10  00:A6E8  34 00         .word $0034, $0031, $002F, $002C, $0029, $0027, $0025, $0023, $0021, $001F, $001D, $001B ; C7-B7 ($3F-$4A)
       00:A6EA  31 00     
       00:A6EC  2F 00     
       00:A6EE  2C 00     
       00:A6F0  29 00     
       00:A6F2  27 00     
       00:A6F4  25 00     
       00:A6F6  23 00     
       00:A6F8  21 00     
       00:A6FA  1F 00     
       00:A6FC  1D 00     
       00:A6FE  1B 00     
   11  00:A700  1A 00         .word $001A, $0018, $0017, $0015, $0014, $0013, $0012, $0011, $0010, $000F, $000E, $000D ; C8-B8 ($4B-$56)
       00:A702  18 00     
       00:A704  17 00     
       00:A706  15 00     
       00:A708  14 00     
       00:A70A  13 00     
       00:A70C  12 00     
       00:A70E  11 00     
       00:A710  10 00     
       00:A712  0F 00     
       00:A714  0E 00     
       00:A716  0D 00     
   12  00:A718  0C 00         .word $000C, $000C, $000B, $000A, $000A, $0009, $0008                                    ; C9-F#9 ($57-$5D)
       00:A71A  0C 00     
       00:A71C  0B 00     
       00:A71E  0A 00     
       00:A720  0A 00     
       00:A722  09 00     
       00:A724  08 00     
   13  00:A726  00 00         .word $0000 ;rest
   14                     
   15                     ;Note: octaves in music traditionally start at C, not A    
   16           0000      A1 = $00    ;the "1" means Octave 1
   17           0001      As1 = $01   ;the "s" means "sharp"
   18           0001      Bb1 = $01   ;the "b" means "flat"  A# == Bb, so same value
   19           0002      B1 = $02
   20                     
   21           0003      C2 = $03
   22           0004      Cs2 = $04
   23           0004      Db2 = $04
   24           0005      D2 = $05
   25           0006      Ds2 = $06
   26           0006      Eb2 = $06
   27           0007      E2 = $07
   28           0008      F2 = $08
   29           0009      Fs2 = $09
   30           0009      Gb2 = $09
   31           000A      G2 = $0A
   32           000B      Gs2 = $0B
   33           000B      Ab2 = $0B
   34           000C      A2 = $0C
   35           000D      As2 = $0D
   36           000D      Bb2 = $0D
   37           000E      B2 = $0E
   38                     
   39           000F      C3 = $0F
   40           0010      Cs3 = $10
   41           0010      Db3 = $10
   42           0011      D3 = $11
   43           0012      Ds3 = $12
   44           0012      Eb3 = $12
   45           0013      E3 = $13
   46           0014      F3 = $14
   47           0015      Fs3 = $15
   48           0015      Gb3 = $15
   49           0016      G3 = $16
   50           0017      Gs3 = $17
   51           0017      Ab3 = $17
   52           0018      A3 = $18
   53           0019      As3 = $19
   54           0019      Bb3 = $19
   55           001A      B3 = $1a
   56                     
   57           001B      C4 = $1b
   58           001C      Cs4 = $1c
   59           001C      Db4 = $1c
   60           001D      D4 = $1d
   61           001E      Ds4 = $1e
   62           001E      Eb4 = $1e
   63           001F      E4 = $1f
   64           0020      F4 = $20
   65           0021      Fs4 = $21
   66           0021      Gb4 = $21
   67           0022      G4 = $22
   68           0023      Gs4 = $23
   69           0023      Ab4 = $23
   70           0024      A4 = $24
   71           0025      As4 = $25
   72           0025      Bb4 = $25
   73           0026      B4 = $26
   74                     
   75           0027      C5 = $27
   76           0028      Cs5 = $28
   77           0028      Db5 = $28
   78           0029      D5 = $29
   79           002A      Ds5 = $2a
   80           002A      Eb5 = $2a
   81           002B      E5 = $2b
   82           002C      F5 = $2c
   83           002D      Fs5 = $2d
   84           002D      Gb5 = $2d
   85           002E      G5 = $2e
   86           002F      Gs5 = $2f
   87           002F      Ab5 = $2f
   88           0030      A5 = $30
   89           0031      As5 = $31
   90           0031      Bb5 = $31
   91           0032      B5 = $32
   92                     
   93           0033      C6 = $33
   94           0034      Cs6 = $34
   95           0034      Db6 = $34
   96           0035      D6 = $35
   97           0036      Ds6 = $36
   98           0036      Eb6 = $36
   99           0037      E6 = $37
  100           0038      F6 = $38
  101           0039      Fs6 = $39
  102           0039      Gb6 = $39
  103           003A      G6 = $3a
  104           003B      Gs6 = $3b
  105           003B      Ab6 = $3b
  106           003C      A6 = $3c
  107           003D      As6 = $3d
  108           003D      Bb6 = $3d
  109           003E      B6 = $3e
  110                     
  111           003F      C7 = $3f
  112           0040      Cs7 = $40
  113           0040      Db7 = $40
  114           0041      D7 = $41
  115           0042      Ds7 = $42
  116           0042      Eb7 = $42
  117           0043      E7 = $43
  118           0044      F7 = $44
  119           0045      Fs7 = $45
  120           0045      Gb7 = $45
  121           0046      G7 = $46
  122           0047      Gs7 = $47
  123           0047      Ab7 = $47
  124           0048      A7 = $48
  125           0049      As7 = $49
  126           0049      Bb7 = $49
  127           004A      B7 = $4a
  128                     
  129           004B      C8 = $4b
  130           004C      Cs8 = $4c
  131           004C      Db8 = $4c
  132           004D      D8 = $4d
  133           004E      Ds8 = $4e
  134           004E      Eb8 = $4e
  135           004F      E8 = $4f
  136           0050      F8 = $50
  137           0051      Fs8 = $51
  138           0051      Gb8 = $51
  139           0052      G8 = $52
  140           0053      Gs8 = $53
  141           0053      Ab8 = $53
  142           0054      A8 = $54
  143           0055      As8 = $55
  144           0055      Bb8 = $55
  145           0056      B8 = $56
  146                     
  147           0057      C9 = $57
  148           0058      Cs9 = $58
  149           0058      Db9 = $58
  150           0059      D9 = $59
  151           005A      Ds9 = $5a
  152           005A      Eb9 = $5a
  153           005B      E9 = $5b
  154           005C      F9 = $5c
  155           005D      Fs9 = $5d
  156           005D      Gb9 = $5d
  157                     
  158           005E      rest = $5e
#[2]   External/sound_Engine.asm
#[3]   External/sound_EffectTables.asm
  635                             .include "External/sound_EffectTables.asm"
    1                     
#[4]   External/note_length_table.i
    2                         .include "External/note_length_table.i"
    1                     ;note length constants (aliases)
    2           0080      thirtysecond = $80
    3           0081      sixteenth = $81
    4           0082      eighth = $82
    5           0083      quarter = $83
    6           0084      half = $84
    7           0085      whole = $85
    8           0086      d_sixteenth = $86
    9           0087      d_eighth = $87
   10           0088      d_quarter = $88
   11           0089      d_half = $89
   12           008A      d_whole = $8A   ;don't forget we are counting in hex
   13           008B      t_quarter = $8B
   14           008C      five_eighths =$8C
   15           008D      five_sixteenths=$8D
   16           008E      d_half_d_eight = $8E
   17           008F      whole_quarter_sixteenth = $8F
   18           0090      d_half_eighth = $90
   19           0091      whole_sixteenth = $91
   20           0087      quarterSwing = $87
   21           0088      halfSwing = $88
   22           0089      wholeSwing = $89
   23           0086      eighthSwing = $86
   24           0081      swingDown = $81
   25           0080      swingUp = $80
   26           0092      five_thirtyseconds = $92
   27                     
   28           0093      d_halfSwing_p1 = $93
   29           0094      halfSwing_p1 = $94
   30           0095      halfSwing_p3 = $95
   31           0096      halfSwing_m1 = $96
   32           0097      wholeSwing_p1 = $97
   33           0098      quarterSwing_p1 = $98
   34           0099      d_quarterSwing = $99
   35           009A      d_halfSwing = $9A
   36           009B      wholeSwing_m1 = $9B
   37                     
   38                     
   39  00:A728            note_length_table:
   40  00:A728  01            .byte $01   ;32nd note
   41  00:A729  02            .byte $02   ;16th note
   42  00:A72A  04            .byte $04   ;8th note
   43  00:A72B  08            .byte $08   ;quarter note
   44  00:A72C  10            .byte $10   ;half note
   45  00:A72D  20            .byte $20   ;whole note
   46                                   ;---dotted notes
   47  00:A72E  03            .byte $03   ;dotted 16th note
   48  00:A72F  06            .byte $06   ;dotted 8th note
   49  00:A730  0C            .byte $0C   ;dotted quarter note
   50  00:A731  18            .byte $18   ;dotted half note
   51  00:A732  30            .byte $30   ;dotted whole note?
   52                                   ;---other
   53  00:A733  07            .byte $07   ;modified quarter to fit after d_sixteenth triplets
   54  00:A734  14            .byte $14   ;2 quarters plus an 8th
   55  00:A735  0A            .byte $0A   
   56  00:A736  1E                .byte $1E       ;dotted half + dotted eighth
   57  00:A737  2A                .byte $2A
   58  00:A738  1C                .byte $1C
   59  00:A739  22                .byte $22
   60  00:A73A  05                .byte $05
   61  00:A73B  13                .byte $13       ;dotted half swing with pick up swing
   62  00:A73C  0D                .byte $0D       ;half swing with pick up swig
   63  00:A73D  0F                .byte $0F       ;half swing with extra d_sixteenth
   64  00:A73E  0B                .byte $0B       ;half swing minus one sixteenth
   65  00:A73F  19                .byte $19       ;whole swing with pick up swing
   66  00:A740  07                .byte $07       ;quarter swing with pick up sixteenth
   67  00:A741  09                .byte $09       ;dotted quarter swing
   68  00:A742  12                .byte $12       ;dotted half swing
   69  00:A743  17                .byte $17       ;whole swing minus one ts
#[3]   External/sound_EffectTables.asm
#[4]   External/vol_envelopes.i
    3                         .include "External/vol_envelopes.i"
    1  00:A744            volume_envelopes:
    2  00:A744  64 A7         .word se_ve_1
    3  00:A746  6C A7         .word se_ve_2
    4  00:A748  83 A7         .word se_ve_3
    5  00:A74A  A6 A7         .word se_ve_tgl_1
    6  00:A74C  AE A7         .word se_ve_tgl_2
    7  00:A74E  B9 A7         .word se_battlekid_loud
    8  00:A750  BF A7         .word se_battlekid_loud_long
    9  00:A752  C5 A7         .word se_battlekid_soft
   10  00:A754  CB A7         .word se_battlekid_soft_long
   11  00:A756  D1 A7         .word se_drum_decay
   12  00:A758  DB A7             .word se_hiHat_decay
   13  00:A75A  E0 A7             .word se_long_decay
   14  00:A75C  13 A8             .word se_tinyDecy
   15  00:A75E  16 A8             .word se_noDecay
   16  00:A760  18 A8             .word se_long_tremelo
   17  00:A762  48 A8             .word se_veryLong_decay
   18                         
   19  00:A764            se_ve_1:
   20  00:A764  0F 0E 0D      .byte $0F, $0E, $0D, $0C, $09, $05, $00
       00:A767  0C 09 05  
       00:A76A  00        
   21  00:A76B  FF            .byte $FF
   22  00:A76C            se_ve_2:
   23  00:A76C  01 01 02      .byte $01, $01, $02, $02, $03, $03, $04, $04, $07, $07
       00:A76F  02 03 03  
       00:A772  04 04 07  
       00:A775  07        
   24  00:A776  08 08 0A      .byte $08, $08, $0A, $0A, $0C, $0C, $0D, $0D, $0E, $0E
       00:A779  0A 0C 0C  
       00:A77C  0D 0D 0E  
       00:A77F  0E        
   25  00:A780  0F 0F         .byte $0F, $0F
   26  00:A782  FF            .byte $FF
   27  00:A783            se_ve_3:
   28  00:A783  0D 0D 0D      .byte $0D, $0D, $0D, $0C, $0B, $00, $00, $00, $00, $00
       00:A786  0C 0B 00  
       00:A789  00 00 00  
       00:A78C  00        
   29  00:A78D  00 00 00      .byte $00, $00, $00, $00, $06, $06, $06, $05, $04, $00
       00:A790  00 06 06  
       00:A793  06 05 04  
       00:A796  00        
   30  00:A797  00 00 00          .byte $00, $00, $00, $00, $00, $00, $00, $00, $03, $03
       00:A79A  00 00 00  
       00:A79D  00 00 03  
       00:A7A0  03        
   31  00:A7A1  03 02 01          .byte $03, $02, $01, $00
       00:A7A4  00        
   32  00:A7A5  FF            .byte $FF
   33                         
   34  00:A7A6            se_ve_tgl_1:
   35  00:A7A6  0F 0B 09      .byte $0F, $0B, $09, $08, $07, $06, $00
       00:A7A9  08 07 06  
       00:A7AC  00        
   36  00:A7AD  FF            .byte $FF
   37                         
   38  00:A7AE            se_ve_tgl_2:
   39  00:A7AE  0B 0B 0A      .byte $0B, $0B, $0A, $09, $08, $07, $06, $06, $06, $05
       00:A7B1  09 08 07  
       00:A7B4  06 06 06  
       00:A7B7  05        
   40  00:A7B8  FF            .byte $FF
   41                         
   42                         
   43  00:A7B9            se_battlekid_loud:
   44  00:A7B9  0F 0E 0C      .byte $0f, $0e, $0c, $0a, $00
       00:A7BC  0A 00     
   45  00:A7BE  FF            .byte $FF
   46                         
   47  00:A7BF            se_battlekid_loud_long:
   48  00:A7BF  0F 0E 0C      .byte $0f, $0e, $0c, $0a, $09
       00:A7C2  0A 09     
   49  00:A7C4  FF            .byte $FF
   50                         
   51  00:A7C5            se_battlekid_soft:
   52  00:A7C5  09 08 06      .byte $09, $08, $06, $04, $00
       00:A7C8  04 00     
   53  00:A7CA  FF            .byte $FF
   54                         
   55  00:A7CB            se_battlekid_soft_long:
   56  00:A7CB  09 08 06      .byte $09, $08, $06, $04, $03
       00:A7CE  04 03     
   57  00:A7D0  FF            .byte $FF
   58                         
   59  00:A7D1            se_drum_decay:
   60  00:A7D1  0E 09 08      .byte $0E, $09, $08, $06, $04, $03, $02, $01, $00
       00:A7D4  06 04 03  
       00:A7D7  02 01 00  
   61  00:A7DA  FF            .byte $FF
   62                             
   63  00:A7DB            se_hiHat_decay:
   64  00:A7DB  0E 06 02      .byte $0E, $06, $02, $00
       00:A7DE  00        
   65  00:A7DF  FF                .byte $FF
   66                         
   67  00:A7E0            se_long_decay:
   68                             ;attack
   69  00:A7E0  0E            .byte $0E
   70                             ;decay
   71  00:A7E1  0F 0F 0F          .byte $0F, $0F, $0F, $0E, $0E, $0E, $0D, $0D, $0D
       00:A7E4  0E 0E 0E  
       00:A7E7  0D 0D 0D  
   72  00:A7EA  0C 0C 0C          .byte $0C, $0C, $0C, $0B, $0B, $0B, $0A, $0A, $0A
       00:A7ED  0B 0B 0B  
       00:A7F0  0A 0A 0A  
   73  00:A7F3  0A 0A 0A          .byte $0A, $0A, $0A, $09, $09, $09, $08, $08, $08
       00:A7F6  09 09 09  
       00:A7F9  08 08 08  
   74  00:A7FC  07 07 07          .byte $07, $07, $07, $06, $06, $06, $05, $05, $05
       00:A7FF  06 06 06  
       00:A802  05 05 05  
   75  00:A805  04 04 04      .byte $04, $04, $04, $03, $03, $03, $02, $02, $02
       00:A808  03 03 03  
       00:A80B  02 02 02  
   76  00:A80E  01 01 01          .byte $01, $01, $01, $00
       00:A811  00        
   77  00:A812  FF            .byte $FF
   78                             
   79  00:A813            se_tinyDecy:
   80  00:A813  0F 00             .byte $0F, $00
   81  00:A815  FF                .byte $FF
   82                     
   83  00:A816            se_noDecay:
   84  00:A816  0F                .byte $0F
   85  00:A817  FF                .byte $FF
   86                             
   87  00:A818            se_long_tremelo:
   88                             ;attack
   89  00:A818  0E            .byte $0E
   90                             ;decay
   91  00:A819  0F 0F 0F          .byte $0F, $0F, $0F, $09, $09, $09, $0E, $0E, $0E
       00:A81C  09 09 09  
       00:A81F  0E 0E 0E  
   92  00:A822  08 08 08      .byte $08, $08, $08, $0D, $0D, $0D, $07, $07, $07
       00:A825  0D 0D 0D  
       00:A828  07 07 07  
   93  00:A82B  0C 0C 0C          .byte $0C, $0C, $0C, $06, $06, $06, $0B, $0B, $0B
       00:A82E  06 06 06  
       00:A831  0B 0B 0B  
   94  00:A834  05 05 05          .byte $05, $05, $05, $0A, $0A, $0A, $04, $04, $04
       00:A837  0A 0A 0A  
       00:A83A  04 04 04  
   95  00:A83D  09 09 09          .byte $09, $09, $09, $03, $03, $03, $08, $08, $08
       00:A840  03 03 03  
       00:A843  08 08 08  
   96  00:A846  00            .byte $00
   97  00:A847  FF            .byte $FF
   98                             
   99  00:A848            se_veryLong_decay:
  100                             ;attack
  101  00:A848  08 09 0A      .byte $08, $09, $0A, $0B, $0C, $0D, $0E
       00:A84B  0B 0C 0D  
       00:A84E  0E        
  102                             ;decay
  103  00:A84F  0F 0F 0F          .byte $0F, $0F, $0F, $0F, $0F, $0F 
       00:A852  0F 0F 0F  
  104  00:A855  0E 0E 0E          .byte $0E, $0E, $0E, $0E, $0E, $0E
       00:A858  0E 0E 0E  
  105  00:A85B  0D 0D 0D          .byte $0D, $0D, $0D, $0D, $0D, $0D
       00:A85E  0D 0D 0D  
  106  00:A861  0C 0C 0C          .byte $0C, $0C, $0C, $0C, $0C, $0C 
       00:A864  0C 0C 0C  
  107  00:A867  0B 0B 0B          .byte $0B, $0B, $0B, $0B, $0B, $0B 
       00:A86A  0B 0B 0B  
  108  00:A86D  0A 0A 0A          .byte $0A, $0A, $0A, $0A, $0A, $0A
       00:A870  0A 0A 0A  
  109  00:A873  09 09 09          .byte $09, $09, $09, $09, $09, $09 
       00:A876  09 09 09  
  110  00:A879  08 08 08          .byte $08, $08, $08, $08, $08, $08
       00:A87C  08 08 08  
  111  00:A87F  07 07 07          .byte $07, $07, $07, $07, $07, $07
       00:A882  07 07 07  
  112  00:A885  06 06 06          .byte $06, $06, $06, $06, $06, $06
       00:A888  06 06 06  
  113  00:A88B  05 05 05          .byte $05, $05, $05, $05, $05, $05
       00:A88E  05 05 05  
  114  00:A891  04 04 04      .byte $04, $04, $04, $04, $04, $04 
       00:A894  04 04 04  
  115  00:A897  03 03 03          .byte $03, $03, $03, $03, $03, $03 
       00:A89A  03 03 03  
  116  00:A89D  02 02 02          .byte $02, $02, $02, $02, $02, $02
       00:A8A0  02 02 02  
  117  00:A8A3  01 01 01          .byte $01, $01, $01, $01, $01, $01
       00:A8A6  01 01 01  
  118  00:A8A9  00                .byte $00
  119  00:A8AA  FF            .byte $FF
  120                             
  121                     
  122                     
  123                             
  124           0000      ve_short_staccato = $00
  125           0001      ve_fade_in = $01
  126           0002      ve_blip_echo = $02
  127           0003      ve_tgl_1 = $03
  128           0004      ve_tgl_2 = $04
  129           0005      ve_battlekid_1 = $05
  130           0006      ve_battlekid_1b = $06
  131           0007      ve_battlekid_2 = $07
  132           0008      ve_battlekid_2b = $08
  133           0009      ve_drum_decay = $09
  134           000A      ve_hiHat_decay = $0A
  135           000B      ve_long_decay = $0B
  136           000C      ve_tinyDecy = $0C
  137           000D      ve_noDecay = $0D
  138           000E      ve_long_tremelo = $0E
  139           000F      ve_veryLong_decay = $0F
#[3]   External/sound_EffectTables.asm
#[4]   External/pitch_envelopes.i
    4                             .include "External/pitch_envelopes.i"
    1  00:A8AB            pitch_envelopes:
    2  00:A8AB  B3 A8         .word se_pe_none
    3  00:A8AD  B5 A8         .word se_pe_mod
    4  00:A8AF  C9 A8             .word se_pe_sweep
    5  00:A8B1  DF A8             .word se_pe_bassKick
    6                     
    7           0080      pe_loopLast = $80
    8           0081      pe_loopAll = $81
    9           0082      pe_loopPart = $82       ;requires byte timer amount after
   10           0083      pe_delay = $83          ;requires byte amount after - of negative, not yet reset. only allow if timer is currently 0
   11                     
   12  00:A8B3            se_pe_none:
   13  00:A8B3  00                .byte $00
   14  00:A8B4  80                .byte pe_loopLast
   15                     
   16  00:A8B5            se_pe_mod:
   17                     
   18  00:A8B5  00 83 0A          .byte $00, pe_delay, $0A, $00, $00, $FE, $FE, $FC, $FC, $FE, $FE, $00, $00, $02, $02, $04, $04, $02, $02
       00:A8B8  00 00 FE  
       00:A8BB  FE FC FC  
       00:A8BE  FE FE 00  
       00:A8C1  00 02 02  
       00:A8C4  04 04 02  
       00:A8C7  02        
   19  00:A8C8  81                .byte pe_loopAll
   20                     
   21  00:A8C9            se_pe_sweep:
   22                             
   23  00:A8C9  10 0C 08          .byte $10, $0C, $08, $04, $00, $00, $FE, $FE, $FC, $FC, $FE, $FE, $00, $00, $02, $02, $04, $04, $02, $02
       00:A8CC  04 00 00  
       00:A8CF  FE FE FC  
       00:A8D2  FC FE FE  
       00:A8D5  00 00 02  
       00:A8D8  02 04 04  
       00:A8DB  02 02     
   24  00:A8DD  82 10             .byte pe_loopPart, $10
   25                     
   26  00:A8DF            se_pe_bassKick:
   27  00:A8DF  90 A0 B0          .byte $90, $A0, $B0, $C0, $D0, $E0, $F0, $00, $10, $20, $30, $40, $50, $60, $70
       00:A8E2  C0 D0 E0  
       00:A8E5  F0 00 10  
       00:A8E8  20 30 40  
       00:A8EB  50 60 70  
   28  00:A8EE  80                .byte pe_loopLast
   29                     
   30           0000      pe_none = $00
   31           0001      pe_mod = $01
   32           0002      pe_sweep = $02
   33           0003      pe_bassKick = $03
   34                     
#[3]   External/sound_EffectTables.asm
#[4]   External/arpeggios.i
    5                             .include "External/arpeggios.i"
    1  00:A8EF            arpeggios:
    2  00:A8EF  09 A9             .word se_arp_none
    3  00:A8F1  0B A9         .word se_arp_lowerThird
    4  00:A8F3  10 A9             .word se_arp_dimTriad
    5  00:A8F5  14 A9             .word se_arp_minInvn1
    6  00:A8F7  18 A9             .word se_arp_sharp5
    7  00:A8F9  1C A9             .word se_arp_maj7
    8  00:A8FB  21 A9             .word se_arp_min7
    9  00:A8FD  26 A9             .word se_arp_minFlat6
   10  00:A8FF  2B A9             .word se_arp_spread5thlowerThird
   11  00:A901  30 A9             .word se_arp_min7Invn1
   12  00:A903  35 A9             .word se_arp_dom7Invn2
   13  00:A905  3A A9             .word se_arp_dim7
   14  00:A907  3F A9             .word se_arp_majPlusOct
   15                     
   16  00:A909            se_arp_none:
   17  00:A909  00                .byte $00
   18  00:A90A  FF                .byte $FF
   19                     
   20  00:A90B            se_arp_lowerThird:
   21  00:A90B  00 00 F8          .byte $00, $00, $F8, $F8
       00:A90E  F8        
   22  00:A90F  FF                .byte $FF
   23                             
   24  00:A910            se_arp_dimTriad:
   25  00:A910  00 03 06          .byte $00, $03, $06
   26  00:A913  FF                .byte $FF
   27                     
   28  00:A914            se_arp_minInvn1:
   29  00:A914  FB 00 03          .byte $FB, $00, $03
   30  00:A917  FF                .byte $FF
   31                             
   32  00:A918            se_arp_sharp5:
   33  00:A918  00 04 08          .byte $00, $04, $08
   34  00:A91B  FF                .byte $FF
   35                     
   36  00:A91C            se_arp_maj7:
   37  00:A91C  00 04 07          .byte $00, $04, $07, $0B
       00:A91F  0B        
   38  00:A920  FF                .byte $FF
   39                             
   40  00:A921            se_arp_min7:
   41  00:A921  00 03 07          .byte $00, $03, $07, $0A
       00:A924  0A        
   42  00:A925  FF                .byte $FF
   43                     
   44  00:A926            se_arp_minFlat6:
   45  00:A926  00 03 07          .byte $00, $03, $07, $08
       00:A929  08        
   46  00:A92A  FF                .byte $FF
   47                             
   48  00:A92B            se_arp_spread5thlowerThird:
   49                     
   50  00:A92B  F8 00 07          .byte $F8, $00, $07, $0C
       00:A92E  0C        
   51  00:A92F  FF                .byte $FF
   52                             
   53  00:A930            se_arp_min7Invn1:
   54                     
   55  00:A930  FE 00 03          .byte $FE, $00, $03, $07
       00:A933  07        
   56  00:A934  FF                .byte $FF
   57                     
   58  00:A935            se_arp_dom7Invn2:
   59                             
   60  00:A935  FB FE 00          .byte $FB, $FE, $00, $04
       00:A938  04        
   61  00:A939  FF                .byte $FF
   62                     
   63  00:A93A            se_arp_dim7:
   64                             
   65  00:A93A  00 03 06          .byte $00, $03, $06, $09
       00:A93D  09        
   66  00:A93E  FF                .byte $FF
   67                     
   68  00:A93F            se_arp_majPlusOct:
   69                     
   70  00:A93F  00 04 07          .byte $00, $04, $07, $0C
       00:A942  0C        
   71  00:A943  FF                .byte $FF
   72                             
   73                     
   74                     
   75           0000      arp_none = $00
   76           0001      arp_lowerThird = $01
   77           0002      arp_dimTriad = $02
   78           0003      arp_minInvn1 = $03
   79           0004      arp_sharp5 = $04
   80           0005      arp_maj7 = $05
   81           0006      arp_min7 = $06
   82           0007      arp_minFlat6 = $07
   83           0008      arp_spread5thlowerThird = $08
   84           0009      arp_min7Invn1 = $09
   85           000A      arp_dom7Invn2 = $0A
   86           000B      arp_dim7 = $0B
   87           000C      arp_majPlusOct = $0C
   88                     
   89                     
   90                     
   91                     
#[3]   External/sound_EffectTables.asm
#[2]   External/sound_Engine.asm
  636                     
  637  00:A944            BankSong:       ;;label for bank song
#[1]   SoundEnginePreComp.asm
