#[1]   Source/PictoPuzzler.asm
   11                     
   12                     ;;;; Variables and Macros ;;;;
   13                     
#[2]   Source/Defines/Defines.asm
   14                       .include "Source/Defines/Defines.asm"
    1                     ;; define 0 page stuff here, and SRAM stuff if we have it
    2                     
    3           0000        .rsset $0000
#[3]   Source/Defines/GeneralVars.asm
    4                       .include "Source/Defines/GeneralVars.asm"
    1           0000      temp1                   .rs 1
    2           0001      temp2                   .rs 1
    3           0002      temp3                   .rs 1
    4           0003      temp4                   .rs 1
    5           0004      temp5                   .rs 1
    6           0005      temp6                   .rs 1
    7           0006      temp7                   .rs 1
    8           0007      temp8                   .rs 1
    9           0008      temp9                   .rs 1
   10           0009      temp10                  .rs 1
   11           000A      tempx                   .rs 1
   12           000B      tempy                   .rs 1
   13           000C      time                    .rs 1
   14           000D      scaledTime              .rs 1
   15           000E      sleeping                .rs 1
   16           000F      mode_loadFlags  .rs 1
   17                     ;;trcb nxss
   18                     ;;r = read from save copy 
   19                     ;;c = write to save copy
   20                     ;;skip table read, use blank tile
   21                     ;;ss = puzzle size
   22                     ;;n = don't auto allow nmi
   23           0010      game_mode               .rs 1
   24           0011      mode_state              .rs 1
   25           0012      NMI_locks               .rs 1
   26           0013      game_locks              .rs 1
   27           0014      pointer_address .rs 2
   28           0016      pointerB_address .rs 2
   29           0018      table_address   .rs 2
   30           001A      objectTable_address .rs 2
   31           001C      jump_address    .rs 2
   32           001E      ppu_startAddress .rs 2
   33           0020      temp_addAddress .rs 2
   34           0022      temp_offset .rs 2
   35                     
   36                     ;game modes
   37           0000      TITLE_IDX = $00
   38           0001      GAME_IDX = $01
   39           0002      GAMEOVER_IDX = $02
   40                     
   41                     ;locks for input and rendering
   42           0001      BGLOAD_NMI_LOCK = %00000001
   43           0001      EFFECT_GAME_LOCK = %00000001
   44                     
   45                     
   46                     
#[2]   Source/Defines/Defines.asm
#[3]   Source/Defines/ControllerVars.asm
    5                       .include "Source/Defines/ControllerVars.asm"
    1           0010      GAMEPAD_UP = $10
    2           0020      GAMEPAD_DOWN = $20
    3           0040      GAMEPAD_LEFT = $40
    4           0080      GAMEPAD_RIGHT = $80
    5           0001      GAMEPAD_A = $01
    6           0002      GAMEPAD_B = $02
    7           0004      GAMEPAD_SELECT = $04
    8           0008      GAMEPAD_START = $08
    9                     
   10           00C0      GAMEPAD_HORI = $C0
   11           0030      GAMEPAD_VERT = $30
   12           00F0      GAMEPAD_MOVE = $F0
   13                     
   14           0003      GAMEPAD_AB = $03
   15                     
   16           0009      GAMEPAD_CONFIRM = $09
   17                     
   18           0024      gamepad                 .rs 1
   19           0025      gamepadLast     .rs 1
   20           0026      gamepadPressed  .rs 1
#[2]   Source/Defines/Defines.asm
#[3]   Source/Defines/PPUVariables.asm
    6                       .include "Source/Defines/PPUVariables.asm"
    1           0027      PPU_Control                     .rs 1
    2           0028      PPU_Mask                        .rs 1
    3           0029      PPU_ScrollX                     .rs 1
    4           002A      PPU_ScrollY                     .rs 1
    5           002B      PPU_ScrollNT            .rs 1   ;first two bits
    6           002C      PPU_NT                          .rs 1
    7                     
    8           002D      PPU_PendingWrite        .rs 1
    9           002E      PPU_StringIdx           .rs 1
   10           002F      PPU_String                      .rs 128
   11                     
   12           004F      PPU_STRINGMAX = $4F ;up to size of a full nametable, I think
   13                     
   14           0000      SPRITE_YPOS = $00
   15           0001      SPRITE_ID   = $01
   16           0003      SPRITE_XPOS = $03
   17           0200      SPRITE_DATA = $0200
   18                     
   19           2000      PPU_CTRL = $2000
   20           2001      PPU_MASK = $2001
   21           2002      PPU_STATUS = $2002
   22           2003      OAM_LO = $2003
   23           2004      OAM_DATA = $2004
   24           2005      PPU_SCROLL = $2005
   25           2006      PPU_ADDR = $2006
   26           2007      PPU_DATA = $2007
   27           4014      OAM_HI = $4014
   28                     
   29           0080      DRAW_VERTICAL = $80
   30           0000      DRAW_HORIZONTAL = $00
   31                     
   32           0040      SPRITE_0_MASK = %01000000
#[2]   Source/Defines/Defines.asm
#[3]   Source/Defines/MapperVars.asm
    7                       .include "Source/Defines/MapperVars.asm"
    1           00AF      mapper_address  .rs 2
    2           00B1      currentCHRBankA .rs 1
    3           00B2      currentCHRBankB .rs 1
    4           00B3      currentPRGBank  .rs 1
    5           00B4      mapperDebugVar  .rs 1
    6                     
    7                     
#[2]   Source/Defines/Defines.asm
#[3]   Source/Defines/TitleVariables.asm
    8                       .include "Source/Defines/TitleVariables.asm"
    1                     
#[2]   Source/Defines/Defines.asm
#[3]   Source/Defines/GameVariables.asm
    9                       .include "Source/Defines/GameVariables.asm"
    1           A000      PUZZLE_TABLE = $A000
    2           A036      NAMES_TABLE = $A036
    3           A06C      SPRITES_TABLE = $A06C
    4                     
    5           00B5      tempBank                        .rs 1
    6           00B6      tempPuzz                        .rs 1
    7           00B7      puzzle_address          .rs 2
    8           00B9      clues_address           .rs 2
    9           00BB      title_address           .rs 2
   10           00BD      pause_address           .rs 2
   11           00BF      copy_address        .rs 2
   12           00C1      pause_draw_address  .rs 2
   13           00C3      pause_draw_height       .rs 1
   14           00C4      pause_draw_width        .rs 1
   15           00C5      title_draw_address      .rs 2
   16           00C7      clue_start_address      .rs 2
   17           00C9      clue_draw_address       .rs 2
   18           00CB      clueTableIndex          .rs 1
   19           00CC      clueLineIndex           .rs 1
   20           00CD      clueOffsetShift         .rs 1
   21           00CE      clueDrawAdd                     .rs 1
   22           00CF      clueDrawOffset          .rs 2
   23           00D1      clueDrawDecSize         .rs 1
   24           00D2      clueParity                      .rs 1
   25           00D3      mouse_location          .rs 2
   26           00D5      mouse_index                     .rs 2
   27           00D7      currentPaintTile        .rs 1
   28           00D8      pauseState                      .rs 1
   29           00D9      pauseInputLock          .rs 1
   30           00DA      holdTimer                       .rs 1
   31           00DB      targetGameMode          .rs 1
   32           00DC      targetScreenLoad        .rs 1
   33           00DD      recordSet                       .rs 1
   34           00DE      startOnBankTable        .rs 1
   35                     
#[2]   Source/Defines/Defines.asm
#[3]   Source/External/SoundEngine/Variables/SoundVariables_ZP.asm
   10                       .include "Source/External/SoundEngine/Variables/SoundVariables_ZP.asm"
    1           00DF      sound_ptr .rs 2
    2           00E1      sound_ptr2 .rs 2
    3           00E3      current_song .rs 1
#[2]   Source/Defines/Defines.asm
   11                     
   12                     ;; 0100 is the stack
   13                     ;; 0200 is sprite ram
   14           0300        .rsset $0300
   15                       ;; these need to be separate files while the sound engine is pre-compiled
#[3]   Source/External/SoundEngine/Tables/FX/kVol_idx.asm
   16                       .include "Source/External/SoundEngine/Tables/FX/kVol_idx.asm"
    1           0000      ve_short_staccato = $00
    2           0001      ve_fade_in = $01
    3           0002      ve_blip_echo = $02
    4           0003      ve_tgl_1 = $03
    5           0004      ve_tgl_2 = $04
    6           0005      ve_battlekid_1 = $05
    7           0006      ve_battlekid_1b = $06
    8           0007      ve_battlekid_2 = $07
    9           0008      ve_battlekid_2b = $08
   10           0009      ve_drum_decay = $09
   11           000A      ve_hiHat_decay = $0A
   12           000B      ve_long_decay = $0B
   13           000C      ve_tinyDecy = $0C
   14           000D      ve_noDecay = $0D
   15           000E      ve_long_tremelo = $0E
   16           000F      ve_veryLong_decay = $0F
   17                     
#[2]   Source/Defines/Defines.asm
#[3]   Source/External/SoundEngine/Tables/FX/kMod_idx.asm
   17                       .include "Source/External/SoundEngine/Tables/FX/kMod_idx.asm"
    1           0000      me_none = $00
    2           0001      me_mod = $01
    3           0002      me_sweep = $02
    4           0003      me_bassKick = $03
    5                     
#[2]   Source/Defines/Defines.asm
#[3]   Source/External/SoundEngine/Tables/FX/kArp_idx.asm
   18                       .include "Source/External/SoundEngine/Tables/FX/kArp_idx.asm"
    1           0000      arp_none = $00
    2           0001      arp_lowerThird = $01
    3           0002      arp_dimTriad = $02
    4           0003      arp_minInvn1 = $03
    5           0004      arp_sharp5 = $04
    6           0005      arp_maj7 = $05
    7           0006      arp_min7 = $06
    8           0007      arp_minFlat6 = $07
    9           0008      arp_spread5thlowerThird = $08
   10           0009      arp_min7Invn1 = $09
   11           000A      arp_dom7Invn2 = $0A
   12           000B      arp_dim7 = $0B
   13           000C      arp_majPlusOct = $0C
   14                     
#[2]   Source/Defines/Defines.asm
#[3]   Source/External/SoundEngine/Tables/note_idx.i
   19                       .include "Source/External/SoundEngine/Tables/note_idx.i"
    1                     ;Note: octaves in music traditionally start at C, not A    
    2           0000      A1 = $00    ;the "1" means Octave 1
    3           0001      As1 = $01   ;the "s" means "sharp"
    4           0001      Bb1 = $01   ;the "b" means "flat"  A# == Bb, so same value
    5           0002      B1 = $02
    6                     
    7           0003      C2 = $03
    8           0004      Cs2 = $04
    9           0004      Db2 = $04
   10           0005      D2 = $05
   11           0006      Ds2 = $06
   12           0006      Eb2 = $06
   13           0007      E2 = $07
   14           0008      F2 = $08
   15           0009      Fs2 = $09
   16           0009      Gb2 = $09
   17           000A      G2 = $0A
   18           000B      Gs2 = $0B
   19           000B      Ab2 = $0B
   20           000C      A2 = $0C
   21           000D      As2 = $0D
   22           000D      Bb2 = $0D
   23           000E      B2 = $0E
   24                     
   25           000F      C3 = $0F
   26           0010      Cs3 = $10
   27           0010      Db3 = $10
   28           0011      D3 = $11
   29           0012      Ds3 = $12
   30           0012      Eb3 = $12
   31           0013      E3 = $13
   32           0014      F3 = $14
   33           0015      Fs3 = $15
   34           0015      Gb3 = $15
   35           0016      G3 = $16
   36           0017      Gs3 = $17
   37           0017      Ab3 = $17
   38           0018      A3 = $18
   39           0019      As3 = $19
   40           0019      Bb3 = $19
   41           001A      B3 = $1a
   42                     
   43           001B      C4 = $1b
   44           001C      Cs4 = $1c
   45           001C      Db4 = $1c
   46           001D      D4 = $1d
   47           001E      Ds4 = $1e
   48           001E      Eb4 = $1e
   49           001F      E4 = $1f
   50           0020      F4 = $20
   51           0021      Fs4 = $21
   52           0021      Gb4 = $21
   53           0022      G4 = $22
   54           0023      Gs4 = $23
   55           0023      Ab4 = $23
   56           0024      A4 = $24
   57           0025      As4 = $25
   58           0025      Bb4 = $25
   59           0026      B4 = $26
   60                     
   61           0027      C5 = $27
   62           0028      Cs5 = $28
   63           0028      Db5 = $28
   64           0029      D5 = $29
   65           002A      Ds5 = $2a
   66           002A      Eb5 = $2a
   67           002B      E5 = $2b
   68           002C      F5 = $2c
   69           002D      Fs5 = $2d
   70           002D      Gb5 = $2d
   71           002E      G5 = $2e
   72           002F      Gs5 = $2f
   73           002F      Ab5 = $2f
   74           0030      A5 = $30
   75           0031      As5 = $31
   76           0031      Bb5 = $31
   77           0032      B5 = $32
   78                     
   79           0033      C6 = $33
   80           0034      Cs6 = $34
   81           0034      Db6 = $34
   82           0035      D6 = $35
   83           0036      Ds6 = $36
   84           0036      Eb6 = $36
   85           0037      E6 = $37
   86           0038      F6 = $38
   87           0039      Fs6 = $39
   88           0039      Gb6 = $39
   89           003A      G6 = $3a
   90           003B      Gs6 = $3b
   91           003B      Ab6 = $3b
   92           003C      A6 = $3c
   93           003D      As6 = $3d
   94           003D      Bb6 = $3d
   95           003E      B6 = $3e
   96                     
   97           003F      C7 = $3f
   98           0040      Cs7 = $40
   99           0040      Db7 = $40
  100           0041      D7 = $41
  101           0042      Ds7 = $42
  102           0042      Eb7 = $42
  103           0043      E7 = $43
  104           0044      F7 = $44
  105           0045      Fs7 = $45
  106           0045      Gb7 = $45
  107           0046      G7 = $46
  108           0047      Gs7 = $47
  109           0047      Ab7 = $47
  110           0048      A7 = $48
  111           0049      As7 = $49
  112           0049      Bb7 = $49
  113           004A      B7 = $4a
  114                     
  115           004B      C8 = $4b
  116           004C      Cs8 = $4c
  117           004C      Db8 = $4c
  118           004D      D8 = $4d
  119           004E      Ds8 = $4e
  120           004E      Eb8 = $4e
  121           004F      E8 = $4f
  122           0050      F8 = $50
  123           0051      Fs8 = $51
  124           0051      Gb8 = $51
  125           0052      G8 = $52
  126           0053      Gs8 = $53
  127           0053      Ab8 = $53
  128           0054      A8 = $54
  129           0055      As8 = $55
  130           0055      Bb8 = $55
  131           0056      B8 = $56
  132                     
  133           0057      C9 = $57
  134           0058      Cs9 = $58
  135           0058      Db9 = $58
  136           0059      D9 = $59
  137           005A      Ds9 = $5a
  138           005A      Eb9 = $5a
  139           005B      E9 = $5b
  140           005C      F9 = $5c
  141           005D      Fs9 = $5d
  142           005D      Gb9 = $5d
  143                     
  144           005E      rest = $5e
#[2]   Source/Defines/Defines.asm
#[3]   Source/External/SoundEngine/Variables/SoundVariables.asm
   20                       .include "Source/External/SoundEngine/Variables/SoundVariables.asm"
    1           0000      SQUARE_1 = $00 ;these are channel constants
    2           0001      SQUARE_2 = $01
    3           0002      TRIANGLE = $02
    4           0003      NOISE = $03
    5           0004      DPMC = $04
    6                     
    7           0000      MUSIC_SQ1       = $00 ;these are stream # constants
    8           0001      MUSIC_SQ2       = $01 ;stream # is used to index into variables
    9           0002      MUSIC_TRI       = $02
   10           0003      MUSIC_NOI       = $03
   11           0004      SFX_1           = $04
   12           0005      SFX_2           = $05
   13           0006      MUSIC_DPMC      = $06
   14           0007      SFX_DPMC        = $07
   15                     
   16                     ;these are aliases to use in the sound data.
   17           00A0      endsound = $A0
   18           00A1      loop = $A1
   19           00A2      volume_envelope = $A2
   20           00A3      duty = $A3
   21           00A4      set_loop1_counter = $A4
   22           00A5      loop1 = $A5
   23           00A6      set_note_offset = $A6
   24           00A7      adjust_note_offset = $A7
   25           00A8      transpose = $A8
   26           00A9      pitch_envelope = $A9
   27           00AA      arpeggio = $AA
   28                     
   29           0070      d_rest = $70
   30                     
   31                     ;note length constants (aliases)
   32           0080      thirtysecond = $80
   33           0081      sixteenth = $81
   34           0082      eighth = $82
   35           0083      quarter = $83
   36           0084      half = $84
   37           0085      whole = $85
   38           0086      d_sixteenth = $86
   39           0087      d_eighth = $87
   40           0088      d_quarter = $88
   41           0089      d_half = $89
   42           008A      d_whole = $8A   ;don't forget we are counting in hex
   43           008B      t_quarter = $8B
   44           008C      five_eighths =$8C
   45           008D      five_sixteenths=$8D
   46           008E      d_half_d_eight = $8E
   47           008F      whole_quarter_sixteenth = $8F
   48           0090      d_half_eighth = $90
   49           0091      whole_sixteenth = $91
   50           0087      quarterSwing = $87
   51           0088      halfSwing = $88
   52           0089      wholeSwing = $89
   53           0086      eighthSwing = $86
   54           0081      swingDown = $81
   55           0080      swingUp = $80
   56           0092      five_thirtyseconds = $92
   57           0093      d_halfSwing_p1 = $93
   58           0094      halfSwing_p1 = $94
   59           0095      halfSwing_p3 = $95
   60           0096      halfSwing_m1 = $96
   61           0097      wholeSwing_p1 = $97
   62           0098      quarterSwing_p1 = $98
   63           0099      d_quarterSwing = $99
   64           009A      d_halfSwing = $9A
   65           009B      wholeSwing_m1 = $9B
   66                     
   67           00FF      l_last = $FF
   68           00FE      l_All = $FE
   69           00FD      l_Part = $FD
   70           00FC      l_Hold = $FC
   71           0080      l_cLast = $80
   72           0081      l_cAll = $81
   73           0082      l_cPart = $82
   74           0083      l_cHold = $83
   75                     
   76           0300      sound_enable_flags .rs 1        ;updated and written to 4015 (reading 4015 is not the same as writing)
   77           0301      sound_disable_flag  .rs 1   ;a flag variable that keeps track of whether the sound engine is disabled or not. 
   78           0302      sound_temp1 .rs 1           ;temporary variables
   79           0303      sound_temp2 .rs 1
   80           0304      sound_sq1_old .rs 1  ;the last value written to $4003
   81           0305      sound_sq2_old .rs 1  ;the last value written to $4007
   82           0306      soft_apu_ports .rs 20
   83                     
   84                     ;reserve 6 bytes, one for each stream
   85           031A      stream_curr_sound .rs 8     ;current song/sfx loaded
   86           0322      stream_status .rs 8         ;status byte.   bit0: (1: stream enabled; 0: stream disabled)
   87           032A      stream_channel .rs 8        ;what channel is this stream playing on?
   88           0332      stream_ptr_LO .rs 8         ;low byte of pointer to data stream
   89           033A      stream_ptr_HI .rs 8         ;high byte of pointer to data stream
   90           0342      stream_ve .rs 8             ;current volume envelope
   91           034A      stream_ve_index .rs 8       ;current position within the volume envelope
   92           0352      stream_vol_duty .rs 8       ;stream volume/duty settings
   93           035A      stream_note_idx .rs 8
   94           0362      stream_note_LO .rs 8        ;low 8 bits of period for the current note on a stream
   95           036A      stream_note_HI .rs 8        ;high 3 bits of period for the current note on a stream 
   96           0372      stream_tempo .rs 8          ;the value to add to our ticker total each frame
   97           037A      stream_ticker_total .rs 8   ;our running ticker total.
   98           0382      stream_note_length_counter .rs 8
   99           038A      stream_note_length .rs 8
  100           0392      stream_loop1 .rs 8          ;loop counter
  101           039A      stream_note_offset .rs 6
  102           03A0      stream_pe .rs 8             ;current volume envelope
  103           03A8      stream_pe_index .rs 8       ;current position within the volume envelope
  104           03B0      stream_pe_offset .rs 8
  105           03B8      stream_pe_delay .rs 8
  106           03C0      stream_arp .rs 8
  107           03C8      stream_arp_index .rs 8
  108           03D0      stream_arp_offset .rs 8
#[2]   Source/Defines/Defines.asm
   21           0400        .rsset $0400
   22           0500        .rsset $0500
   23           0600        .rsset $0600
   24           0700        .rsset $0700
   25           6000        .rsset $6000
#[3]   Source/Defines/ScreenStateVariables.asm
   26                       .include "Source/Defines/ScreenStateVariables.asm"
    1           6000      Screen_Copy             .rs 1024
    2           6400      ScreenB_Copy    .rs 1024
    3           6800      SaveScreen_Copy .rs 1024
    4           6C00      Palette_Copy    .rs 32
#[2]   Source/Defines/Defines.asm
   27           7000        .rsset $7000
#[3]   Source/Defines/SaveVariables.asm
   28                       .include "Source/Defines/SaveVariables.asm"
    1           7000      hasContinue .rs 1
    2           7001      solutionCount           .rs 1
    3           7002      nonSolutionCount        .rs 1
    4           7003      GameTime                        .rs 4   ;in order - second, ten second, minute, 10 minute - max out at 99 minutes
    5           7007      bank_index      .rs 1
    6           7008      puzzle_index .rs 1
    7           7009      image_table_offset .rs 1
    8                     ;we can save these for the continue
    9                     ;on a continue- we just need to load the back ground as it was
   10                     ;we'll save out data for the puzzles- just need to know if it's 1) complete and 2) the time
   11                     ;we can do that in 4 bytes each, so 324 bytes
   12           700A      puzzle_clear_bank0 .rs 108
   13           7076      puzzle_clear_bank1 .rs 108
   14           70E2      puzzle_clear_bank2 .rs 108
   15                     
#[2]   Source/Defines/Defines.asm
   29                     
   30                     
   31                     ;precompiled labels
   32                     
   33                       ;.include "Source/SoundEnginePreComp.fns"
   34                       ;.include "Source/PictoPuzzler.fns"
   35                       
#[1]   Source/PictoPuzzler.asm
#[2]   Source/Routines/Macros/Macros.asm
   15                       .include "Source/Routines/Macros/Macros.asm"
    1                             ;; include list of macros here
    2                             
#[3]   Source/Routines/Macros/PPUMacros.asm
    3                             .include "Source/Routines/Macros/PPUMacros.asm"
    1                     ;;macro to load a full name table
    2                     ;; \1 = address to set
    3                     ;; \2 = flags to set
    4                     ;; all registers clobbered, as well as table_address
    5                     MACROSetPPUControl .macro
    6                     
    7                       LDA #\1  ; enable NMI, sprites from Pattern Table 0, background from Pattern Table 1
    8                       STA PPU_CTRL
    9                       LDA #\2   ; enable sprites, enable background, no clipping on left side
   10                       STA PPU_MASK
   11                             
   12                       .endm
   13                       
   14                     MACROSetPPUAddress .macro
   15                     
   16                       LDA PPU_STATUS             ; read PPU status to reset the high/low latch
   17                       LDA #HIGH(\1)
   18                       STA PPU_ADDR            ; write the high byte of $2000 address
   19                       LDA #LOW(\1)
   20                       STA PPU_ADDR           ; write the low byte of $2000 address
   21                       
   22                       .endm
   23                     
   24                     MACROSetPPUAddressVariable .macro
   25                     
   26                       LDA PPU_STATUS
   27                       LDA \1+1
   28                       STA PPU_ADDR
   29                       LDA \1
   30                       STA PPU_ADDR
   31                     
   32                       .endm
   33                       
   34                     MACROSAddXYOffset .macro
   35                     
   36                       LDA \1+1
   37                       LDX \1
   38                       JSR GetAddressWithXYOffset
   39                       STA \1+1
   40                       STX \1
   41                             
   42                       .endm
   43                       
   44                     MACROAddPPUStringEntryRawData .macro
   45                     
   46                       LDA #$01
   47                       STA PPU_PendingWrite
   48                       LDA \1
   49                       JSR WriteToPPUString
   50                       LDA \2
   51                       JSR WriteToPPUString
   52                       LDA \3
   53                       JSR WriteToPPUString
   54                       LDA \4 
   55                       JSR WriteToPPUString
   56                       
   57                       .endm
   58                     
   59                     MACROAddPPUStringEntryRepeat .macro
   60                     
   61                       LDA #$01
   62                       STA PPU_PendingWrite
   63                       LDA \1
   64                       JSR WriteToPPUString
   65                       LDA \2
   66                       JSR WriteToPPUString
   67                       LDA #$40
   68                       ORA \3
   69                       ORA \4
   70                       JSR WriteToPPUString
   71                       LDA \5
   72                       JSR WriteToPPUString
   73                       
   74                       .endm
   75                       
   76                     MACROAddPPUStringEntryTable .macro
   77                      
   78                       LDA #$01
   79                       STA PPU_PendingWrite
   80                       LDA \1
   81                       JSR WriteToPPUString
   82                       LDA \2
   83                       JSR WriteToPPUString
   84                       LDA #$20
   85                       ORA \3
   86                       JSR WriteToPPUString
   87                       LDA #LOW(\4)
   88                       JSR WriteToPPUString
   89                       LDA #HIGH(\4)
   90                       JSR WriteToPPUString
   91                      
   92                       .endm
   93                     
   94                     MACROAddPPUStringEntryTablePtr .macro
   95                      
   96                       LDA #$01
   97                       STA PPU_PendingWrite
   98                       LDA \1
   99                       JSR WriteToPPUString
  100                       LDA \2
  101                       JSR WriteToPPUString
  102                       LDA #$20
  103                       ORA \3
  104                       JSR WriteToPPUString
  105                       LDA \4
  106                       JSR WriteToPPUString
  107                       LDA \4+1
  108                       JSR WriteToPPUString
  109                      
  110                       .endm
  111                     
#[2]   Source/Routines/Macros/Macros.asm
#[3]   Source/Routines/Macros/CallDynamicJump.asm
    4                             .include "Source/Routines/Macros/CallDynamicJump.asm"
    1                     ;;macro to load a full name table
    2                     ;; \1 = address to set
    3                     ;; \2 = flags to set
    4                     ;; all registers clobbered, as well as table_address
    5                     MACROCallDynamicJump .macro
    6                     
    7                       LDA \1
    8                       JSR Dynamic_Jump
    9                             
   10                       .endm
#[2]   Source/Routines/Macros/Macros.asm
#[3]   Source/Routines/Macros/GetDoubleIndex.asm
    5                             .include "Source/Routines/Macros/GetDoubleIndex.asm"
    1                     ;;macro to load a full name table
    2                     ;; \1 = index to double
    3                     ;; all registers clobbered, as well as table_address
    4                     MACROGetDoubleIndex .macro
    5                     
    6                             LDA \1
    7                             ASL A
    8                             TAY
    9                             
   10                       .endm
#[2]   Source/Routines/Macros/Macros.asm
#[3]   Source/Routines/Macros/GetLabelPointer.asm
    6                             .include "Source/Routines/Macros/GetLabelPointer.asm"
    1                     ;;macro to load a full name table
    2                     ;; \1 = label we want address of
    3                     ;; \2 = address to store address to
    4                     ;; all registers clobbered, as well as table_address
    5                     MACROGetLabelPointer .macro
    6                     
    7                             LDA #HIGH(\1)
    8                             LDX #LOW(\1)
    9                             
   10                             STX \2
   11                             STA \2+1
   12                             
   13                       .endm
   14                       
   15                     MACROGetPointer .macro
   16                     
   17                             LDA \1
   18                             STA \2
   19                             LDA \1+1
   20                             STA \2+1
   21                     
   22                       .endm
   23                       
   24                     MACROAdd32ToPointer .macro
   25                     
   26                             LDA \1+1
   27                             LDX \1
   28                             JSR Add32ToAddress
   29                             STA \1+1
   30                             STX \1
   31                             
   32                             .endm
#[2]   Source/Routines/Macros/Macros.asm
#[3]   Source/Routines/Macros/FlagMacros.asm
    7                             .include "Source/Routines/Macros/FlagMacros.asm"
    1                     ;;macro to load a full name table
    2                     ;; \1 = address to set
    3                     ;; \2 = flags to set
    4                     ;; all registers clobbered, as well as table_address
    5                     MACROSetFlags .macro
    6                     
    7                       LDA \1
    8                       ORA #\2
    9                       STA \1
   10                             
   11                       .endm
   12                       
   13                     MACROClearFlags .macro
   14                     
   15                       LDA #\2
   16                       EOR #$FF
   17                       AND \1  
   18                       STA \1
   19                     
   20                       .endm
#[2]   Source/Routines/Macros/Macros.asm
#[1]   Source/PictoPuzzler.asm
   16                     
   17                     ;;**************************;;
   18                     ;;;;;;;;;;;;;;;;;;;;;;;;;;;;;;
   19                     ;;       PRG ROM            ;;
   20                     ;;;;;;;;;;;;;;;;;;;;;;;;;;;;;;
   21                     ;;**************************;; 
   22                     
#[2]   Source/Banks/Bank0.asm
   23                       .include "Source/Banks/Bank0.asm"
    1                     
    2                     
    3           0000        .bank 0
    4           8000        .org $8000
    5                       
#[3]   Source/Content/Puzzles/B0.asm
    6                       .include "Source/Content/Puzzles/B0.asm"
    1  00:8000            B0_equal_sign:
    2  00:8000  00 06 00    .db $00, $06, $00, $00, $10, $20
       00:8003  00 10 20  
    3  00:8006  00 70 00    .db $00, $70, $00, $70, $00
       00:8009  70 00     
    4  00:800B  00 FF 11    .db $00, $FF, $11, $FF, $11, $FF, $11, $FF, $00, $FF
       00:800E  FF 11 FF  
       00:8011  11 FF 00  
       00:8014  FF        
    5  00:8015  00 FF 30    .db $00, $FF, $30, $FF, $00, $FF, $30, $FF, $00, $FF
       00:8018  FF 00 FF  
       00:801B  30 FF 00  
       00:801E  FF        
    6  00:801F            B0_equal_signImage:
    7  00:801F  AA AF EA   .db $AA, $AF, $EA, $56, $FE, $A5, $40, $FF
       00:8022  56 FE A5  
       00:8025  40 FF     
    8  00:8027            B0_equal_signName:
    9  00:8027  0A 0E 1A    .db $0A, $0E, $1A, $1E, $0A, $15, $24, $1C, $12, $10, $17, $FF
       00:802A  1E 0A 15  
       00:802D  24 1C 12  
       00:8030  10 17 FF  
   10                     
   11  00:8033            B0_plus_sign:
   12  00:8033  00 05 00    .db $00, $05, $00, $00, $10, $20
       00:8036  00 10 20  
   13  00:8039  00 20 70    .db $00, $20, $70, $20, $00
       00:803C  20 00     
   14  00:803E  00 FF 10    .db $00, $FF, $10, $FF, $30, $FF, $10, $FF, $00, $FF
       00:8041  FF 30 FF  
       00:8044  10 FF 00  
       00:8047  FF        
   15  00:8048  00 FF 10    .db $00, $FF, $10, $FF, $30, $FF, $10, $FF, $00, $FF
       00:804B  FF 30 FF  
       00:804E  10 FF 00  
       00:8051  FF        
   16  00:8052            B0_plus_signImage:
   17  00:8052  AA AB AB   .db $AA, $AB, $AB, $FA, $B5, $A9, $80, $FF
       00:8055  FA B5 A9  
       00:8058  80 FF     
   18  00:805A            B0_plus_signName:
   19  00:805A  09 19 15    .db $09, $19, $15, $1E, $1C, $24, $1C, $12, $10, $17, $FF
       00:805D  1E 1C 24  
       00:8060  1C 12 10  
       00:8063  17 FF     
   20                     
   21  00:8065            B0_c:
   22  00:8065  00 10 00    .db $00, $10, $00, $00, $10, $20
       00:8068  00 10 20  
   23  00:806B  70 F0 C0    .db $70, $F0, $C0, $F0, $70
       00:806E  F0 70     
   24  00:8070  30 FF 50    .db $30, $FF, $50, $FF, $22, $FF, $22, $FF, $00, $FF
       00:8073  FF 22 FF  
       00:8076  22 FF 00  
       00:8079  FF        
   25  00:807A  30 FF 40    .db $30, $FF, $40, $FF, $20, $FF, $40, $FF, $30, $FF
       00:807D  FF 20 FF  
       00:8080  40 FF 30  
       00:8083  FF        
   26  00:8084            B0_cImage:
   27  00:8084  BF BF EF   .db $BF, $BF, $EF, $AB, $FE, $BF, $80, $FF
       00:8087  AB FE BF  
       00:808A  80 FF     
   28  00:808C            B0_cName:
   29  00:808C  01 0C FF    .db $01, $0C, $FF
   30                     
   31  00:808F            B0_a:
   32  00:808F  00 11 00    .db $00, $11, $00, $00, $10, $20
       00:8092  00 10 20  
   33  00:8095  20 70 D8    .db $20, $70, $D8, $F8, $D8
       00:8098  F8 D8     
   34  00:809A  30 FF 40    .db $30, $FF, $40, $FF, $12, $FF, $40, $FF, $30, $FF
       00:809D  FF 12 FF  
       00:80A0  40 FF 30  
       00:80A3  FF        
   35  00:80A4  10 FF 30    .db $10, $FF, $30, $FF, $22, $FF, $50, $FF, $22, $FF
       00:80A7  FF 22 FF  
       00:80AA  50 FF 22  
       00:80AD  FF        
   36  00:80AE            B0_aImage:
   37  00:80AE  AE AF EF   .db $AE, $AF, $EF, $BF, $FF, $FB, $C0, $FF
       00:80B1  BF FF FB  
       00:80B4  C0 FF     
   38  00:80B6            B0_aName:
   39  00:80B6  01 0A FF    .db $01, $0A, $FF
   40                     
   41  00:80B9            B0_t:
   42  00:80B9  00 0D 00    .db $00, $0D, $00, $00, $10, $20
       00:80BC  00 10 20  
   43  00:80BF  F8 F8 20    .db $F8, $F8, $20, $20, $20
       00:80C2  20 20     
   44  00:80C4  20 FF 20    .db $20, $FF, $20, $FF, $50, $FF, $20, $FF, $20, $FF
       00:80C7  FF 50 FF  
       00:80CA  20 FF 20  
       00:80CD  FF        
   45  00:80CE  50 FF 50    .db $50, $FF, $50, $FF, $10, $FF, $10, $FF, $10, $FF
       00:80D1  FF 10 FF  
       00:80D4  10 FF 10  
       00:80D7  FF        
   46  00:80D8            B0_tImage:
   47  00:80D8  FF FF FA   .db $FF, $FF, $FA, $EA, $BA, $AE, $80, $FF
       00:80DB  EA BA AE  
       00:80DE  80 FF     
   48  00:80E0            B0_tName:
   49  00:80E0  01 1D FF    .db $01, $1D, $FF
   50                     
   51  00:80E3            B0_f:
   52  00:80E3  00 0F 00    .db $00, $0F, $00, $00, $10, $20
       00:80E6  00 10 20  
   53  00:80E9  F8 F8 80    .db $F8, $F8, $80, $E0, $80
       00:80EC  E0 80     
   54  00:80EE  50 FF 12    .db $50, $FF, $12, $FF, $12, $FF, $20, $FF, $20, $FF
       00:80F1  FF 12 FF  
       00:80F4  20 FF 20  
       00:80F7  FF        
   55  00:80F8  50 FF 50    .db $50, $FF, $50, $FF, $10, $FF, $30, $FF, $10, $FF
       00:80FB  FF 10 FF  
       00:80FE  30 FF 10  
       00:8101  FF        
   56  00:8102            B0_fImage:
   57  00:8102  FF FF FE   .db $FF, $FF, $FE, $AB, $FA, $EA, $80, $FF
       00:8105  AB FA EA  
       00:8108  80 FF     
   58  00:810A            B0_fName:
   59  00:810A  01 0F FF    .db $01, $0F, $FF
   60                     
   61  00:810D            B0_o:
   62  00:810D  00 14 00    .db $00, $14, $00, $00, $10, $20
       00:8110  00 10 20  
   63  00:8113  70 F8 D8    .db $70, $F8, $D8, $F8, $70
       00:8116  F8 70     
   64  00:8118  30 FF 50    .db $30, $FF, $50, $FF, $22, $FF, $50, $FF, $30, $FF
       00:811B  FF 22 FF  
       00:811E  50 FF 30  
       00:8121  FF        
   65  00:8122  30 FF 50    .db $30, $FF, $50, $FF, $22, $FF, $50, $FF, $30, $FF
       00:8125  FF 22 FF  
       00:8128  50 FF 30  
       00:812B  FF        
   66  00:812C            B0_oImage:
   67  00:812C  BF BF FF   .db $BF, $BF, $FF, $BF, $FF, $BF, $80, $FF
       00:812F  BF FF BF  
       00:8132  80 FF     
   68  00:8134            B0_oName:
   69  00:8134  01 18 FF    .db $01, $18, $FF
   70                     
   71  00:8137            B0_r:
   72  00:8137  00 10 00    .db $00, $10, $00, $00, $10, $20
       00:813A  00 10 20  
   73  00:813D  F0 F0 B0    .db $F0, $F0, $B0, $E0, $90
       00:8140  E0 90     
   74  00:8142  50 FF 12    .db $50, $FF, $12, $FF, $40, $FF, $13, $FF, $00, $FF
       00:8145  FF 40 FF  
       00:8148  13 FF 00  
       00:814B  FF        
   75  00:814C  40 FF 40    .db $40, $FF, $40, $FF, $21, $FF, $30, $FF, $11, $FF
       00:814F  FF 21 FF  
       00:8152  30 FF 11  
       00:8155  FF        
   76  00:8156            B0_rImage:
   77  00:8156  FF BF EE   .db $FF, $BF, $EE, $FB, $FA, $EB, $80, $FF
       00:8159  FB FA EB  
       00:815C  80 FF     
   78  00:815E            B0_rName:
   79  00:815E  01 1B FF    .db $01, $1B, $FF
   80                     
   81  00:8161            B0_lower_t:
   82  00:8161  00 08 00    .db $00, $08, $00, $00, $10, $20
       00:8164  00 10 20  
   83  00:8167  20 70 20    .db $20, $70, $20, $20, $30
       00:816A  20 30     
   84  00:816C  00 FF 10    .db $00, $FF, $10, $FF, $50, $FF, $11, $FF, $00, $FF
       00:816F  FF 50 FF  
       00:8172  11 FF 00  
       00:8175  FF        
   85  00:8176  10 FF 30    .db $10, $FF, $30, $FF, $10, $FF, $10, $FF, $20, $FF
       00:8179  FF 10 FF  
       00:817C  10 FF 20  
       00:817F  FF        
   86  00:8180            B0_lower_tImage:
   87  00:8180  AE AF EA   .db $AE, $AF, $EA, $EA, $BA, $AF, $80, $FF
       00:8183  EA BA AF  
       00:8186  80 FF     
   88  00:8188            B0_lower_tName:
   89  00:8188  07 15 18    .db $07, $15, $18, $20, $0E, $1B, $24, $1D, $FF
       00:818B  20 0E 1B  
       00:818E  24 1D FF  
   90                     
   91  00:8191            B0_perfume:
   92  00:8191  01 1A 00    .db $01, $1A, $00, $2C, $15, $20
       00:8194  2C 15 20  
   93  00:8197  00 00 0C    .db $00, $00, $0C, $00, $12, $00, $1E, $00, $0C, $00, $3F, $00, $21, $00, $21, $00, $3F, $00, $00, $00
       00:819A  00 12 00  
       00:819D  1E 00 0C  
       00:81A0  00 3F 00  
       00:81A3  21 00 21  
       00:81A6  00 3F 00  
       00:81A9  00 00     
   94  00:81AB  00 FF 00    .db $00, $FF, $00, $FF, $40, $FF, $11, $20, $FF, $13, $10, $FF, $13, $10, $FF, $11, $20, $FF, $40, $FF, $00, $FF, $00, $FF
       00:81AE  FF 40 FF  
       00:81B1  11 20 FF  
       00:81B4  13 10 FF  
       00:81B7  13 10 FF  
       00:81BA  11 20 FF  
       00:81BD  40 FF 00  
       00:81C0  FF 00 FF  
   95  00:81C3  00 FF 20    .db $00, $FF, $20, $FF, $11, $FF, $40, $FF, $20, $FF, $60, $FF, $11, $FF, $11, $FF, $60, $FF, $00, $FF
       00:81C6  FF 11 FF  
       00:81C9  40 FF 20  
       00:81CC  FF 60 FF  
       00:81CF  11 FF 11  
       00:81D2  FF 60 FF  
       00:81D5  00 FF     
   96  00:81D7            B0_perfumeImage:
   97  00:81D7  55 55 55   .db $55, $55, $55, $5F, $55, $57, $5D, $55, $7F, $D5, $55, $F5, $55, $FF, $F5, $5E, $AB, $55, $EA, $B5, $5F, $FF, $55, $55, $55, $FF
       00:81DA  5F 55 57  
       00:81DD  5D 55 7F  
       00:81E0  D5 55 F5  
       00:81E3  55 FF F5  
       00:81E6  5E AB 55  
       00:81E9  EA B5 5F  
       00:81EC  FF 55 55  
       00:81EF  55 FF     
   98  00:81F1            B0_perfumeName:
   99  00:81F1  07 19 0E    .db $07, $19, $0E, $1B, $0F, $1E, $16, $0E, $FF
       00:81F4  1B 0F 1E  
       00:81F7  16 0E FF  
  100                     
  101  00:81FA            B0_chestnut:
  102  00:81FA  01 24 00    .db $01, $24, $00, $07, $1C, $37
       00:81FD  07 1C 37  
  103  00:8200  00 00 0C    .db $00, $00, $0C, $00, $1E, $00, $33, $00, $61, $80, $40, $80, $5E, $80, $7F, $80, $3F, $00, $00, $00
       00:8203  00 1E 00  
       00:8206  33 00 61  
       00:8209  80 40 80  
       00:820C  5E 80 7F  
       00:820F  80 3F 00  
       00:8212  00 00     
  104  00:8214  00 FF 40    .db $00, $FF, $40, $FF, $22, $FF, $32, $FF, $32, $FF, $32, $FF, $32, $FF, $22, $FF, $40, $FF, $00, $FF
       00:8217  FF 22 FF  
       00:821A  32 FF 32  
       00:821D  FF 32 FF  
       00:8220  32 FF 22  
       00:8223  FF 40 FF  
       00:8226  00 FF     
  105  00:8228  00 FF 20    .db $00, $FF, $20, $FF, $40, $FF, $22, $FF, $22, $FF, $11, $FF, $14, $10, $FF, $80, $FF, $60, $FF, $00, $FF
       00:822B  FF 40 FF  
       00:822E  22 FF 22  
       00:8231  FF 11 FF  
       00:8234  14 10 FF  
       00:8237  80 FF 60  
       00:823A  FF 00 FF  
  106  00:823D            B0_chestnutImage:
  107  00:823D  AA AA AA   .db $AA, $AA, $AA, $A5, $AA, $A9, $56, $AA, $55, $5A, $95, $55, $69, $55, $56, $97, $FD, $69, $FF, $F6, $AF, $FF, $AA, $AA, $AA, $FF
       00:8240  A5 AA A9  
       00:8243  56 AA 55  
       00:8246  5A 95 55  
       00:8249  69 55 56  
       00:824C  97 FD 69  
       00:824F  FF F6 AF  
       00:8252  FF AA AA  
       00:8255  AA FF     
  108  00:8257            B0_chestnutName:
  109  00:8257  08 0C 11    .db $08, $0C, $11, $0E, $1C, $1D, $17, $1E, $1D, $FF
       00:825A  0E 1C 1D  
       00:825D  17 1E 1D  
       00:8260  FF        
  110                     
  111  00:8261            B0_cherry:
  112  00:8261  01 1F 00    .db $01, $1F, $00, $07, $16, $20
       00:8264  07 16 20  
  113  00:8267  00 00 00    .db $00, $00, $00, $80, $0F, $00, $19, $00, $31, $00, $21, $00, $73, $80, $73, $80, $73, $80, $00, $00
       00:826A  80 0F 00  
       00:826D  19 00 31  
       00:8270  00 21 00  
       00:8273  73 80 73  
       00:8276  80 73 80  
       00:8279  00 00     
  114  00:827B  00 FF 30    .db $00, $FF, $30, $FF, $50, $FF, $32, $FF, $20, $FF, $10, $FF, $31, $FF, $70, $FF, $31, $FF, $00, $FF
       00:827E  FF 50 FF  
       00:8281  32 FF 20  
       00:8284  FF 10 FF  
       00:8287  31 FF 70  
       00:828A  FF 31 FF  
       00:828D  00 FF     
  115  00:828F  00 FF 10    .db $00, $FF, $10, $FF, $40, $FF, $12, $FF, $12, $FF, $11, $FF, $33, $FF, $33, $FF, $33, $FF, $00, $FF
       00:8292  FF 40 FF  
       00:8295  12 FF 12  
       00:8298  FF 11 FF  
       00:829B  33 FF 33  
       00:829E  FF 33 FF  
       00:82A1  00 FF     
  116  00:82A3            B0_cherryImage:
  117  00:82A3  00 00 00   .db $00, $00, $00, $00, $04, $00, $55, $00, $14, $10, $05, $01, $00, $40, $10, $26, $09, $82, $E0, $B8, $2A, $0A, $80, $00, $00, $FF
       00:82A6  00 04 00  
       00:82A9  55 00 14  
       00:82AC  10 05 01  
       00:82AF  00 40 10  
       00:82B2  26 09 82  
       00:82B5  E0 B8 2A  
       00:82B8  0A 80 00  
       00:82BB  00 FF     
  118  00:82BD            B0_cherryName:
  119  00:82BD  06 0C 11    .db $06, $0C, $11, $0E, $1B, $1B, $22, $FF
       00:82C0  0E 1B 1B  
       00:82C3  22 FF     
  120                     
  121  00:82C5            B0_apple:
  122  00:82C5  01 2F 00    .db $01, $2F, $00, $07, $16, $20
       00:82C8  07 16 20  
  123  00:82CB  08 00 08    .db $08, $00, $08, $00, $37, $00, $7F, $80, $7F, $80, $7F, $80, $7F, $00, $3F, $00, $1A, $00, $00, $00
       00:82CE  00 37 00  
       00:82D1  7F 80 7F  
       00:82D4  80 7F 80  
       00:82D7  7F 00 3F  
       00:82DA  00 1A 00  
       00:82DD  00 00     
  124  00:82DF  00 FF 40    .db $00, $FF, $40, $FF, $60, $FF, $70, $FF, $62, $FF, $60, $FF, $70, $FF, $60, $FF, $30, $FF, $00, $FF
       00:82E2  FF 60 FF  
       00:82E5  70 FF 62  
       00:82E8  FF 60 FF  
       00:82EB  70 FF 60  
       00:82EE  FF 30 FF  
       00:82F1  00 FF     
  125  00:82F3  10 FF 10    .db $10, $FF, $10, $FF, $32, $FF, $80, $FF, $80, $FF, $80, $FF, $70, $FF, $60, $FF, $12, $FF, $00, $FF
       00:82F6  FF 32 FF  
       00:82F9  80 FF 80  
       00:82FC  FF 80 FF  
       00:82FF  70 FF 60  
       00:8302  FF 12 FF  
       00:8305  00 FF     
  126  00:8307            B0_appleImage:
  127  00:8307  00 40 00   .db $00, $40, $00, $04, $00, $0A, $2A, $02, $AE, $A8, $2A, $AA, $82, $AA, $A8, $2A, $AA, $00, $AA, $A0, $02, $88, $00, $00, $00, $FF
       00:830A  04 00 0A  
       00:830D  2A 02 AE  
       00:8310  A8 2A AA  
       00:8313  82 AA A8  
       00:8316  2A AA 00  
       00:8319  AA A0 02  
       00:831C  88 00 00  
       00:831F  00 FF     
  128  00:8321            B0_appleName:
  129  00:8321  05 0A 19    .db $05, $0A, $19, $19, $15, $0E, $FF
       00:8324  19 15 0E  
       00:8327  FF        
  130                     
  131  00:8328            B0_star_ship:
  132  00:8328  01 22 00    .db $01, $22, $00, $1C, $16, $20
       00:832B  1C 16 20  
  133  00:832E  00 00 0C    .db $00, $00, $0C, $00, $0C, $00, $0C, $00, $0C, $00, $0C, $00, $5E, $80, $7F, $80, $7F, $80, $12, $00
       00:8331  00 0C 00  
       00:8334  0C 00 0C  
       00:8337  00 0C 00  
       00:833A  5E 80 7F  
       00:833D  80 7F 80  
       00:8340  12 00     
  134  00:8342  00 FF 30    .db $00, $FF, $30, $FF, $20, $FF, $40, $FF, $80, $FF, $80, $FF, $40, $FF, $20, $FF, $30, $FF, $00, $FF
       00:8345  FF 20 FF  
       00:8348  40 FF 80  
       00:834B  FF 80 FF  
       00:834E  40 FF 20  
       00:8351  FF 30 FF  
       00:8354  00 FF     
  135  00:8356  00 FF 20    .db $00, $FF, $20, $FF, $20, $FF, $20, $FF, $20, $FF, $20, $FF, $14, $10, $FF, $80, $FF, $80, $FF, $11, $FF
       00:8359  FF 20 FF  
       00:835C  20 FF 20  
       00:835F  FF 20 FF  
       00:8362  14 10 FF  
       00:8365  80 FF 80  
       00:8368  FF 11 FF  
  136  00:836B            B0_star_shipImage:
  137  00:836B  00 00 00   .db $00, $00, $00, $0F, $00, $00, $F0, $00, $0F, $00, $00, $F0, $00, $0F, $00, $23, $5C, $83, $FF, $FC, $3F, $AF, $C0, $20, $80, $FF
       00:836E  0F 00 00  
       00:8371  F0 00 0F  
       00:8374  00 00 F0  
       00:8377  00 0F 00  
       00:837A  23 5C 83  
       00:837D  FF FC 3F  
       00:8380  AF C0 20  
       00:8383  80 FF     
  138  00:8385            B0_star_shipName:
  139  00:8385  09 1C 1D    .db $09, $1C, $1D, $0A, $1B, $24, $1C, $11, $12, $19, $FF
       00:8388  0A 1B 24  
       00:838B  1C 11 12  
       00:838E  19 FF     
  140                     
  141  00:8390            B0_egg_dog:
  142  00:8390  01 22 00    .db $01, $22, $00, $00, $10, $20
       00:8393  00 10 20  
  143  00:8396  00 00 0C    .db $00, $00, $0C, $00, $1E, $00, $25, $00, $3B, $00, $35, $00, $3F, $00, $1E, $00, $12, $00, $1B, $00
       00:8399  00 1E 00  
       00:839C  25 00 3B  
       00:839F  00 35 00  
       00:83A2  3F 00 1E  
       00:83A5  00 12 00  
       00:83A8  1B 00     
  144  00:83AA  00 FF 00    .db $00, $FF, $00, $FF, $40, $FF, $61, $FF, $12, $12, $FF, $33, $FF, $41, $10, $FF, $14, $FF, $00, $FF, $00, $FF
       00:83AD  FF 40 FF  
       00:83B0  61 FF 12  
       00:83B3  12 FF 33  
       00:83B6  FF 41 10  
       00:83B9  FF 14 FF  
       00:83BC  00 FF 00  
       00:83BF  FF        
  145  00:83C0  00 FF 20    .db $00, $FF, $20, $FF, $40, $FF, $11, $10, $FF, $23, $FF, $11, $20, $FF, $60, $FF, $40, $FF, $11, $FF, $22, $FF
       00:83C3  FF 40 FF  
       00:83C6  11 10 FF  
       00:83C9  23 FF 11  
       00:83CC  20 FF 60  
       00:83CF  FF 40 FF  
       00:83D2  11 FF 22  
       00:83D5  FF        
  146  00:83D6            B0_egg_dogImage:
  147  00:83D6  AA AA AA   .db $AA, $AA, $AA, $AF, $AA, $AB, $FE, $AA, $D3, $3A, $AF, $CF, $AA, $F3, $3A, $AF, $FF, $AA, $BF, $EA, $AB, $AE, $AA, $BE, $FA, $FF
       00:83D9  AF AA AB  
       00:83DC  FE AA D3  
       00:83DF  3A AF CF  
       00:83E2  AA F3 3A  
       00:83E5  AF FF AA  
       00:83E8  BF EA AB  
       00:83EB  AE AA BE  
       00:83EE  FA FF     
  148  00:83F0            B0_egg_dogName:
  149  00:83F0  07 0E 10    .db $07, $0E, $10, $10, $24, $0D, $18, $10, $FF
       00:83F3  10 24 0D  
       00:83F6  18 10 FF  
  150                     
  151  00:83F9            B0_ghost:
  152  00:83F9  01 30 00    .db $01, $30, $00, $06, $16, $26
       00:83FC  06 16 26  
  153  00:83FF  00 00 1E    .db $00, $00, $1E, $00, $3F, $00, $7F, $80, $75, $80, $7F, $80, $60, $80, $7F, $80, $55, $80, $00, $00
       00:8402  00 3F 00  
       00:8405  7F 80 75  
       00:8408  80 7F 80  
       00:840B  60 80 7F  
       00:840E  80 55 80  
       00:8411  00 00     
  154  00:8413  00 FF 60    .db $00, $FF, $60, $FF, $60, $FF, $25, $FF, $11, $30, $FF, $25, $FF, $11, $30, $FF, $24, $FF, $60, $FF, $00, $FF
       00:8416  FF 60 FF  
       00:8419  25 FF 11  
       00:841C  30 FF 25  
       00:841F  FF 11 30  
       00:8422  FF 24 FF  
       00:8425  60 FF 00  
       00:8428  FF        
  155  00:8429  00 FF 40    .db $00, $FF, $40, $FF, $60, $FF, $80, $FF, $21, $30, $FF, $80, $FF, $12, $FF, $80, $FF, $21, $11, $FF, $00, $FF
       00:842C  FF 60 FF  
       00:842F  80 FF 21  
       00:8432  30 FF 80  
       00:8435  FF 12 FF  
       00:8438  80 FF 21  
       00:843B  11 FF 00  
       00:843E  FF        
  156  00:843F            B0_ghostImage:
  157  00:843F  00 00 00   .db $00, $00, $00, $3F, $C0, $0C, $F3, $03, $F0, $FC, $3C, $F3, $C3, $FF, $FC, $3C, $03, $C3, $FF, $FC, $33, $33, $C0, $00, $00, $FF
       00:8442  3F C0 0C  
       00:8445  F3 03 F0  
       00:8448  FC 3C F3  
       00:844B  C3 FF FC  
       00:844E  3C 03 C3  
       00:8451  FF FC 33  
       00:8454  33 C0 00  
       00:8457  00 FF     
  158  00:8459            B0_ghostName:
  159  00:8459  05 10 11    .db $05, $10, $11, $18, $1C, $1D, $FF
       00:845C  18 1C 1D  
       00:845F  FF        
  160                     
  161  00:8460            B0_meat:
  162  00:8460  01 2C 00    .db $01, $2C, $00, $06, $26, $37
       00:8463  06 26 37  
  163  00:8466  00 00 20    .db $00, $00, $20, $00, $6C, $00, $17, $00, $3F, $80, $7F, $80, $7E, $80, $3D, $00, $1A, $C0, $0C, $80
       00:8469  00 6C 00  
       00:846C  17 00 3F  
       00:846F  80 7F 80  
       00:8472  7E 80 3D  
       00:8475  00 1A C0  
       00:8478  0C 80     
  164  00:847A  00 FF 21    .db $00, $FF, $21, $FF, $42, $FF, $60, $FF, $61, $FF, $16, $FF, $14, $FF, $13, $FF, $23, $FF, $10, $FF
       00:847D  FF 42 FF  
       00:8480  60 FF 61  
       00:8483  FF 16 FF  
       00:8486  14 FF 13  
       00:8489  FF 23 FF  
       00:848C  10 FF     
  165  00:848E  00 FF 10    .db $00, $FF, $10, $FF, $22, $FF, $31, $FF, $70, $FF, $80, $FF, $16, $FF, $14, $FF, $21, $20, $FF, $12, $FF
       00:8491  FF 22 FF  
       00:8494  31 FF 70  
       00:8497  FF 80 FF  
       00:849A  16 FF 14  
       00:849D  FF 21 20  
       00:84A0  FF 12 FF  
  166  00:84A3            B0_meatImage:
  167  00:84A3  00 00 00   .db $00, $00, $00, $C0, $00, $3C, $50, $00, $19, $50, $06, $55, $41, $55, $64, $15, $5A, $40, $56, $B0, $01, $68, $F0, $05, $0C, $FF
       00:84A6  C0 00 3C  
       00:84A9  50 00 19  
       00:84AC  50 06 55  
       00:84AF  41 55 64  
       00:84B2  15 5A 40  
       00:84B5  56 B0 01  
       00:84B8  68 F0 05  
       00:84BB  0C FF     
  168  00:84BD            B0_meatName:
  169  00:84BD  04 16 0E    .db $04, $16, $0E, $0A, $1D, $FF
       00:84C0  0A 1D FF  
  170                     
  171  00:84C3            B0_soda:
  172  00:84C3  01 28 00    .db $01, $28, $00, $07, $30, $16
       00:84C6  07 30 16  
  173  00:84C9  02 00 04    .db $02, $00, $04, $00, $3F, $00, $21, $00, $3F, $00, $3F, $00, $3F, $00, $1E, $00, $1E, $00, $1E, $00
       00:84CC  00 3F 00  
       00:84CF  21 00 3F  
       00:84D2  00 3F 00  
       00:84D5  3F 00 1E  
       00:84D8  00 1E 00  
       00:84DB  1E 00     
  174  00:84DD  00 FF 00    .db $00, $FF, $00, $FF, $50, $FF, $61, $FF, $61, $FF, $62, $FF, $61, $10, $FF, $50, $FF, $00, $FF, $00, $FF
       00:84E0  FF 50 FF  
       00:84E3  61 FF 61  
       00:84E6  FF 62 FF  
       00:84E9  61 10 FF  
       00:84EC  50 FF 00  
       00:84EF  FF 00 FF  
  175  00:84F2  10 FF 10    .db $10, $FF, $10, $FF, $60, $FF, $11, $FF, $60, $FF, $60, $FF, $60, $FF, $40, $FF, $40, $FF, $40, $FF
       00:84F5  FF 60 FF  
       00:84F8  11 FF 60  
       00:84FB  FF 60 FF  
       00:84FE  60 FF 40  
       00:8501  FF 40 FF  
       00:8504  40 FF     
  176  00:8506            B0_sodaImage:
  177  00:8506  00 0C 00   .db $00, $0C, $00, $02, $00, $0A, $AA, $00, $8C, $20, $09, $56, $00, $95, $60, $09, $56, $00, $25, $80, $02, $58, $00, $2A, $80, $FF
       00:8509  02 00 0A  
       00:850C  AA 00 8C  
       00:850F  20 09 56  
       00:8512  00 95 60  
       00:8515  09 56 00  
       00:8518  25 80 02  
       00:851B  58 00 2A  
       00:851E  80 FF     
  178  00:8520            B0_sodaName:
  179  00:8520  04 1C 18    .db $04, $1C, $18, $0D, $0A, $FF
       00:8523  0D 0A FF  
  180                     
  181  00:8526            B0_camera:
  182  00:8526  02 4B 00    .db $02, $4B, $00, $00, $10, $20
       00:8529  00 10 20  
  183  00:852C  00 00 01    .db $00, $00, $01, $F0, $01, $10, $01, $F0, $10, $E0, $3F, $FC, $40, $04, $53, $84, $46, $C4, $54, $4C, $46, $C4, $43, $8C, $40, $04, $7F, $FC, $00, $00
       00:852F  F0 01 10  
       00:8532  01 F0 10  
       00:8535  E0 3F FC  
       00:8538  40 04 53  
       00:853B  84 46 C4  
       00:853E  54 4C 46  
       00:8541  C4 43 8C  
       00:8544  40 04 7F  
       00:8547  FC 00 00  
  184  00:854A  00 FF 80    .db $00, $FF, $80, $FF, $11, $FF, $11, $12, $FF, $11, $FF, $13, $10, $FF, $12, $21, $FF, $11, $11, $30, $FF, $12, $23, $10, $FF, $13, $31, $FF, $13, $10, $FF, $11, $30, $FF, $11, $11, $FF, $90, $FF, $00, $FF
       00:854D  FF 11 FF  
       00:8550  11 12 FF  
       00:8553  11 FF 13  
       00:8556  10 FF 12  
       00:8559  21 FF 11  
       00:855C  11 30 FF  
       00:855F  12 23 10  
       00:8562  FF 13 31  
       00:8565  FF 13 10  
       00:8568  FF 11 30  
       00:856B  FF 11 11  
       00:856E  FF 90 FF  
       00:8571  00 FF     
  185  00:8573  00 FF 50    .db $00, $FF, $50, $FF, $11, $FF, $50, $FF, $31, $FF, $C0, $FF, $11, $FF, $13, $11, $FF, $12, $21, $FF, $21, $11, $10, $FF, $12, $21, $FF, $23, $10, $FF, $11, $FF, $D0, $FF, $00, $FF
       00:8576  FF 11 FF  
       00:8579  50 FF 31  
       00:857C  FF C0 FF  
       00:857F  11 FF 13  
       00:8582  11 FF 12  
       00:8585  21 FF 21  
       00:8588  11 10 FF  
       00:858B  12 21 FF  
       00:858E  23 10 FF  
       00:8591  11 FF D0  
       00:8594  FF 00 FF  
  186  00:8597            B0_cameraImage:
  187  00:8597  00 00 00   .db $00, $00, $00, $00, $00, $05, $54, $00, $00, $1C, $10, $00, $00, $51, $40, $01, $00, $54, $00, $15, $55, $55, $41, $AA, $AA, $A9, $06, $E9, $5A, $A4, $1A, $9C, $1A, $90, $6E, $40, $69, $41, $A9, $01, $A9, $06, $A9, $5A, $94, $1A, $AA, $AA, $90, $55, $55, $55, $40, $00, $00, $00, $00, $FF
       00:859A  00 00 05  
       00:859D  54 00 00  
       00:85A0  1C 10 00  
       00:85A3  00 51 40  
       00:85A6  01 00 54  
       00:85A9  00 15 55  
       00:85AC  55 41 AA  
       00:85AF  AA A9 06  
       00:85B2  E9 5A A4  
       00:85B5  1A 9C 1A  
       00:85B8  90 6E 40  
       00:85BB  69 41 A9  
       00:85BE  01 A9 06  
       00:85C1  A9 5A 94  
       00:85C4  1A AA AA  
       00:85C7  90 55 55  
       00:85CA  55 40 00  
       00:85CD  00 00 00  
       00:85D0  FF        
  188  00:85D1            B0_cameraName:
  189  00:85D1  06 0C 0A    .db $06, $0C, $0A, $16, $0E, $1B, $0A, $FF
       00:85D4  16 0E 1B  
       00:85D7  0A FF     
  190                     
  191  00:85D9            B0_Ellie:
  192  00:85D9  02 7E 00    .db $02, $7E, $00, $12, $22, $20
       00:85DC  12 22 20  
  193  00:85DF  00 00 0C    .db $00, $00, $0C, $60, $1E, $F0, $3E, $F8, $3F, $F8, $7F, $FC, $7F, $FC, $47, $C4, $7B, $BC, $7F, $FC, $7C, $7C, $76, $DC, $39, $38, $1F, $F0, $00, $00
       00:85E2  60 1E F0  
       00:85E5  3E F8 3F  
       00:85E8  F8 7F FC  
       00:85EB  7F FC 47  
       00:85EE  C4 7B BC  
       00:85F1  7F FC 7C  
       00:85F4  7C 76 DC  
       00:85F7  39 38 1F  
       00:85FA  F0 00 00  
  194  00:85FD  00 FF 70    .db $00, $FF, $70, $FF, $54, $FF, $65, $FF, $23, $60, $FF, $13, $70, $FF, $11, $80, $FF, $26, $FF, $11, $80, $FF, $13, $70, $FF, $23, $60, $FF, $65, $FF, $54, $FF, $70, $FF, $00, $FF
       00:8600  FF 54 FF  
       00:8603  65 FF 23  
       00:8606  60 FF 13  
       00:8609  70 FF 11  
       00:860C  80 FF 26  
       00:860F  FF 11 80  
       00:8612  FF 13 70  
       00:8615  FF 23 60  
       00:8618  FF 65 FF  
       00:861B  54 FF 70  
       00:861E  FF 00 FF  
  195  00:8621  00 FF 22    .db $00, $FF, $22, $FF, $44, $FF, $55, $FF, $B0, $FF, $D0, $FF, $D0, $FF, $15, $10, $FF, $43, $40, $FF, $D0, $FF, $55, $FF, $32, $23, $FF, $31, $30, $FF, $90, $FF, $00, $FF
       00:8624  FF 44 FF  
       00:8627  55 FF B0  
       00:862A  FF D0 FF  
       00:862D  D0 FF 15  
       00:8630  10 FF 43  
       00:8633  40 FF D0  
       00:8636  FF 55 FF  
       00:8639  32 23 FF  
       00:863C  31 30 FF  
       00:863F  90 FF 00  
       00:8642  FF        
  196  00:8643            B0_EllieImage:
  197  00:8643  55 55 55   .db $55, $55, $55, $55, $56, $95, $A5, $55, $6A, $9A, $A5, $56, $AA, $6A, $A5, $5A, $AA, $AA, $95, $AA, $A6, $AA, $96, $A9, $99, $AA, $58, $0A, $A8, $09, $6A, $8F, $CA, $A5, $96, $FF, $E5, $96, $AF, $57, $EA, $59, $CF, $7C, $D9, $5F, $C3, $0F, $D5, $5F, $FF, $FD, $55, $55, $55, $55, $40, $FF
       00:8646  55 56 95  
       00:8649  A5 55 6A  
       00:864C  9A A5 56  
       00:864F  AA 6A A5  
       00:8652  5A AA AA  
       00:8655  95 AA A6  
       00:8658  AA 96 A9  
       00:865B  99 AA 58  
       00:865E  0A A8 09  
       00:8661  6A 8F CA  
       00:8664  A5 96 FF  
       00:8667  E5 96 AF  
       00:866A  57 EA 59  
       00:866D  CF 7C D9  
       00:8670  5F C3 0F  
       00:8673  D5 5F FF  
       00:8676  FD 55 55  
       00:8679  55 55 40  
       00:867C  FF        
  198  00:867D            B0_EllieName:
  199  00:867D  05 0E 15    .db $05, $0E, $15, $15, $12, $0E, $FF
       00:8680  15 12 0E  
       00:8683  FF        
  200                     
  201  00:8684            B0_mushu:
  202  00:8684  02 7A 00    .db $02, $7A, $00, $1C, $3D, $29
       00:8687  1C 3D 29  
  203  00:868A  00 00 0C    .db $00, $00, $0C, $60, $1E, $F0, $3E, $F8, $3F, $F8, $7F, $FC, $7F, $FC, $5B, $B4, $5B, $B4, $67, $CC, $7C, $7C, $76, $DC, $39, $38, $1F, $F0, $00, $00
       00:868D  60 1E F0  
       00:8690  3E F8 3F  
       00:8693  F8 7F FC  
       00:8696  7F FC 5B  
       00:8699  B4 5B B4  
       00:869C  67 CC 7C  
       00:869F  7C 76 DC  
       00:86A2  39 38 1F  
       00:86A5  F0 00 00  
  204  00:86A8  00 FF 70    .db $00, $FF, $70, $FF, $44, $FF, $47, $FF, $21, $80, $FF, $13, $60, $FF, $11, $80, $FF, $26, $FF, $11, $80, $FF, $13, $60, $FF, $21, $80, $FF, $47, $FF, $44, $FF, $70, $FF, $00, $FF
       00:86AB  FF 44 FF  
       00:86AE  47 FF 21  
       00:86B1  80 FF 13  
       00:86B4  60 FF 11  
       00:86B7  80 FF 26  
       00:86BA  FF 11 80  
       00:86BD  FF 13 60  
       00:86C0  FF 21 80  
       00:86C3  FF 47 FF  
       00:86C6  44 FF 70  
       00:86C9  FF 00 FF  
  205  00:86CC  00 FF 22    .db $00, $FF, $22, $FF, $44, $FF, $55, $FF, $B0, $FF, $D0, $FF, $D0, $FF, $12, $32, $10, $FF, $12, $32, $10, $FF, $25, $20, $FF, $55, $FF, $32, $23, $FF, $31, $30, $FF, $90, $FF, $00, $FF
       00:86CF  FF 44 FF  
       00:86D2  55 FF B0  
       00:86D5  FF D0 FF  
       00:86D8  D0 FF 12  
       00:86DB  32 10 FF  
       00:86DE  12 32 10  
       00:86E1  FF 25 20  
       00:86E4  FF 55 FF  
       00:86E7  32 23 FF  
       00:86EA  31 30 FF  
       00:86ED  90 FF 00  
       00:86F0  FF        
  206  00:86F1            B0_mushuImage:
  207  00:86F1  55 55 55   .db $55, $55, $55, $55, $54, $15, $05, $55, $40, $10, $05, $54, $00, $40, $05, $50, $00, $00, $15, $00, $00, $00, $14, $00, $00, $00, $53, $8C, $0E, $31, $4C, $30, $30, $C5, $0F, $00, $3C, $14, $00, $A8, $00, $50, $20, $82, $01, $50, $28, $A0, $15, $50, $00, $01, $55, $55, $55, $55, $40, $FF
       00:86F4  55 54 15  
       00:86F7  05 55 40  
       00:86FA  10 05 54  
       00:86FD  00 40 05  
       00:8700  50 00 00  
       00:8703  15 00 00  
       00:8706  00 14 00  
       00:8709  00 00 53  
       00:870C  8C 0E 31  
       00:870F  4C 30 30  
       00:8712  C5 0F 00  
       00:8715  3C 14 00  
       00:8718  A8 00 50  
       00:871B  20 82 01  
       00:871E  50 28 A0  
       00:8721  15 50 00  
       00:8724  01 55 55  
       00:8727  55 55 40  
       00:872A  FF        
  208  00:872B            B0_mushuName:
  209  00:872B  05 16 1E    .db $05, $16, $1E, $1C, $11, $1E, $FF
       00:872E  1C 11 1E  
       00:8731  FF        
  210                     
  211  00:8732            B0_plasma_globe:
  212  00:8732  02 4C 00    .db $02, $4C, $00, $00, $3D, $25
       00:8735  00 3D 25  
  213  00:8738  07 C0 0C    .db $07, $C0, $0C, $60, $1C, $30, $36, $58, $22, $C8, $21, $78, $26, $08, $3D, $98, $19, $F0, $0D, $60, $07, $C0, $00, $00, $03, $80, $07, $C0, $0F, $E0
       00:873B  60 1C 30  
       00:873E  36 58 22  
       00:8741  C8 21 78  
       00:8744  26 08 3D  
       00:8747  98 19 F0  
       00:874A  0D 60 07  
       00:874D  C0 00 00  
       00:8750  03 80 07  
       00:8753  C0 0F E0  
  214  00:8756  00 FF 00    .db $00, $FF, $00, $FF, $50, $FF, $22, $FF, $13, $20, $FF, $22, $24, $FF, $31, $12, $10, $FF, $34, $11, $FF, $31, $21, $10, $FF, $23, $32, $FF, $12, $12, $FF, $21, $20, $FF, $50, $FF, $00, $FF, $00, $FF
       00:8759  FF 50 FF  
       00:875C  22 FF 13  
       00:875F  20 FF 22  
       00:8762  24 FF 31  
       00:8765  12 10 FF  
       00:8768  34 11 FF  
       00:876B  31 21 10  
       00:876E  FF 23 32  
       00:8771  FF 12 12  
       00:8774  FF 21 20  
       00:8777  FF 50 FF  
       00:877A  00 FF 00  
       00:877D  FF        
  215  00:877E  50 FF 22    .db $50, $FF, $22, $FF, $23, $FF, $21, $22, $FF, $12, $11, $FF, $41, $10, $FF, $12, $10, $FF, $22, $40, $FF, $52, $FF, $21, $20, $FF, $50, $FF, $00, $FF, $30, $FF, $50, $FF, $70, $FF
       00:8781  FF 23 FF  
       00:8784  21 22 FF  
       00:8787  12 11 FF  
       00:878A  41 10 FF  
       00:878D  12 10 FF  
       00:8790  22 40 FF  
       00:8793  52 FF 21  
       00:8796  20 FF 50  
       00:8799  FF 00 FF  
       00:879C  30 FF 50  
       00:879F  FF 70 FF  
  216  00:87A2            B0_plasma_globeImage:
  217  00:87A2  00 2A A0   .db $00, $2A, $A0, $00, $02, $80, $A0, $00, $2B, $00, $A0, $02, $8F, $0C, $A0, $08, $0C, $F0, $80, $20, $0C, $FE, $00, $83, $C0, $08, $02, $BC, $B0, $A0, $02, $82, $FA, $00, $02, $88, $A0, $00, $02, $AA, $00, $00, $00, $00, $00, $00, $05, $40, $00, $00, $55, $40, $00, $05, $55, $40, $00, $FF
       00:87A5  00 02 80  
       00:87A8  A0 00 2B  
       00:87AB  00 A0 02  
       00:87AE  8F 0C A0  
       00:87B1  08 0C F0  
       00:87B4  80 20 0C  
       00:87B7  FE 00 83  
       00:87BA  C0 08 02  
       00:87BD  BC B0 A0  
       00:87C0  02 82 FA  
       00:87C3  00 02 88  
       00:87C6  A0 00 02  
       00:87C9  AA 00 00  
       00:87CC  00 00 00  
       00:87CF  00 05 40  
       00:87D2  00 00 55  
       00:87D5  40 00 05  
       00:87D8  55 40 00  
       00:87DB  FF        
  218  00:87DC            B0_plasma_globeName:
  219  00:87DC  0C 19 15    .db $0C, $19, $15, $0A, $1C, $16, $0A, $24, $10, $15, $18, $0B, $0E, $FF
       00:87DF  0A 1C 16  
       00:87E2  0A 24 10  
       00:87E5  15 18 0B  
       00:87E8  0E FF     
  220                     
  221  00:87EA            B0_house:
  222  00:87EA  02 77 00    .db $02, $77, $00, $11, $21, $20
       00:87ED  11 21 20  
  223  00:87F0  01 F8 0F    .db $01, $F8, $0F, $00, $78, $F6, $C0, $08, $01, $00, $03, $80, $E7, $CE, $ED, $EE, $47, $44, $47, $44, $FF, $FE, $FF, $FE, $AB, $AA, $03, $80, $FF, $FE
       00:87F3  00 78 F6  
       00:87F6  C0 08 01  
       00:87F9  00 03 80  
       00:87FC  E7 CE ED  
       00:87FF  EE 47 44  
       00:8802  47 44 FF  
       00:8805  FE FF FE  
       00:8808  AB AA 03  
       00:880B  80 FF FE  
  224  00:880E  13 21 FF    .db $13, $21, $FF, $16, $20, $FF, $13, $21, $FF, $12, $10, $FF, $13, $12, $FF, $16, $10, $FF, $72, $10, $FF, $B2, $FF, $53, $11, $FF, $16, $11, $FF, $13, $11, $10, $FF, $12, $11, $FF, $13, $21, $10, $FF, $16, $10, $FF, $13, $21, $FF
       00:8811  16 20 FF  
       00:8814  13 21 FF  
       00:8817  12 10 FF  
       00:881A  13 12 FF  
       00:881D  16 10 FF  
       00:8820  72 10 FF  
       00:8823  B2 FF 53  
       00:8826  11 FF 16  
       00:8829  11 FF 13  
       00:882C  11 10 FF  
       00:882F  12 11 FF  
       00:8832  13 21 10  
       00:8835  FF 16 10  
       00:8838  FF 13 21  
       00:883B  FF        
  225  00:883C  60 FF 40    .db $60, $FF, $40, $FF, $24, $40, $FF, $12, $FF, $10, $FF, $30, $FF, $35, $30, $FF, $34, $23, $FF, $11, $31, $FF, $11, $31, $FF, $F0, $FF, $F0, $FF, $11, $13, $11, $10, $FF, $30, $FF, $F0, $FF
       00:883F  FF 24 40  
       00:8842  FF 12 FF  
       00:8845  10 FF 30  
       00:8848  FF 35 30  
       00:884B  FF 34 23  
       00:884E  FF 11 31  
       00:8851  FF 11 31  
       00:8854  FF F0 FF  
       00:8857  F0 FF 11  
       00:885A  13 11 10  
       00:885D  FF 30 FF  
       00:8860  F0 FF     
  226  00:8862            B0_houseImage:
  227  00:8862  AA AB FF   .db $AA, $AB, $FF, $EA, $AB, $FE, $AA, $AB, $FE, $AF, $FB, $FE, $AA, $AA, $BA, $AA, $A8, $AA, $AA, $AA, $8C, $AA, $A5, $68, $FC, $A5, $55, $8C, $FC, $95, $8A, $BF, $3A, $8A, $2A, $FC, $EA, $25, $55, $55, $55, $55, $55, $55, $55, $77, $75, $77, $77, $FF, $D5, $FF, $F5, $55, $55, $55, $40, $FF
       00:8865  EA AB FE  
       00:8868  AA AB FE  
       00:886B  AF FB FE  
       00:886E  AA AA BA  
       00:8871  AA A8 AA  
       00:8874  AA AA 8C  
       00:8877  AA A5 68  
       00:887A  FC A5 55  
       00:887D  8C FC 95  
       00:8880  8A BF 3A  
       00:8883  8A 2A FC  
       00:8886  EA 25 55  
       00:8889  55 55 55  
       00:888C  55 55 55  
       00:888F  77 75 77  
       00:8892  77 FF D5  
       00:8895  FF F5 55  
       00:8898  55 55 40  
       00:889B  FF        
  228  00:889C            B0_houseName:
  229  00:889C  05 11 18    .db $05, $11, $18, $1E, $1C, $0E, $FF
       00:889F  1E 1C 0E  
       00:88A2  FF        
  230                     
  231  00:88A3            B0_the:
  232  00:88A3  01 27 00    .db $01, $27, $00, $17, $27, $20
       00:88A6  17 27 20  
  233  00:88A9  F0 00 F0    .db $F0, $00, $F0, $00, $60, $00, $7A, $00, $1F, $C0, $1B, $00, $1B, $C0, $01, $00, $01, $C0, $01, $C0
       00:88AC  00 60 00  
       00:88AF  7A 00 1F  
       00:88B2  C0 1B 00  
       00:88B5  1B C0 01  
       00:88B8  00 01 C0  
       00:88BB  01 C0     
  234  00:88BD  20 FF 40    .db $20, $FF, $40, $FF, $40, $FF, $42, $FF, $40, $FF, $10, $FF, $40, $FF, $60, $FF, $21, $10, $FF, $21, $10, $FF
       00:88C0  FF 40 FF  
       00:88C3  42 FF 40  
       00:88C6  FF 10 FF  
       00:88C9  40 FF 60  
       00:88CC  FF 21 10  
       00:88CF  FF 21 10  
       00:88D2  FF        
  235  00:88D3  40 FF 40    .db $40, $FF, $40, $FF, $20, $FF, $14, $FF, $70, $FF, $22, $FF, $42, $FF, $10, $FF, $30, $FF, $30, $FF
       00:88D6  FF 20 FF  
       00:88D9  14 FF 70  
       00:88DC  FF 22 FF  
       00:88DF  42 FF 10  
       00:88E2  FF 30 FF  
       00:88E5  30 FF     
  236  00:88E7            B0_theImage:
  237  00:88E7  FF AA AF   .db $FF, $AA, $AF, $F6, $AA, $BD, $6A, $AB, $FE, $EA, $A7, $FF, $FA, $BD, $F5, $AB, $DF, $FA, $A5, $B5, $AA, $AB, $FA, $AA, $BF, $FF
       00:88EA  F6 AA BD  
       00:88ED  6A AB FE  
       00:88F0  EA A7 FF  
       00:88F3  FA BD F5  
       00:88F6  AB DF FA  
       00:88F9  A5 B5 AA  
       00:88FC  AB FA AA  
       00:88FF  BF FF     
  238  00:8901            B0_theName:
  239  00:8901  03 1D 11    .db $03, $1D, $11, $0E, $FF
       00:8904  0E FF     
  240                     
  241  00:8906            B0_end:
  242  00:8906  01 25 00    .db $01, $25, $00, $0A, $1A, $20
       00:8909  0A 1A 20  
  243  00:890C  E0 00 80    .db $E0, $00, $80, $00, $E0, $00, $92, $00, $FA, $00, $FE, $00, $17, $80, $02, $C0, $02, $C0, $03, $80
       00:890F  00 E0 00  
       00:8912  92 00 FA  
       00:8915  00 FE 00  
       00:8918  17 80 02  
       00:891B  C0 02 C0  
       00:891E  03 80     
  244  00:8920  60 FF 21    .db $60, $FF, $21, $10, $FF, $21, $10, $FF, $40, $FF, $20, $FF, $20, $FF, $70, $FF, $11, $FF, $40, $FF, $20, $FF
       00:8923  10 FF 21  
       00:8926  10 FF 40  
       00:8929  FF 20 FF  
       00:892C  20 FF 70  
       00:892F  FF 11 FF  
       00:8932  40 FF 20  
       00:8935  FF        
  245  00:8936  30 FF 10    .db $30, $FF, $10, $FF, $30, $FF, $11, $10, $FF, $15, $FF, $70, $FF, $41, $FF, $21, $FF, $21, $FF, $30, $FF
       00:8939  FF 30 FF  
       00:893C  11 10 FF  
       00:893F  15 FF 70  
       00:8942  FF 41 FF  
       00:8945  21 FF 21  
       00:8948  FF 30 FF  
  246  00:894B            B0_endImage:
  247  00:894B  FE AA AD   .db $FE, $AA, $AD, $5A, $AA, $FE, $AA, $AD, $7A, $EA, $FF, $EE, $AF, $FF, $EA, $97, $7F, $EA, $A5, $DF, $AA, $AD, $FA, $AA, $FD, $FF
       00:894E  5A AA FE  
       00:8951  AA AD 7A  
       00:8954  EA FF EE  
       00:8957  AF FF EA  
       00:895A  97 7F EA  
       00:895D  A5 DF AA  
       00:8960  AD FA AA  
       00:8963  FD FF     
  248  00:8965            B0_endName:
  249  00:8965  03 0E 17    .db $03, $0E, $17, $0D, $FF
       00:8968  0D FF     
  250                     
  251  00:896A            B0_for:
  252  00:896A  02 47 00    .db $02, $47, $00, $02, $12, $20
       00:896D  02 12 20  
  253  00:8970  00 00 00    .db $00, $00, $00, $00, $00, $00, $00, $00, $F7, $7C, $FF, $FC, $8D, $DC, $8D, $DC, $ED, $F8, $8F, $CC, $87, $4C, $00, $00, $00, $00, $00, $00, $00, $00
       00:8973  00 00 00  
       00:8976  00 00 F7  
       00:8979  7C FF FC  
       00:897C  8D DC 8D  
       00:897F  DC ED F8  
       00:8982  8F CC 87  
       00:8985  4C 00 00  
       00:8988  00 00 00  
       00:898B  00 00 00  
  254  00:898E  70 FF 12    .db $70, $FF, $12, $FF, $12, $FF, $20, $FF, $50, $FF, $70, $FF, $22, $FF, $70, $FF, $50, $FF, $70, $FF, $12, $FF, $50, $FF, $70, $FF, $24, $FF, $00, $FF
       00:8991  FF 12 FF  
       00:8994  20 FF 50  
       00:8997  FF 70 FF  
       00:899A  22 FF 70  
       00:899D  FF 50 FF  
       00:89A0  70 FF 12  
       00:89A3  FF 50 FF  
       00:89A6  70 FF 24  
       00:89A9  FF 00 FF  
  255  00:89AC  00 FF 00    .db $00, $FF, $00, $FF, $00, $FF, $00, $FF, $53, $40, $FF, $E0, $FF, $33, $21, $FF, $33, $21, $FF, $62, $30, $FF, $26, $10, $FF, $21, $31, $FF, $00, $FF, $00, $FF, $00, $FF, $00, $FF
       00:89AF  FF 00 FF  
       00:89B2  00 FF 53  
       00:89B5  40 FF E0  
       00:89B8  FF 33 21  
       00:89BB  FF 33 21  
       00:89BE  FF 62 30  
       00:89C1  FF 26 10  
       00:89C4  FF 21 31  
       00:89C7  FF 00 FF  
       00:89CA  00 FF 00  
       00:89CD  FF 00 FF  
  256  00:89D0            B0_forImage:
  257  00:89D0  AA AA AA   .db $AA, $AA, $AA, $AA, $AA, $AA, $AA, $AA, $AA, $AA, $AA, $AA, $AA, $AA, $AA, $FF, $BF, $BF, $FB, $FD, $FF, $FF, $DD, $5F, $7F, $7F, $76, $BD, $FD, $FD, $FE, $F7, $FF, $D7, $57, $FF, $D7, $ED, $AB, $F7, $6F, $66, $A9, $59, $A5, $AA, $AA, $AA, $AA, $AA, $AA, $AA, $AA, $AA, $AA, $AA, $80, $FF
       00:89D3  AA AA AA  
       00:89D6  AA AA AA  
       00:89D9  AA AA AA  
       00:89DC  AA AA AA  
       00:89DF  FF BF BF  
       00:89E2  FB FD FF  
       00:89E5  FF DD 5F  
       00:89E8  7F 7F 76  
       00:89EB  BD FD FD  
       00:89EE  FE F7 FF  
       00:89F1  D7 57 FF  
       00:89F4  D7 ED AB  
       00:89F7  F7 6F 66  
       00:89FA  A9 59 A5  
       00:89FD  AA AA AA  
       00:8A00  AA AA AA  
       00:8A03  AA AA AA  
       00:8A06  AA AA 80  
       00:8A09  FF        
  258  00:8A0A            B0_forName:
  259  00:8A0A  03 0F 18    .db $03, $0F, $18, $1B, $FF
       00:8A0D  1B FF     
  260                     
  261  00:8A0F            B0_now:
  262  00:8A0F  02 47 00    .db $02, $47, $00, $0B, $1B, $20
       00:8A12  0B 1B 20  
  263  00:8A15  00 00 07    .db $00, $00, $07, $80, $04, $80, $24, $A0, $34, $A0, $14, $A0, $14, $E0, $DF, $C0, $FB, $52, $D8, $72, $40, $F6, $60, $DC, $20, $58, $00, $18, $00, $00
       00:8A18  80 04 80  
       00:8A1B  24 A0 34  
       00:8A1E  A0 14 A0  
       00:8A21  14 E0 DF  
       00:8A24  C0 FB 52  
       00:8A27  D8 72 40  
       00:8A2A  F6 60 DC  
       00:8A2D  20 58 00  
       00:8A30  18 00 00  
  264  00:8A33  30 FF 50    .db $30, $FF, $50, $FF, $21, $20, $FF, $60, $FF, $30, $FF, $70, $FF, $21, $FF, $21, $FF, $27, $FF, $70, $FF, $24, $FF, $60, $FF, $30, $FF, $20, $FF, $30, $FF
       00:8A36  FF 21 20  
       00:8A39  FF 60 FF  
       00:8A3C  30 FF 70  
       00:8A3F  FF 21 FF  
       00:8A42  21 FF 27  
       00:8A45  FF 70 FF  
       00:8A48  24 FF 60  
       00:8A4B  FF 30 FF  
       00:8A4E  20 FF 30  
       00:8A51  FF        
  265  00:8A52  00 FF 40    .db $00, $FF, $40, $FF, $11, $FF, $11, $11, $FF, $11, $12, $FF, $11, $11, $FF, $31, $10, $FF, $72, $FF, $11, $12, $50, $FF, $13, $22, $FF, $24, $10, $FF, $32, $20, $FF, $21, $10, $FF, $20, $FF, $00, $FF
       00:8A55  FF 11 FF  
       00:8A58  11 11 FF  
       00:8A5B  11 12 FF  
       00:8A5E  11 11 FF  
       00:8A61  31 10 FF  
       00:8A64  72 FF 11  
       00:8A67  12 50 FF  
       00:8A6A  13 22 FF  
       00:8A6D  24 10 FF  
       00:8A70  32 20 FF  
       00:8A73  21 10 FF  
       00:8A76  20 FF 00  
       00:8A79  FF        
  266  00:8A7A            B0_nowImage:
  267  00:8A7A  AA AA AA   .db $AA, $AA, $AA, $AA, $AA, $FF, $AA, $AA, $AB, $5D, $AA, $AB, $AD, $B7, $AA, $AF, $B6, $DD, $AA, $AD, $DB, $76, $AA, $B7, $6F, $DA, $BE, $FF, $FD, $6A, $FF, $DF, $77, $AF, $DF, $65, $FE, $BB, $65, $AF, $FB, $EF, $AA, $BD, $FD, $AD, $AA, $B7, $D6, $A6, $AA, $9F, $6A, $AA, $AA, $A5, $80, $FF
       00:8A7D  AA AA FF  
       00:8A80  AA AA AB  
       00:8A83  5D AA AB  
       00:8A86  AD B7 AA  
       00:8A89  AF B6 DD  
       00:8A8C  AA AD DB  
       00:8A8F  76 AA B7  
       00:8A92  6F DA BE  
       00:8A95  FF FD 6A  
       00:8A98  FF DF 77  
       00:8A9B  AF DF 65  
       00:8A9E  FE BB 65  
       00:8AA1  AF FB EF  
       00:8AA4  AA BD FD  
       00:8AA7  AD AA B7  
       00:8AAA  D6 A6 AA  
       00:8AAD  9F 6A AA  
       00:8AB0  AA A5 80  
       00:8AB3  FF        
  268  00:8AB4            B0_nowName:
  269  00:8AB4  03 17 18    .db $03, $17, $18, $20, $FF
       00:8AB7  20 FF     
  270                     
#[2]   Source/Banks/Bank0.asm
    7                     
    8           0001        .bank 1
    9           A000        .org $A000
   10                     
#[3]   Source/Content/Puzzles/B0Tables.asm
   11                       .include "Source/Content/Puzzles/B0Tables.asm"
    1  01:A000  00 80       .word B0_equal_sign, B0_plus_sign, B0_c, B0_a, B0_t, B0_f, B0_o, B0_r, B0_lower_t
       01:A002  33 80     
       01:A004  65 80     
       01:A006  8F 80     
       01:A008  B9 80     
       01:A00A  E3 80     
       01:A00C  0D 81     
       01:A00E  37 81     
       01:A010  61 81     
    2  01:A012  91 81       .word B0_perfume, B0_chestnut, B0_cherry, B0_apple, B0_star_ship, B0_egg_dog, B0_ghost, B0_meat, B0_soda
       01:A014  FA 81     
       01:A016  61 82     
       01:A018  C5 82     
       01:A01A  28 83     
       01:A01C  90 83     
       01:A01E  F9 83     
       01:A020  60 84     
       01:A022  C3 84     
    3  01:A024  26 85       .word B0_camera, B0_Ellie, B0_mushu, B0_plasma_globe, B0_house, B0_the, B0_end, B0_for, B0_now
       01:A026  D9 85     
       01:A028  84 86     
       01:A02A  32 87     
       01:A02C  EA 87     
       01:A02E  A3 88     
       01:A030  06 89     
       01:A032  6A 89     
       01:A034  0F 8A     
    4                     
    5  01:A036  27 80       .word B0_equal_signName, B0_plus_signName, B0_cName, B0_aName, B0_tName, B0_fName, B0_oName, B0_rName, B0_lower_tName
       01:A038  5A 80     
       01:A03A  8C 80     
       01:A03C  B6 80     
       01:A03E  E0 80     
       01:A040  0A 81     
       01:A042  34 81     
       01:A044  5E 81     
       01:A046  88 81     
    6  01:A048  F1 81       .word B0_perfumeName, B0_chestnutName, B0_cherryName, B0_appleName, B0_star_shipName, B0_egg_dogName, B0_ghostName, B0_meatName, B0_sodaName
       01:A04A  57 82     
       01:A04C  BD 82     
       01:A04E  21 83     
       01:A050  85 83     
       01:A052  F0 83     
       01:A054  59 84     
       01:A056  BD 84     
       01:A058  20 85     
    7  01:A05A  D1 85       .word B0_cameraName, B0_EllieName, B0_mushuName, B0_plasma_globeName, B0_houseName, B0_theName, B0_endName, B0_forName, B0_nowName
       01:A05C  7D 86     
       01:A05E  2B 87     
       01:A060  DC 87     
       01:A062  9C 88     
       01:A064  01 89     
       01:A066  65 89     
       01:A068  0A 8A     
       01:A06A  B4 8A     
#[2]   Source/Banks/Bank0.asm
   12                     ;puzzle sprites
   13  01:A06C  00 00 00    .db $00, $00, $00, $00
       01:A06F  00        
   14  01:A070  00 00 00    .db $00, $00, $00, $00
       01:A073  00        
   15  01:A074  00 00 00    .db $00, $00, $00, $00
       01:A077  00        
   16  01:A078  00 00 00    .db $00, $00, $00, $00
       01:A07B  00        
   17  01:A07C  00 00 00    .db $00, $00, $00, $00
       01:A07F  00        
   18  01:A080  00 00 00    .db $00, $00, $00, $00
       01:A083  00        
   19  01:A084  00 00 00    .db $00, $00, $00, $00
       01:A087  00        
   20  01:A088  00 00 00    .db $00, $00, $00, $00
       01:A08B  00        
   21  01:A08C  00 00 00    .db $00, $00, $00, $00
       01:A08F  00        
   22  01:A090  00 00 00    .db $00, $00, $00, $00
       01:A093  00        
   23  01:A094  00 00 00    .db $00, $00, $00, $00
       01:A097  00        
   24  01:A098  00 00 00    .db $00, $00, $00, $00
       01:A09B  00        
   25  01:A09C  00 00 00    .db $00, $00, $00, $00
       01:A09F  00        
   26  01:A0A0  00 00 00    .db $00, $00, $00, $00
       01:A0A3  00        
   27  01:A0A4  00 00 00    .db $00, $00, $00, $00
       01:A0A7  00        
   28  01:A0A8  00 00 00    .db $00, $00, $00, $00
       01:A0AB  00        
   29  01:A0AC  00 00 00    .db $00, $00, $00, $00
       01:A0AF  00        
   30  01:A0B0  00 00 00    .db $00, $00, $00, $00
       01:A0B3  00        
   31  01:A0B4  00 00 00    .db $00, $00, $00, $00
       01:A0B7  00        
   32  01:A0B8  00 00 00    .db $00, $00, $00, $00
       01:A0BB  00        
   33  01:A0BC  00 00 00    .db $00, $00, $00, $00
       01:A0BF  00        
   34  01:A0C0  00 00 00    .db $00, $00, $00, $00
       01:A0C3  00        
   35  01:A0C4  00 00 00    .db $00, $00, $00, $00
       01:A0C7  00        
   36  01:A0C8  00 00 00    .db $00, $00, $00, $00
       01:A0CB  00        
   37  01:A0CC  00 00 00    .db $00, $00, $00, $00
       01:A0CF  00        
   38  01:A0D0  00 00 00    .db $00, $00, $00, $00
       01:A0D3  00        
   39  01:A0D4  00 00 00    .db $00, $00, $00, $00
       01:A0D7  00        
   40                       
   41           A0D8        .org $A0D8
   42                       ;.incbin "Source/SoundEnginePreComp.nes"
#[3]   Source/Content/Sound/Music/B0m.asm
   43                       .include "Source/Content/Sound/Music/B0m.asm"  ;holds the data for bank song
    1  01:A0D8            bank0_header:
    2  01:A0D8  05            .byte $05           ;4 streams
    3                         
    4  01:A0D9  00            .byte MUSIC_SQ1     ;which stream
    5  01:A0DA  01            .byte $01           ;status byte (stream enabled)
    6  01:A0DB  00            .byte SQUARE_1      ;which channel
    7  01:A0DC  70            .byte $70           ;initial duty (01)
    8  01:A0DD  0B            .byte ve_long_decay ;volume envelope
    9  01:A0DE  01 A1         .word bank0_square1 ;pointer to stream
   10  01:A0E0  3A            .byte $3A           ;tempo
   11                         
   12  01:A0E1  01            .byte MUSIC_SQ2     ;which stream
   13  01:A0E2  01            .byte $01           ;status byte (stream enabled)
   14  01:A0E3  01            .byte SQUARE_2      ;which channel
   15  01:A0E4  70            .byte $70           ;initial duty (10)
   16  01:A0E5  03            .byte ve_tgl_1      ;volume envelope
   17  01:A0E6  A5 A2         .word bank0_square2 ;pointer to stream
   18  01:A0E8  3A            .byte $3A           ;tempo
   19                         
   20  01:A0E9  02            .byte MUSIC_TRI     ;which stream
   21  01:A0EA  01            .byte $01           ;status byte (stream enabled)
   22  01:A0EB  02            .byte TRIANGLE      ;which channel
   23  01:A0EC  80            .byte $80           ;initial volume (on)
   24  01:A0ED  03            .byte ve_tgl_1      ;volume envelope
   25  01:A0EE  98 A4         .word bank0_tri     ;pointer to stream
   26  01:A0F0  3A            .byte $3A           ;tempo
   27                         
   28  01:A0F1  03            .byte MUSIC_NOI     ;which stream
   29  01:A0F2  01            .byte $01           ;enabled
   30  01:A0F3  03            .byte NOISE     
   31  01:A0F4  30            .byte $30           ;initial duty_vol
   32  01:A0F5  0A            .byte ve_hiHat_decay ;volume envelope
   33  01:A0F6  84 A6         .word bank0_noise   ;pointer to stream
   34  01:A0F8  3A            .byte $3A           ;tempo
   35                             
   36  01:A0F9  06                .byte MUSIC_DPMC
   37  01:A0FA  01                .byte $01
   38  01:A0FB  04                .byte DPMC
   39  01:A0FC  30                .byte $30
   40  01:A0FD  0A                .byte ve_hiHat_decay
   41  01:A0FE  AA A6             .word bank0_dpcm  ;pointer to stream
   42  01:A100  3A            .byte $3A           ;tempo
   43                     
   44                         
   45  01:A101            bank0_square1:
   46                     
   47  01:A101  A9 02             .byte pitch_envelope, me_sweep
   48  01:A103  A2 0B             .byte volume_envelope, ve_long_decay 
   49  01:A105  83 5E         .byte quarter, rest
   50  01:A107  87 29             .byte d_eighth, D5
   51  01:A109  A9 01             .byte pitch_envelope, me_mod
   52  01:A10B  8E 27             .byte d_half_d_eight, C5
   53  01:A10D  81 26 27          .byte sixteenth, B4, C5
   54  01:A110  82 26             .byte eighth, B4
   55  01:A112  81 21             .byte sixteenth, Fs4
   56  01:A114  82 22 24          .byte eighth, G4,  A4
   57  01:A117  81 26             .byte sixteenth, B4
   58  01:A119  A9 02             .byte pitch_envelope, me_sweep
   59  01:A11B  87 21             .byte d_eighth, Fs4
   60  01:A11D  A9 01             .byte pitch_envelope, me_mod
   61  01:A11F  8F 24             .byte whole_quarter_sixteenth, A4
   62  01:A121  81 5E             .byte sixteenth, rest
   63  01:A123  15 16 17          .byte Fs3, G3, Gs3, A3, Gs3, G3, Fs3
       01:A126  18 17 16  
       01:A129  15        
   64                             
   65  01:A12A  A9 02             .byte pitch_envelope, me_sweep
   66  01:A12C  83 5E             .byte quarter, rest
   67  01:A12E  87 29             .byte d_eighth, D5
   68  01:A130  A9 01             .byte pitch_envelope, me_mod
   69  01:A132  8E 27             .byte d_half_d_eight, C5
   70  01:A134  81 26 27          .byte sixteenth, B4, C5
   71  01:A137  82 26             .byte eighth, B4
   72  01:A139  81 21             .byte sixteenth, Fs4
   73  01:A13B  82 22 2B          .byte eighth, G4,  E5
   74  01:A13E  A9 02             .byte pitch_envelope, me_sweep
   75  01:A140  81 2E             .byte sixteenth, G5
   76  01:A142  A9 01             .byte pitch_envelope, me_mod
   77  01:A144  8A 2D             .byte d_whole, Fs5
   78  01:A146  81 5E             .byte sixteenth, rest
   79  01:A148  15 16 18          .byte Fs3, G3, A3, G3, A3, D4, Fs4
       01:A14B  16 18 1D  
       01:A14E  21        
   80                         
   81  01:A14F  A9 02             .byte pitch_envelope, me_sweep
   82  01:A151  83 5E             .byte quarter, rest
   83  01:A153  87 2E             .byte d_eighth, G5
   84  01:A155  A9 01             .byte pitch_envelope, me_mod
   85  01:A157  8E 2C             .byte d_half_d_eight, F5
   86  01:A159  81 2B 2C          .byte sixteenth, E5, F5
   87  01:A15C  82 2B             .byte eighth, E5
   88  01:A15E  81 26             .byte sixteenth, B4
   89  01:A160  82 27 29          .byte eighth, C5,  D5
   90  01:A163  81 2B 29          .byte sixteenth, E5, D5 
   91  01:A166  82 26 27          .byte eighth, B4, C5, A4, B4, G4 
       01:A169  24 26 22  
   92  01:A16C  81 27 26          .byte sixteenth, C5, B4, G4, F4, D4
       01:A16F  22 20 1D  
   93  01:A172  A9 02             .byte pitch_envelope, me_sweep
   94  01:A174  82 20             .byte eighth, F4
   95  01:A176  A9 01             .byte pitch_envelope, me_mod
   96  01:A178  81 24             .byte sixteenth, A4
   97  01:A17A  A9 02             .byte pitch_envelope, me_sweep
   98  01:A17C  82 22             .byte eighth, G4
   99  01:A17E  A9 01             .byte pitch_envelope, me_mod
  100  01:A180  81 27             .byte sixteenth, C5
  101  01:A182  8C 26             .byte five_eighths, B4
  102                             
  103  01:A184  A9 02             .byte pitch_envelope, me_sweep
  104  01:A186  83 5E             .byte quarter, rest
  105  01:A188  87 29             .byte d_eighth, D5
  106  01:A18A  A9 01             .byte pitch_envelope, me_mod
  107  01:A18C  8E 27             .byte d_half_d_eight, C5
  108  01:A18E  81 26 27          .byte sixteenth, B4, C5
  109  01:A191  82 26             .byte eighth, B4
  110  01:A193  81 21             .byte sixteenth, Fs4
  111  01:A195  82 22             .byte eighth, G4
  112  01:A197  A9 02             .byte pitch_envelope, me_sweep
  113  01:A199  24                .byte A4
  114  01:A19A  A9 01             .byte pitch_envelope, me_mod
  115  01:A19C  81 22             .byte sixteenth, G4
  116  01:A19E  8A 21             .byte d_whole, Fs4
  117  01:A1A0  81 5E             .byte sixteenth, rest
  118  01:A1A2  15 16 18          .byte Fs3, G3, A3, G3, A3, D4, Fs4
       01:A1A5  16 18 1D  
       01:A1A8  21        
  119                             
  120                             ;;bridge
  121                             
  122  01:A1A9  87 24 22          .byte d_eighth, A4, G4, Fs4
       01:A1AC  21        
  123  01:A1AD  80 09 30          .byte thirtysecond, Fs2, A5, G2, G5, Gs2, Fs5, A2
       01:A1B0  0A 2E 0B  
       01:A1B3  2D 0C     
  124  01:A1B5  29 0B 27          .byte D5, Gs2, C5, G2, A4, Fs2, G4
       01:A1B8  0A 24 09  
       01:A1BB  22        
  125  01:A1BC  87 20 1F          .byte d_eighth, F4, E4, D4, A3
       01:A1BF  1D 18     
  126  01:A1C1  82 1B             .byte eighth, C4
  127  01:A1C3  81 16             .byte sixteenth, G3
  128  01:A1C5  91 15             .byte whole_sixteenth, Fs3
  129  01:A1C7  84 5E             .byte half, rest
  130  01:A1C9  81 5E             .byte sixteenth, rest
  131  01:A1CB  81 15 16          .byte sixteenth, Fs3, G3, A3, G3, A3, D4, Fs4
       01:A1CE  18 16 18  
       01:A1D1  1D 21     
  132                             
  133  01:A1D3  87 24 22          .byte d_eighth, A4, G4, Fs4
       01:A1D6  21        
  134  01:A1D7  80 09 30          .byte thirtysecond, Fs2, A5, G2, G5, Gs2, Fs5, A2
       01:A1DA  0A 2E 0B  
       01:A1DD  2D 0C     
  135  01:A1DF  29 0B 27          .byte D5, Gs2, C5, G2, A4, Fs2, G4
       01:A1E2  0A 24 09  
       01:A1E5  22        
  136  01:A1E6  87 20 1F          .byte d_eighth, F4, E4, D4, A3
       01:A1E9  1D 18     
  137  01:A1EB  82 1B             .byte eighth, C4
  138  01:A1ED  81 22             .byte sixteenth, G4
  139  01:A1EF  91 21             .byte whole_sixteenth, Fs4
  140  01:A1F1  84 5E             .byte half, rest
  141  01:A1F3  81 5E             .byte sixteenth, rest
  142  01:A1F5  81 15 16          .byte sixteenth, Fs3, G3, A3, G3, A3, D4, Fs4
       01:A1F8  18 16 18  
       01:A1FB  1D 21     
  143                     
  144                             ;; reach-around
  145  01:A1FD  A9 02             .byte pitch_envelope, me_sweep
  146  01:A1FF  A2 0B             .byte volume_envelope, ve_long_decay 
  147  01:A201  87 22 22          .byte d_eighth, G4, G4
  148  01:A204  A9 01             .byte pitch_envelope, me_mod
  149  01:A206  A2 04             .byte volume_envelope, ve_tgl_2
  150  01:A208  82 24             .byte eighth, A4
  151  01:A20A  A2 03             .byte volume_envelope, ve_tgl_1
  152  01:A20C  80 5E 38          .byte thirtysecond, rest, F6
  153  01:A20F  81 39 35          .byte sixteenth, Fs6, D6, C6, A5, G5, Fs5, A5
       01:A212  33 30 2E  
       01:A215  2D 30     
  154  01:A217  82 2E             .byte eighth, G5
  155  01:A219  81 27             .byte sixteenth, C5
  156  01:A21B  82 2C             .byte eighth, F5
  157  01:A21D  81 29             .byte sixteenth, D5
  158  01:A21F  82 2E             .byte eighth, G5
  159  01:A221  81 2D             .byte sixteenth, Fs5
  160  01:A223  82 30             .byte eighth, A5
  161  01:A225  81 27 2E          .byte sixteenth, C5, G5, Fs5, C6, A5
       01:A228  2D 33 30  
  162                             
  163  01:A22B  A9 02             .byte pitch_envelope, me_sweep
  164  01:A22D  A2 0B             .byte volume_envelope, ve_long_decay 
  165  01:A22F  87 22 22          .byte d_eighth, G4, G4
  166  01:A232  A9 01             .byte pitch_envelope, me_mod
  167  01:A234  A2 04             .byte volume_envelope, ve_tgl_2
  168  01:A236  82 24             .byte eighth, A4
  169  01:A238  A2 03             .byte volume_envelope, ve_tgl_1
  170  01:A23A  80 5E 1C          .byte thirtysecond, rest, Cs4
  171  01:A23D  81 1D 21          .byte sixteenth, D4, Fs4, D5, A4, D5, Fs5
       01:A240  29 24 29  
       01:A243  2D        
  172  01:A244  81 33 30          .byte sixteenth, C6, A5, E5, A4, F5, C5, Fs4
       01:A247  2B 24 2C  
       01:A24A  27 21     
  173  01:A24C  81 2E 29          .byte sixteenth, G5, D5, A4, D5, A4, E4, G5, Fs5, C6, D6
       01:A24F  24 29 24  
       01:A252  1F 2E 2D  
       01:A255  33 35     
  174                             
  175  01:A257  A9 02             .byte pitch_envelope, me_sweep
  176  01:A259  A2 0B             .byte volume_envelope, ve_long_decay 
  177  01:A25B  87 22 22          .byte d_eighth, G4, G4
  178  01:A25E  A9 01             .byte pitch_envelope, me_mod
  179  01:A260  A2 04             .byte volume_envelope, ve_tgl_2
  180  01:A262  82 24             .byte eighth, A4
  181  01:A264  A2 03             .byte volume_envelope, ve_tgl_1
  182  01:A266  80 5E 38          .byte thirtysecond, rest, F6
  183  01:A269  81 39 35          .byte sixteenth, Fs6, D6, C6, A5, G5, Fs5, A5
       01:A26C  33 30 2E  
       01:A26F  2D 30     
  184  01:A271  82 2E             .byte eighth, G5
  185  01:A273  81 27             .byte sixteenth, C5
  186  01:A275  82 2C             .byte eighth, F5
  187  01:A277  81 29             .byte sixteenth, D5
  188  01:A279  82 2E             .byte eighth, G5
  189  01:A27B  81 2D             .byte sixteenth, Fs5
  190  01:A27D  82 30             .byte eighth, A5
  191  01:A27F  81 27 2E          .byte sixteenth, C5, G5, Fs5, C6, A5
       01:A282  2D 33 30  
  192                             
  193  01:A285  A9 02             .byte pitch_envelope, me_sweep
  194  01:A287  A2 0B             .byte volume_envelope, ve_long_decay 
  195  01:A289  87 22 22          .byte d_eighth, G4, G4
  196  01:A28C  A9 01             .byte pitch_envelope, me_mod
  197  01:A28E  A2 04             .byte volume_envelope, ve_tgl_2
  198  01:A290  82 24             .byte eighth, A4
  199  01:A292  A2 0B             .byte volume_envelope, ve_long_decay 
  200  01:A294  88 5E             .byte d_quarter, rest
  201  01:A296  8C 24             .byte five_eighths, A4
  202  01:A298  A2 03             .byte volume_envelope, ve_tgl_1
  203  01:A29A  81 5E             .byte sixteenth, rest
  204  01:A29C  82 21 22          .byte eighth, Fs4, G4, Gs4
       01:A29F  23        
  205  01:A2A0  81 24             .byte sixteenth, A4
  206                     
  207  01:A2A2  A1                .byte loop
  208  01:A2A3  01 A1         .word bank0_square1
  209                             
  210                             
  211                     
  212  01:A2A5            bank0_square2:
  213                     
  214  01:A2A5  81 05 0A          .byte sixteenth, D2, G2, A2, D2 
       01:A2A8  0C 05     
  215  01:A2AA  82 11             .byte eighth, D3
  216  01:A2AC  81 05             .byte sixteenth, D2
  217  01:A2AE  88 0F             .byte d_quarter, C3
  218  01:A2B0  81 0A 0C          .byte sixteenth, G2, A2, C3
       01:A2B3  0F        
  219  01:A2B4  05 0A 0C          .byte D2, G2, A2, D2 
       01:A2B7  05        
  220  01:A2B8  82 11             .byte eighth, D3
  221  01:A2BA  81 05             .byte sixteenth, D2
  222  01:A2BC  82 0F 09          .byte eighth, C3, Fs2, G2, Gs2
       01:A2BF  0A 0B     
  223  01:A2C1  81 0C             .byte sixteenth, A2
  224  01:A2C3  81 05 0A          .byte sixteenth, D2, G2, A2, D2 
       01:A2C6  0C 05     
  225  01:A2C8  82 11             .byte eighth, D3
  226  01:A2CA  81 05             .byte sixteenth, D2
  227  01:A2CC  88 0F             .byte d_quarter, C3
  228  01:A2CE  81 0A 0C          .byte sixteenth, G2, A2, C3
       01:A2D1  0F        
  229  01:A2D2  05 0A 0C          .byte D2, G2, A2, D2 
       01:A2D5  05        
  230  01:A2D6  82 11             .byte eighth, D3
  231  01:A2D8  81 05             .byte sixteenth, D2
  232  01:A2DA  82 0F             .byte eighth, C3 
  233  01:A2DC  81 09 0A          .byte sixteenth, Fs2, G2, Gs2, A2, Gs2, G2, Fs2
       01:A2DF  0B 0C 0B  
       01:A2E2  0A 09     
  234                             
  235  01:A2E4  81 05 0A          .byte sixteenth, D2, G2, A2, D2 
       01:A2E7  0C 05     
  236  01:A2E9  82 11             .byte eighth, D3
  237  01:A2EB  81 05             .byte sixteenth, D2
  238  01:A2ED  88 0F             .byte d_quarter, C3
  239  01:A2EF  81 0A 0C          .byte sixteenth, G2, A2, C3
       01:A2F2  0F        
  240  01:A2F3  05 0A 0C          .byte D2, G2, A2, D2 
       01:A2F6  05        
  241  01:A2F7  82 11             .byte eighth, D3
  242  01:A2F9  81 05             .byte sixteenth, D2
  243  01:A2FB  82 0F 09          .byte eighth, C3, Fs2, G2, Gs2
       01:A2FE  0A 0B     
  244  01:A300  81 0C             .byte sixteenth, A2
  245  01:A302  05 0A 0C          .byte D2, G2, A2, D2 
       01:A305  05        
  246  01:A306  82 11             .byte eighth, D3
  247  01:A308  81 05             .byte sixteenth, D2
  248  01:A30A  88 0F             .byte d_quarter, C3
  249  01:A30C  81 0A 0C          .byte sixteenth, G2, A2, C3
       01:A30F  0F        
  250  01:A310  05 0A 0C          .byte D2, G2, A2, D2 
       01:A313  05        
  251  01:A314  82 11             .byte eighth, D3
  252  01:A316  81 05             .byte sixteenth, D2
  253  01:A318  82 0F             .byte eighth, C3 
  254  01:A31A  81 09 0A          .byte sixteenth, Fs2, G2, A2, G2, A2, D3, Fs3 
       01:A31D  0C 0A 0C  
       01:A320  11 15     
  255                             
  256  01:A322  0A 0F 11          .byte G2, C3, D3, G2 
       01:A325  0A        
  257  01:A326  82 16             .byte eighth, G3
  258  01:A328  81 0A             .byte sixteenth, G2
  259  01:A32A  88 14             .byte d_quarter, F3
  260  01:A32C  81 0F 11          .byte sixteenth, C3, D3, F3
       01:A32F  14        
  261  01:A330  81 0A 0F          .byte sixteenth, G2, C3, D3, G2 
       01:A333  11 0A     
  262  01:A335  82 16             .byte eighth, G3
  263  01:A337  81 0A             .byte sixteenth, G2
  264  01:A339  88 14             .byte d_quarter, F3
  265  01:A33B  81 14 13          .byte sixteenth, F3, E3, D3
       01:A33E  11        
  266  01:A33F  0A 0F 11          .byte G2, C3, D3, G2 
       01:A342  0A        
  267  01:A343  82 16             .byte eighth, G3
  268  01:A345  81 0A             .byte sixteenth, G2
  269  01:A347  88 14             .byte d_quarter, F3
  270  01:A349  81 0F 11          .byte sixteenth, C3, D3, F3
       01:A34C  14        
  271  01:A34D  81 0A 0F          .byte sixteenth, G2, C3, D3, G2 
       01:A350  11 0A     
  272  01:A352  82 16             .byte eighth, G3
  273  01:A354  81 0A             .byte sixteenth, G2
  274  01:A356  88 14             .byte d_quarter, F3
  275  01:A358  81 14 13          .byte sixteenth, F3, E3, D3
       01:A35B  11        
  276                     
  277  01:A35C  81 05 0A          .byte sixteenth, D2, G2, A2, D2 
       01:A35F  0C 05     
  278  01:A361  82 11             .byte eighth, D3
  279  01:A363  81 05             .byte sixteenth, D2
  280  01:A365  88 0F             .byte d_quarter, C3
  281  01:A367  81 0A 0C          .byte sixteenth, G2, A2, C3
       01:A36A  0F        
  282  01:A36B  05 0A 0C          .byte D2, G2, A2, D2 
       01:A36E  05        
  283  01:A36F  82 11             .byte eighth, D3
  284  01:A371  81 05             .byte sixteenth, D2
  285  01:A373  82 0F 09          .byte eighth, C3, Fs2, G2, Gs2
       01:A376  0A 0B     
  286  01:A378  81 0C             .byte sixteenth, A2
  287  01:A37A  05 0A 0C          .byte D2, G2, A2, D2 
       01:A37D  05        
  288  01:A37E  82 11             .byte eighth, D3
  289  01:A380  81 05             .byte sixteenth, D2
  290  01:A382  88 0F             .byte d_quarter, C3
  291  01:A384  81 0A 0C          .byte sixteenth, G2, A2, C3
       01:A387  0F        
  292  01:A388  05 0A 0C          .byte D2, G2, A2, D2 
       01:A38B  05        
  293  01:A38C  82 11             .byte eighth, D3
  294  01:A38E  81 05             .byte sixteenth, D2
  295  01:A390  82 0F             .byte eighth, C3 
  296  01:A392  81 09 0A          .byte sixteenth, Fs2, G2, A2, G2, A2, D3, Fs3 
       01:A395  0C 0A 0C  
       01:A398  11 15     
  297                             
  298                             ;;bridge
  299                             
  300  01:A39A  A2 0B             .byte volume_envelope, ve_long_decay 
  301  01:A39C  87 1B 1A          .byte d_eighth, C4, B3, A3
       01:A39F  18        
  302  01:A3A0  81 09 0A          .byte sixteenth, Fs2, G2, Gs2, A2, Gs2, G2, Fs2
       01:A3A3  0B 0C 0B  
       01:A3A6  0A 09     
  303  01:A3A8  87 18 16          .byte d_eighth, A3, G3, Fs3, D3
       01:A3AB  15 11     
  304  01:A3AD  82 14             .byte eighth, F3
  305  01:A3AF  81 11             .byte sixteenth, D3
  306  01:A3B1  90 0F             .byte d_half_eighth, C3
  307  01:A3B3  A2 03             .byte volume_envelope, ve_tgl_1
  308  01:A3B5  81 0A 0C          .byte sixteenth, G2, A2, C3
       01:A3B8  0F        
  309  01:A3B9  05 0A 0C          .byte D2, G2, A2, D2 
       01:A3BC  05        
  310  01:A3BD  82 11             .byte eighth, D3
  311  01:A3BF  81 05             .byte sixteenth, D2
  312  01:A3C1  82 0F             .byte eighth, C3 
  313  01:A3C3  81 09 0A          .byte sixteenth, Fs2, G2, A2, G2, A2, D3, Fs3
       01:A3C6  0C 0A 0C  
       01:A3C9  11 15     
  314                             
  315  01:A3CB  A2 0B             .byte volume_envelope, ve_long_decay 
  316  01:A3CD  87 1B 1A          .byte d_eighth, C4, B3, A3
       01:A3D0  18        
  317  01:A3D1  81 09 0A          .byte sixteenth, Fs2, G2, Gs2, A2, Gs2, G2, Fs2
       01:A3D4  0B 0C 0B  
       01:A3D7  0A 09     
  318  01:A3D9  87 18 16          .byte d_eighth, A3, G3, Fs3, D3
       01:A3DC  15 11     
  319  01:A3DE  82 14             .byte eighth, F3
  320  01:A3E0  81 1B             .byte sixteenth, C4
  321  01:A3E2  90 1D             .byte d_half_eighth, D4
  322  01:A3E4  A2 03             .byte volume_envelope, ve_tgl_1
  323  01:A3E6  81 0A 0C          .byte sixteenth, G2, A2, C3
       01:A3E9  0F        
  324  01:A3EA  05 0A 0C          .byte D2, G2, A2, D2 
       01:A3ED  05        
  325  01:A3EE  82 11             .byte eighth, D3
  326  01:A3F0  81 05             .byte sixteenth, D2
  327  01:A3F2  82 0F             .byte eighth, C3 
  328  01:A3F4  81 09 0A          .byte sixteenth, Fs2, G2, A2, G2, A2, D3, Fs3
       01:A3F7  0C 0A 0C  
       01:A3FA  11 15     
  329                             
  330                             ;; reach-around
  331  01:A3FC  A2 0B             .byte volume_envelope, ve_long_decay 
  332  01:A3FE  87 1F 1F          .byte d_eighth, E4, E4
  333  01:A401  A2 04             .byte volume_envelope, ve_tgl_2
  334  01:A403  82 21             .byte eighth, Fs4
  335  01:A405  A2 07             .byte volume_envelope, ve_battlekid_2
  336  01:A407  86 5E             .byte d_sixteenth, rest
  337  01:A409  80 38             .byte thirtysecond, F6
  338  01:A40B  81 39 35          .byte sixteenth, Fs6, D6, C6, A5, G5, Fs5, A5
       01:A40E  33 30 2E  
       01:A411  2D 30     
  339  01:A413  82 2E             .byte eighth, G5
  340  01:A415  81 27             .byte sixteenth, C5
  341  01:A417  82 2C             .byte eighth, F5
  342  01:A419  81 29             .byte sixteenth, D5
  343  01:A41B  82 2E             .byte eighth, G5
  344  01:A41D  81 2D             .byte sixteenth, Fs5
  345  01:A41F  82 30             .byte eighth, A5
  346  01:A421  81 27 2E          .byte sixteenth, C5, G5, Fs5, C6 
       01:A424  2D 33     
  347                             
  348  01:A426  A2 0B             .byte volume_envelope, ve_long_decay 
  349  01:A428  87 1F 1F          .byte d_eighth, E4, E4
  350  01:A42B  A2 04             .byte volume_envelope, ve_tgl_2
  351  01:A42D  82 21             .byte eighth, Fs4
  352  01:A42F  A2 07             .byte volume_envelope, ve_battlekid_2
  353  01:A431  86 5E             .byte d_sixteenth, rest
  354  01:A433  80 1C             .byte thirtysecond, Cs4
  355  01:A435  81 1D 21          .byte sixteenth, D4, Fs4, D5, A4, D5, Fs5
       01:A438  29 24 29  
       01:A43B  2D        
  356  01:A43C  81 33 30          .byte sixteenth, C6, A5, E5, A4, F5, C5, Fs4
       01:A43F  2B 24 2C  
       01:A442  27 21     
  357  01:A444  81 2E 29          .byte sixteenth, G5, D5, A4, D5, A4, E4, G5, Fs5, C6
       01:A447  24 29 24  
       01:A44A  1F 2E 2D  
       01:A44D  33        
  358                             
  359  01:A44E  A2 0B             .byte volume_envelope, ve_long_decay 
  360  01:A450  87 1F 1F          .byte d_eighth, E4, E4
  361  01:A453  A2 04             .byte volume_envelope, ve_tgl_2
  362  01:A455  82 21             .byte eighth, Fs4
  363  01:A457  A2 07             .byte volume_envelope, ve_battlekid_2
  364  01:A459  86 5E             .byte d_sixteenth, rest
  365  01:A45B  80 38             .byte thirtysecond, F6
  366  01:A45D  81 39 35          .byte sixteenth, Fs6, D6, C6, A5, G5, Fs5, A5
       01:A460  33 30 2E  
       01:A463  2D 30     
  367  01:A465  82 2E             .byte eighth, G5
  368  01:A467  81 27             .byte sixteenth, C5
  369  01:A469  82 2C             .byte eighth, F5
  370  01:A46B  81 29             .byte sixteenth, D5
  371  01:A46D  82 2E             .byte eighth, G5
  372  01:A46F  81 2D             .byte sixteenth, Fs5
  373  01:A471  82 30             .byte eighth, A5
  374  01:A473  81 27 2E          .byte sixteenth, C5, G5, Fs5, C6 
       01:A476  2D 33     
  375                             
  376  01:A478  A2 0B             .byte volume_envelope, ve_long_decay 
  377  01:A47A  87 1F 1F          .byte d_eighth, E4, E4
  378  01:A47D  A2 04             .byte volume_envelope, ve_tgl_2
  379  01:A47F  82 21             .byte eighth, Fs4
  380  01:A481  A2 0B             .byte volume_envelope, ve_long_decay 
  381  01:A483  88 5E             .byte d_quarter, rest
  382  01:A485  AA 01             .byte arpeggio, arp_lowerThird
  383  01:A487  8C 27             .byte five_eighths, C5
  384  01:A489  A2 03             .byte volume_envelope, ve_tgl_1
  385  01:A48B  AA 00             .byte arpeggio, arp_none
  386  01:A48D  81 5E             .byte sixteenth, rest
  387  01:A48F  82 09 0A          .byte eighth, Fs2, G2, Gs2
       01:A492  0B        
  388  01:A493  81 0C             .byte sixteenth, A2
  389                             
  390  01:A495  A1            .byte loop
  391  01:A496  A5 A2         .word bank0_square2
  392                         
  393  01:A498            bank0_tri:
  394                     
  395  01:A498  81 11 16          .byte sixteenth, D3, G3, A3, D3 
       01:A49B  18 11     
  396  01:A49D  82 1D             .byte eighth, D4
  397  01:A49F  81 11             .byte sixteenth, D3
  398  01:A4A1  88 1B             .byte d_quarter, C4
  399  01:A4A3  81 16 18          .byte sixteenth, G3, A3, C4
       01:A4A6  1B        
  400  01:A4A7  11 16 18          .byte D3, G3, A3, D3 
       01:A4AA  11        
  401  01:A4AB  82 1D             .byte eighth, D4
  402  01:A4AD  81 11             .byte sixteenth, D3
  403  01:A4AF  82 1B 15          .byte eighth, C4, Fs3, G3, Gs3
       01:A4B2  16 17     
  404  01:A4B4  81 18             .byte sixteenth, A3
  405  01:A4B6  11 16 18          .byte D3, G3, A3, D3 
       01:A4B9  11        
  406  01:A4BA  82 1D             .byte eighth, D4
  407  01:A4BC  81 11             .byte sixteenth, D3
  408  01:A4BE  88 1B             .byte d_quarter, C4
  409  01:A4C0  81 16 18          .byte sixteenth, G3, A3, C4
       01:A4C3  1B        
  410  01:A4C4  11 16 18          .byte D3, G3, A3, D3 
       01:A4C7  11        
  411  01:A4C8  82 1D             .byte eighth, D4
  412  01:A4CA  81 11             .byte sixteenth, D3
  413  01:A4CC  82 1B             .byte eighth, C4
  414  01:A4CE  81 15 16          .byte sixteenth, Fs3, G3, Gs3, A3, Gs3, G3, Fs3
       01:A4D1  17 18 17  
       01:A4D4  16 15     
  415                             
  416  01:A4D6  11 16 18          .byte D3, G3, A3, D3 
       01:A4D9  11        
  417  01:A4DA  82 1D             .byte eighth, D4
  418  01:A4DC  81 11             .byte sixteenth, D3
  419  01:A4DE  88 1B             .byte d_quarter, C4
  420  01:A4E0  81 16 18          .byte sixteenth, G3, A3, C4
       01:A4E3  1B        
  421  01:A4E4  11 16 18          .byte D3, G3, A3, D3 
       01:A4E7  11        
  422  01:A4E8  82 1D             .byte eighth, D4
  423  01:A4EA  81 11             .byte sixteenth, D3
  424  01:A4EC  82 1B 15          .byte eighth, C4, Fs3, G3, Gs3
       01:A4EF  16 17     
  425  01:A4F1  81 18             .byte sixteenth, A3
  426  01:A4F3  11 16 18          .byte D3, G3, A3, D3 
       01:A4F6  11        
  427  01:A4F7  82 1D             .byte eighth, D4
  428  01:A4F9  81 11             .byte sixteenth, D3
  429  01:A4FB  88 1B             .byte d_quarter, C4
  430  01:A4FD  81 16 18          .byte sixteenth, G3, A3, C4
       01:A500  1B        
  431  01:A501  11 16 18          .byte D3, G3, A3, D3 
       01:A504  11        
  432  01:A505  82 1D             .byte eighth, D4
  433  01:A507  81 11             .byte sixteenth, D3
  434  01:A509  82 1B             .byte eighth, C4
  435  01:A50B  81 15 16          .byte sixteenth, Fs3, G3, A3, G3, A3, D4, Fs4
       01:A50E  18 16 18  
       01:A511  1D 21     
  436                             
  437  01:A513  16 1B 1D          .byte G3, C4, D4, G3 
       01:A516  16        
  438  01:A517  82 22             .byte eighth, G4
  439  01:A519  81 16             .byte sixteenth, G3
  440  01:A51B  88 20             .byte d_quarter, F4
  441  01:A51D  81 1B 1D          .byte sixteenth, C4, D4, F4
       01:A520  20        
  442  01:A521  81 16 1B          .byte sixteenth, G3, C4, D4, G3 
       01:A524  1D 16     
  443  01:A526  82 22             .byte eighth, G4
  444  01:A528  81 16             .byte sixteenth, G3
  445  01:A52A  88 20             .byte d_quarter, F4
  446  01:A52C  81 20 1F          .byte sixteenth, F4, E4, D4
       01:A52F  1D        
  447  01:A530  16 1B 1D          .byte G3, C4, D4, G3 
       01:A533  16        
  448  01:A534  82 22             .byte eighth, G4
  449  01:A536  81 16             .byte sixteenth, G3
  450  01:A538  88 20             .byte d_quarter, F4
  451  01:A53A  81 1B 1D          .byte sixteenth, C4, D4, F4
       01:A53D  20        
  452  01:A53E  81 16 1B          .byte sixteenth, G3, C4, D4, G3 
       01:A541  1D 16     
  453  01:A543  82 22             .byte eighth, G4
  454  01:A545  81 16             .byte sixteenth, G3
  455  01:A547  88 20             .byte d_quarter, F4
  456  01:A549  81 20 1F          .byte sixteenth, F4, E4, D4
       01:A54C  1D        
  457                     
  458  01:A54D  11 16 18          .byte D3, G3, A3, D3 
       01:A550  11        
  459  01:A551  82 1D             .byte eighth, D4
  460  01:A553  81 11             .byte sixteenth, D3
  461  01:A555  88 1B             .byte d_quarter, C4
  462  01:A557  81 16 18          .byte sixteenth, G3, A3, C4
       01:A55A  1B        
  463  01:A55B  11 16 18          .byte D3, G3, A3, D3 
       01:A55E  11        
  464  01:A55F  82 1D             .byte eighth, D4
  465  01:A561  81 11             .byte sixteenth, D3
  466  01:A563  82 1B 15          .byte eighth, C4, Fs3, G3, Gs3
       01:A566  16 17     
  467  01:A568  81 18             .byte sixteenth, A3
  468  01:A56A  11 16 18          .byte D3, G3, A3, D3 
       01:A56D  11        
  469  01:A56E  82 1D             .byte eighth, D4
  470  01:A570  81 11             .byte sixteenth, D3
  471  01:A572  88 1B             .byte d_quarter, C4
  472  01:A574  81 16 18          .byte sixteenth, G3, A3, C4
       01:A577  1B        
  473  01:A578  11 16 18          .byte D3, G3, A3, D3 
       01:A57B  11        
  474  01:A57C  82 1D             .byte eighth, D4
  475  01:A57E  81 11             .byte sixteenth, D3
  476  01:A580  82 1B             .byte eighth, C4
  477  01:A582  81 15 16          .byte sixteenth, Fs3, G3, A3, G3, A3, D4, Fs4
       01:A585  18 16 18  
       01:A588  1D 21     
  478                             
  479                             ;;bridge
  480                             
  481  01:A58A  81                .byte sixteenth
  482  01:A58B  27 22 1B          .byte C5, G4, C4, G4, D4, G3, A3, D4, A4
       01:A58E  22 1D 16  
       01:A591  18 1D 24  
  483  01:A594  3C 3A 39          .byte A6, G6, Fs6, D6, C6, A5, G5
       01:A597  35 33 30  
       01:A59A  2E        
  484  01:A59B  20 1B 14          .byte F4, C4, F3, E4, A3, Ds3, D4, A3, D3
       01:A59E  1F 18 12  
       01:A5A1  1D 18 11  
  485  01:A5A4  11 1D 11          .byte D3, D4, D3, A3, D3, F3, C3
       01:A5A7  18 11 14  
       01:A5AA  0F        
  486  01:A5AB  11 16 18          .byte D3, G3, A3, D3 
       01:A5AE  11        
  487  01:A5AF  82 1D             .byte eighth, D4
  488  01:A5B1  81 11             .byte sixteenth, D3
  489  01:A5B3  88 1B             .byte d_quarter, C4
  490  01:A5B5  81 16 18          .byte sixteenth, G3, A3, C4
       01:A5B8  1B        
  491  01:A5B9  11 16 18          .byte D3, G3, A3, D3 
       01:A5BC  11        
  492  01:A5BD  82 1D             .byte eighth, D4
  493  01:A5BF  81 11             .byte sixteenth, D3
  494  01:A5C1  82 1B             .byte eighth, C4
  495  01:A5C3  81 15 16          .byte sixteenth, Fs3, G3, A3, G3, A3, D4, Fs4
       01:A5C6  18 16 18  
       01:A5C9  1D 21     
  496  01:A5CB  27 22 1B          .byte C5, G4, C4, G4, D4, G3, A3, D4, A4
       01:A5CE  22 1D 16  
       01:A5D1  18 1D 24  
  497  01:A5D4  3C 3A 39          .byte A6, G6, Fs6, D6, C6, A5, G5
       01:A5D7  35 33 30  
       01:A5DA  2E        
  498  01:A5DB  20 1B 14          .byte F4, C4, F3, E4, A3, Ds3, D4, A3, D3
       01:A5DE  1F 18 12  
       01:A5E1  1D 18 11  
  499  01:A5E4  11 1D 11          .byte D3, D4, D3, A3, D3, F3, C3
       01:A5E7  18 11 14  
       01:A5EA  0F        
  500  01:A5EB  11 16 18          .byte D3, G3, A3, D3 
       01:A5EE  11        
  501  01:A5EF  82 1D             .byte eighth, D4
  502  01:A5F1  81 11             .byte sixteenth, D3
  503  01:A5F3  88 1B             .byte d_quarter, C4
  504  01:A5F5  81 16 18          .byte sixteenth, G3, A3, C4
       01:A5F8  1B        
  505  01:A5F9  11 16 18          .byte D3, G3, A3, D3 
       01:A5FC  11        
  506  01:A5FD  82 1D             .byte eighth, D4
  507  01:A5FF  81 11             .byte sixteenth, D3
  508  01:A601  82 1B             .byte eighth, C4
  509  01:A603  81 15 16          .byte sixteenth, Fs3, G3, A3, G3, A3, D4, Fs4
       01:A606  18 16 18  
       01:A609  1D 21     
  510                             
  511                             ;; reach-around
  512  01:A60B  A2 0B             .byte volume_envelope, ve_long_decay 
  513  01:A60D  87 0F 0F          .byte d_eighth, C3, C3
  514  01:A610  A2 04             .byte volume_envelope, ve_tgl_2
  515  01:A612  82 11             .byte eighth, D3
  516  01:A614  A2 03             .byte volume_envelope, ve_tgl_1
  517  01:A616  87 5E             .byte d_eighth, rest
  518  01:A618  81 11 11          .byte sixteenth, D3, D3, D4
       01:A61B  1D        
  519  01:A61C  8D 5E             .byte five_sixteenths, rest
  520  01:A61E  81 11 11          .byte sixteenth, D3, D3, D4
       01:A621  1D        
  521  01:A622  8D 5E             .byte five_sixteenths, rest
  522  01:A624  81 11 11          .byte sixteenth, D3, D3, D4
       01:A627  1D        
  523  01:A628  82 5E             .byte eighth, rest
  524                             
  525  01:A62A  A2 0B             .byte volume_envelope, ve_long_decay 
  526  01:A62C  87 0F 0F          .byte d_eighth, C3, C3
  527  01:A62F  A2 04             .byte volume_envelope, ve_tgl_2
  528  01:A631  82 11             .byte eighth, D3
  529  01:A633  A2 03             .byte volume_envelope, ve_tgl_1
  530  01:A635  87 5E             .byte d_eighth, rest
  531  01:A637  81 11 11          .byte sixteenth, D3, D3, D4
       01:A63A  1D        
  532  01:A63B  8D 5E             .byte five_sixteenths, rest
  533  01:A63D  81 11 11          .byte sixteenth, D3, D3, D4
       01:A640  1D        
  534  01:A641  8D 5E             .byte five_sixteenths, rest
  535  01:A643  81 11 11          .byte sixteenth, D3, D3, D4
       01:A646  1D        
  536  01:A647  82 5E             .byte eighth, rest
  537                                     
  538  01:A649  A2 0B             .byte volume_envelope, ve_long_decay 
  539  01:A64B  87 0F 0F          .byte d_eighth, C3, C3
  540  01:A64E  A2 04             .byte volume_envelope, ve_tgl_2
  541  01:A650  82 11             .byte eighth, D3
  542  01:A652  A2 03             .byte volume_envelope, ve_tgl_1
  543  01:A654  87 5E             .byte d_eighth, rest
  544  01:A656  81 11 11          .byte sixteenth, D3, D3, D4
       01:A659  1D        
  545  01:A65A  8D 5E             .byte five_sixteenths, rest
  546  01:A65C  81 11 11          .byte sixteenth, D3, D3, D4
       01:A65F  1D        
  547  01:A660  8D 5E             .byte five_sixteenths, rest
  548  01:A662  81 11 11          .byte sixteenth, D3, D3, D4
       01:A665  1D        
  549  01:A666  82 5E             .byte eighth, rest
  550                             
  551  01:A668  A2 0B             .byte volume_envelope, ve_long_decay 
  552  01:A66A  87 0F 0F          .byte d_eighth, C3, C3
  553  01:A66D  A2 04             .byte volume_envelope, ve_tgl_2
  554  01:A66F  82 11             .byte eighth, D3
  555  01:A671  A2 0B             .byte volume_envelope, ve_long_decay
  556  01:A673  88 5E             .byte d_quarter, rest
  557  01:A675  8C 0C             .byte five_eighths, A2
  558  01:A677  A2 03             .byte volume_envelope, ve_tgl_1
  559  01:A679  81 5E             .byte sixteenth, rest
  560  01:A67B  82 15 16          .byte eighth, Fs3, G3, Gs3
       01:A67E  17        
  561  01:A67F  81 18             .byte sixteenth, A3
  562                             
  563  01:A681  A1            .byte loop
  564  01:A682  98 A4         .word bank0_tri
  565                         
  566  01:A684            bank0_noise:
  567  01:A684  81 04 04      .byte sixteenth, $04, $04, $04, $04
       01:A687  04 04     
  568  01:A689  A2 09             .byte volume_envelope, ve_drum_decay 
  569  01:A68B  81 04         .byte sixteenth, $04
  570  01:A68D  A2 0A             .byte volume_envelope, ve_hiHat_decay
  571  01:A68F  81 04 04      .byte sixteenth, $04, $04, $04, $04
       01:A692  04 04     
  572  01:A694  A2 09         .byte volume_envelope, ve_drum_decay 
  573  01:A696  81 04         .byte sixteenth, $04
  574  01:A698  A2 0A             .byte volume_envelope, ve_hiHat_decay
  575  01:A69A  81 04 04      .byte sixteenth, $04, $04
  576  01:A69D  A2 09             .byte volume_envelope, ve_drum_decay 
  577  01:A69F  81 04         .byte sixteenth, $04
  578  01:A6A1  A2 0A             .byte volume_envelope, ve_hiHat_decay
  579  01:A6A3  81 04 04          .byte sixteenth, $04, $04, $04
       01:A6A6  04        
  580  01:A6A7  A1            .byte loop
  581  01:A6A8  84 A6         .word bank0_noise
  582                     
  583  01:A6AA            bank0_dpcm:
  584  01:A6AA  83 0B 1B          .byte quarter, $0B, $1B, $0B, $1B
       01:A6AD  0B 1B     
  585  01:A6AF  0B 87 1B          .byte $0B, d_eighth, $1B, sixteenth, $1B 
       01:A6B2  81 1B     
  586  01:A6B4  82 0B 0B          .byte eighth, $0B, $0B, quarter, $1B
       01:A6B7  83 1B     
  587  01:A6B9  A1                .byte loop
  588  01:A6BA  AA A6             .word bank0_dpcm
#[2]   Source/Banks/Bank0.asm
   44                     
   45           BFFA        .org $BFFA     ;first of the three vectors starts here
   46  01:BFFA  B8 DC       .dw NMI        ;when an NMI happens (once per frame if enabled) the 
   47                                        ;processor will jump to the label NMI:
   48  01:BFFC  00 C0       .dw RESET      ;when the processor first turns on or is reset, it will jump
   49                                        ;to the label RESET:
   50  01:BFFE  00 00       .dw 0          ;external interrupt IRQ is not used in this tutorial
#[1]   Source/PictoPuzzler.asm
#[2]   Source/Banks/Bank1.asm
   24                       .include "Source/Banks/Bank1.asm"
    1           0002        .bank 2
    2           8000        .org $8000
    3                       
#[3]   Source/Content/Puzzles/B1.asm
    4                       .include "Source/Content/Puzzles/B1.asm"
    1  02:8000            B1__lion:
    2  02:8000  02 5D 00    .db $02, $5D, $00, $35, $07, $17
       02:8003  35 07 17  
    3  02:8006  00 00 60    .db $00, $00, $60, $0C, $F0, $1E, $F3, $9E, $EF, $EE, $67, $CC, $23, $88, $59, $34, $5C, $74, $48, $24, $63, $8C, $29, $28, $11, $10, $0E, $E0, $03, $80
       02:8009  0C F0 1E  
       02:800C  F3 9E EF  
       02:800F  EE 67 CC  
       02:8012  23 88 59  
       02:8015  34 5C 74  
       02:8018  48 24 63  
       02:801B  8C 29 28  
       02:801E  11 10 0E  
       02:8021  E0 03 80  
    4  02:8024  30 FF 45    .db $30, $FF, $45, $FF, $26, $FF, $12, $20, $FF, $11, $31, $FF, $11, $20, $FF, $21, $40, $FF, $13, $50, $FF, $21, $40, $FF, $11, $20, $FF, $11, $31, $FF, $12, $20, $FF, $26, $FF, $45, $FF, $30, $FF
       02:8027  FF 26 FF  
       02:802A  12 20 FF  
       02:802D  11 31 FF  
       02:8030  11 20 FF  
       02:8033  21 40 FF  
       02:8036  13 50 FF  
       02:8039  21 40 FF  
       02:803C  11 20 FF  
       02:803F  11 31 FF  
       02:8042  12 20 FF  
       02:8045  26 FF 45  
       02:8048  FF 30 FF  
    5  02:804B  00 FF 22    .db $00, $FF, $22, $FF, $44, $FF, $43, $40, $FF, $37, $30, $FF, $25, $20, $FF, $13, $10, $FF, $12, $12, $10, $FF, $13, $31, $FF, $11, $11, $FF, $23, $20, $FF, $11, $11, $10, $FF, $11, $10, $FF, $33, $FF, $30, $FF
       02:804E  FF 44 FF  
       02:8051  43 40 FF  
       02:8054  37 30 FF  
       02:8057  25 20 FF  
       02:805A  13 10 FF  
       02:805D  12 12 10  
       02:8060  FF 13 31  
       02:8063  FF 11 11  
       02:8066  FF 23 20  
       02:8069  FF 11 11  
       02:806C  10 FF 11  
       02:806F  10 FF 33  
       02:8072  FF 30 FF  
    6  02:8075            B1__lionImage:
    7  02:8075  00 00 00   .db $00, $00, $00, $00, $A0, $00, $02, $89, $60, $00, $25, $A5, $82, $A0, $96, $9B, $AF, $EB, $98, $BF, $BF, $BF, $80, $BF, $BB, $F8, $0B, $AF, $BE, $B8, $2E, $2F, $E2, $E0, $BE, $FF, $EF, $82, $FF, $57, $FA, $02, $EF, $7E, $E0, $02, $FE, $FE, $00, $02, $A6, $A0, $00, $00, $A8, $00, $00, $FF
       02:8078  00 A0 00  
       02:807B  02 89 60  
       02:807E  00 25 A5  
       02:8081  82 A0 96  
       02:8084  9B AF EB  
       02:8087  98 BF BF  
       02:808A  BF 80 BF  
       02:808D  BB F8 0B  
       02:8090  AF BE B8  
       02:8093  2E 2F E2  
       02:8096  E0 BE FF  
       02:8099  EF 82 FF  
       02:809C  57 FA 02  
       02:809F  EF 7E E0  
       02:80A2  02 FE FE  
       02:80A5  00 02 A6  
       02:80A8  A0 00 00  
       02:80AB  A8 00 00  
       02:80AE  FF        
    8  02:80AF            B1__lionName:
    9  02:80AF  05 24 15    .db $05, $24, $15, $12, $18, $17, $FF
       02:80B2  12 18 17  
       02:80B5  FF        
   10                     
   11  02:80B6            B1_puzzle1:
   12  02:80B6  01 01 00    .db $01, $01, $00, $00, $10, $20
       02:80B9  00 10 20  
   13  02:80BC  80 00 00    .db $80, $00, $00, $00, $00, $00, $00, $00, $00, $00, $00, $00, $00, $00, $00, $00, $00, $00, $00, $00
       02:80BF  00 00 00  
       02:80C2  00 00 00  
       02:80C5  00 00 00  
       02:80C8  00 00 00  
       02:80CB  00 00 00  
       02:80CE  00 00     
   14  02:80D0  10 FF 00    .db $10, $FF, $00, $FF, $00, $FF, $00, $FF, $00, $FF, $00, $FF, $00, $FF, $00, $FF, $00, $FF, $00, $FF
       02:80D3  FF 00 FF  
       02:80D6  00 FF 00  
       02:80D9  FF 00 FF  
       02:80DC  00 FF 00  
       02:80DF  FF 00 FF  
       02:80E2  00 FF     
   15  02:80E4  10 FF 00    .db $10, $FF, $00, $FF, $00, $FF, $00, $FF, $00, $FF, $00, $FF, $00, $FF, $00, $FF, $00, $FF, $00, $FF
       02:80E7  FF 00 FF  
       02:80EA  00 FF 00  
       02:80ED  FF 00 FF  
       02:80F0  00 FF 00  
       02:80F3  FF 00 FF  
       02:80F6  00 FF     
   16  02:80F8            B1_puzzle1Image:
   17  02:80F8  C0 00 00   .db $C0, $00, $00, $00, $00, $00, $00, $00, $00, $00, $00, $00, $00, $00, $00, $00, $00, $00, $00, $00, $00, $00, $00, $00, $00, $FF
       02:80FB  00 00 00  
       02:80FE  00 00 00  
       02:8101  00 00 00  
       02:8104  00 00 00  
       02:8107  00 00 00  
       02:810A  00 00 00  
       02:810D  00 00 00  
       02:8110  00 FF     
   18  02:8112            B1_puzzle1Name:
   19  02:8112  07 19 1E    .db $07, $19, $1E, $23, $23, $15, $0E, $01, $FF
       02:8115  23 23 15  
       02:8118  0E 01 FF  
   20                     
   21  02:811B            B1_puzzle2:
   22  02:811B  01 01 00    .db $01, $01, $00, $00, $10, $20
       02:811E  00 10 20  
   23  02:8121  80 00 00    .db $80, $00, $00, $00, $00, $00, $00, $00, $00, $00, $00, $00, $00, $00, $00, $00, $00, $00, $00, $00
       02:8124  00 00 00  
       02:8127  00 00 00  
       02:812A  00 00 00  
       02:812D  00 00 00  
       02:8130  00 00 00  
       02:8133  00 00     
   24  02:8135  10 FF 00    .db $10, $FF, $00, $FF, $00, $FF, $00, $FF, $00, $FF, $00, $FF, $00, $FF, $00, $FF, $00, $FF, $00, $FF
       02:8138  FF 00 FF  
       02:813B  00 FF 00  
       02:813E  FF 00 FF  
       02:8141  00 FF 00  
       02:8144  FF 00 FF  
       02:8147  00 FF     
   25  02:8149  10 FF 00    .db $10, $FF, $00, $FF, $00, $FF, $00, $FF, $00, $FF, $00, $FF, $00, $FF, $00, $FF, $00, $FF, $00, $FF
       02:814C  FF 00 FF  
       02:814F  00 FF 00  
       02:8152  FF 00 FF  
       02:8155  00 FF 00  
       02:8158  FF 00 FF  
       02:815B  00 FF     
   26  02:815D            B1_puzzle2Image:
   27  02:815D  C0 00 00   .db $C0, $00, $00, $00, $00, $00, $00, $00, $00, $00, $00, $00, $00, $00, $00, $00, $00, $00, $00, $00, $00, $00, $00, $00, $00, $FF
       02:8160  00 00 00  
       02:8163  00 00 00  
       02:8166  00 00 00  
       02:8169  00 00 00  
       02:816C  00 00 00  
       02:816F  00 00 00  
       02:8172  00 00 00  
       02:8175  00 FF     
   28  02:8177            B1_puzzle2Name:
   29  02:8177  07 19 1E    .db $07, $19, $1E, $23, $23, $15, $0E, $02, $FF
       02:817A  23 23 15  
       02:817D  0E 02 FF  
   30                     
   31  02:8180            B1_puzzle3:
   32  02:8180  01 01 00    .db $01, $01, $00, $00, $10, $20
       02:8183  00 10 20  
   33  02:8186  80 00 00    .db $80, $00, $00, $00, $00, $00, $00, $00, $00, $00, $00, $00, $00, $00, $00, $00, $00, $00, $00, $00
       02:8189  00 00 00  
       02:818C  00 00 00  
       02:818F  00 00 00  
       02:8192  00 00 00  
       02:8195  00 00 00  
       02:8198  00 00     
   34  02:819A  10 FF 00    .db $10, $FF, $00, $FF, $00, $FF, $00, $FF, $00, $FF, $00, $FF, $00, $FF, $00, $FF, $00, $FF, $00, $FF
       02:819D  FF 00 FF  
       02:81A0  00 FF 00  
       02:81A3  FF 00 FF  
       02:81A6  00 FF 00  
       02:81A9  FF 00 FF  
       02:81AC  00 FF     
   35  02:81AE  10 FF 00    .db $10, $FF, $00, $FF, $00, $FF, $00, $FF, $00, $FF, $00, $FF, $00, $FF, $00, $FF, $00, $FF, $00, $FF
       02:81B1  FF 00 FF  
       02:81B4  00 FF 00  
       02:81B7  FF 00 FF  
       02:81BA  00 FF 00  
       02:81BD  FF 00 FF  
       02:81C0  00 FF     
   36  02:81C2            B1_puzzle3Image:
   37  02:81C2  C0 00 00   .db $C0, $00, $00, $00, $00, $00, $00, $00, $00, $00, $00, $00, $00, $00, $00, $00, $00, $00, $00, $00, $00, $00, $00, $00, $00, $FF
       02:81C5  00 00 00  
       02:81C8  00 00 00  
       02:81CB  00 00 00  
       02:81CE  00 00 00  
       02:81D1  00 00 00  
       02:81D4  00 00 00  
       02:81D7  00 00 00  
       02:81DA  00 FF     
   38  02:81DC            B1_puzzle3Name:
   39  02:81DC  07 19 1E    .db $07, $19, $1E, $23, $23, $15, $0E, $03, $FF
       02:81DF  23 23 15  
       02:81E2  0E 03 FF  
   40                     
   41  02:81E5            B1_puzzle4:
   42  02:81E5  01 01 00    .db $01, $01, $00, $00, $10, $20
       02:81E8  00 10 20  
   43  02:81EB  80 00 00    .db $80, $00, $00, $00, $00, $00, $00, $00, $00, $00, $00, $00, $00, $00, $00, $00, $00, $00, $00, $00
       02:81EE  00 00 00  
       02:81F1  00 00 00  
       02:81F4  00 00 00  
       02:81F7  00 00 00  
       02:81FA  00 00 00  
       02:81FD  00 00     
   44  02:81FF  10 FF 00    .db $10, $FF, $00, $FF, $00, $FF, $00, $FF, $00, $FF, $00, $FF, $00, $FF, $00, $FF, $00, $FF, $00, $FF
       02:8202  FF 00 FF  
       02:8205  00 FF 00  
       02:8208  FF 00 FF  
       02:820B  00 FF 00  
       02:820E  FF 00 FF  
       02:8211  00 FF     
   45  02:8213  10 FF 00    .db $10, $FF, $00, $FF, $00, $FF, $00, $FF, $00, $FF, $00, $FF, $00, $FF, $00, $FF, $00, $FF, $00, $FF
       02:8216  FF 00 FF  
       02:8219  00 FF 00  
       02:821C  FF 00 FF  
       02:821F  00 FF 00  
       02:8222  FF 00 FF  
       02:8225  00 FF     
   46  02:8227            B1_puzzle4Image:
   47  02:8227  C0 00 00   .db $C0, $00, $00, $00, $00, $00, $00, $00, $00, $00, $00, $00, $00, $00, $00, $00, $00, $00, $00, $00, $00, $00, $00, $00, $00, $FF
       02:822A  00 00 00  
       02:822D  00 00 00  
       02:8230  00 00 00  
       02:8233  00 00 00  
       02:8236  00 00 00  
       02:8239  00 00 00  
       02:823C  00 00 00  
       02:823F  00 FF     
   48  02:8241            B1_puzzle4Name:
   49  02:8241  07 19 1E    .db $07, $19, $1E, $23, $23, $15, $0E, $04, $FF
       02:8244  23 23 15  
       02:8247  0E 04 FF  
   50                     
   51  02:824A            B1_puzzle5:
   52  02:824A  01 01 00    .db $01, $01, $00, $00, $10, $20
       02:824D  00 10 20  
   53  02:8250  80 00 00    .db $80, $00, $00, $00, $00, $00, $00, $00, $00, $00, $00, $00, $00, $00, $00, $00, $00, $00, $00, $00
       02:8253  00 00 00  
       02:8256  00 00 00  
       02:8259  00 00 00  
       02:825C  00 00 00  
       02:825F  00 00 00  
       02:8262  00 00     
   54  02:8264  10 FF 00    .db $10, $FF, $00, $FF, $00, $FF, $00, $FF, $00, $FF, $00, $FF, $00, $FF, $00, $FF, $00, $FF, $00, $FF
       02:8267  FF 00 FF  
       02:826A  00 FF 00  
       02:826D  FF 00 FF  
       02:8270  00 FF 00  
       02:8273  FF 00 FF  
       02:8276  00 FF     
   55  02:8278  10 FF 00    .db $10, $FF, $00, $FF, $00, $FF, $00, $FF, $00, $FF, $00, $FF, $00, $FF, $00, $FF, $00, $FF, $00, $FF
       02:827B  FF 00 FF  
       02:827E  00 FF 00  
       02:8281  FF 00 FF  
       02:8284  00 FF 00  
       02:8287  FF 00 FF  
       02:828A  00 FF     
   56  02:828C            B1_puzzle5Image:
   57  02:828C  C0 00 00   .db $C0, $00, $00, $00, $00, $00, $00, $00, $00, $00, $00, $00, $00, $00, $00, $00, $00, $00, $00, $00, $00, $00, $00, $00, $00, $FF
       02:828F  00 00 00  
       02:8292  00 00 00  
       02:8295  00 00 00  
       02:8298  00 00 00  
       02:829B  00 00 00  
       02:829E  00 00 00  
       02:82A1  00 00 00  
       02:82A4  00 FF     
   58  02:82A6            B1_puzzle5Name:
   59  02:82A6  07 19 1E    .db $07, $19, $1E, $23, $23, $15, $0E, $05, $FF
       02:82A9  23 23 15  
       02:82AC  0E 05 FF  
   60                     
   61  02:82AF            B1_puzzle6:
   62  02:82AF  01 01 00    .db $01, $01, $00, $00, $10, $20
       02:82B2  00 10 20  
   63  02:82B5  80 00 00    .db $80, $00, $00, $00, $00, $00, $00, $00, $00, $00, $00, $00, $00, $00, $00, $00, $00, $00, $00, $00
       02:82B8  00 00 00  
       02:82BB  00 00 00  
       02:82BE  00 00 00  
       02:82C1  00 00 00  
       02:82C4  00 00 00  
       02:82C7  00 00     
   64  02:82C9  10 FF 00    .db $10, $FF, $00, $FF, $00, $FF, $00, $FF, $00, $FF, $00, $FF, $00, $FF, $00, $FF, $00, $FF, $00, $FF
       02:82CC  FF 00 FF  
       02:82CF  00 FF 00  
       02:82D2  FF 00 FF  
       02:82D5  00 FF 00  
       02:82D8  FF 00 FF  
       02:82DB  00 FF     
   65  02:82DD  10 FF 00    .db $10, $FF, $00, $FF, $00, $FF, $00, $FF, $00, $FF, $00, $FF, $00, $FF, $00, $FF, $00, $FF, $00, $FF
       02:82E0  FF 00 FF  
       02:82E3  00 FF 00  
       02:82E6  FF 00 FF  
       02:82E9  00 FF 00  
       02:82EC  FF 00 FF  
       02:82EF  00 FF     
   66  02:82F1            B1_puzzle6Image:
   67  02:82F1  C0 00 00   .db $C0, $00, $00, $00, $00, $00, $00, $00, $00, $00, $00, $00, $00, $00, $00, $00, $00, $00, $00, $00, $00, $00, $00, $00, $00, $FF
       02:82F4  00 00 00  
       02:82F7  00 00 00  
       02:82FA  00 00 00  
       02:82FD  00 00 00  
       02:8300  00 00 00  
       02:8303  00 00 00  
       02:8306  00 00 00  
       02:8309  00 FF     
   68  02:830B            B1_puzzle6Name:
   69  02:830B  07 19 1E    .db $07, $19, $1E, $23, $23, $15, $0E, $06, $FF
       02:830E  23 23 15  
       02:8311  0E 06 FF  
   70                     
   71  02:8314            B1_puzzle7:
   72  02:8314  01 01 00    .db $01, $01, $00, $00, $10, $20
       02:8317  00 10 20  
   73  02:831A  80 00 00    .db $80, $00, $00, $00, $00, $00, $00, $00, $00, $00, $00, $00, $00, $00, $00, $00, $00, $00, $00, $00
       02:831D  00 00 00  
       02:8320  00 00 00  
       02:8323  00 00 00  
       02:8326  00 00 00  
       02:8329  00 00 00  
       02:832C  00 00     
   74  02:832E  10 FF 00    .db $10, $FF, $00, $FF, $00, $FF, $00, $FF, $00, $FF, $00, $FF, $00, $FF, $00, $FF, $00, $FF, $00, $FF
       02:8331  FF 00 FF  
       02:8334  00 FF 00  
       02:8337  FF 00 FF  
       02:833A  00 FF 00  
       02:833D  FF 00 FF  
       02:8340  00 FF     
   75  02:8342  10 FF 00    .db $10, $FF, $00, $FF, $00, $FF, $00, $FF, $00, $FF, $00, $FF, $00, $FF, $00, $FF, $00, $FF, $00, $FF
       02:8345  FF 00 FF  
       02:8348  00 FF 00  
       02:834B  FF 00 FF  
       02:834E  00 FF 00  
       02:8351  FF 00 FF  
       02:8354  00 FF     
   76  02:8356            B1_puzzle7Image:
   77  02:8356  C0 00 00   .db $C0, $00, $00, $00, $00, $00, $00, $00, $00, $00, $00, $00, $00, $00, $00, $00, $00, $00, $00, $00, $00, $00, $00, $00, $00, $FF
       02:8359  00 00 00  
       02:835C  00 00 00  
       02:835F  00 00 00  
       02:8362  00 00 00  
       02:8365  00 00 00  
       02:8368  00 00 00  
       02:836B  00 00 00  
       02:836E  00 FF     
   78  02:8370            B1_puzzle7Name:
   79  02:8370  07 19 1E    .db $07, $19, $1E, $23, $23, $15, $0E, $07, $FF
       02:8373  23 23 15  
       02:8376  0E 07 FF  
   80                     
   81  02:8379            B1_puzzle8:
   82  02:8379  01 01 00    .db $01, $01, $00, $00, $10, $20
       02:837C  00 10 20  
   83  02:837F  80 00 00    .db $80, $00, $00, $00, $00, $00, $00, $00, $00, $00, $00, $00, $00, $00, $00, $00, $00, $00, $00, $00
       02:8382  00 00 00  
       02:8385  00 00 00  
       02:8388  00 00 00  
       02:838B  00 00 00  
       02:838E  00 00 00  
       02:8391  00 00     
   84  02:8393  10 FF 00    .db $10, $FF, $00, $FF, $00, $FF, $00, $FF, $00, $FF, $00, $FF, $00, $FF, $00, $FF, $00, $FF, $00, $FF
       02:8396  FF 00 FF  
       02:8399  00 FF 00  
       02:839C  FF 00 FF  
       02:839F  00 FF 00  
       02:83A2  FF 00 FF  
       02:83A5  00 FF     
   85  02:83A7  10 FF 00    .db $10, $FF, $00, $FF, $00, $FF, $00, $FF, $00, $FF, $00, $FF, $00, $FF, $00, $FF, $00, $FF, $00, $FF
       02:83AA  FF 00 FF  
       02:83AD  00 FF 00  
       02:83B0  FF 00 FF  
       02:83B3  00 FF 00  
       02:83B6  FF 00 FF  
       02:83B9  00 FF     
   86  02:83BB            B1_puzzle8Image:
   87  02:83BB  C0 00 00   .db $C0, $00, $00, $00, $00, $00, $00, $00, $00, $00, $00, $00, $00, $00, $00, $00, $00, $00, $00, $00, $00, $00, $00, $00, $00, $FF
       02:83BE  00 00 00  
       02:83C1  00 00 00  
       02:83C4  00 00 00  
       02:83C7  00 00 00  
       02:83CA  00 00 00  
       02:83CD  00 00 00  
       02:83D0  00 00 00  
       02:83D3  00 FF     
   88  02:83D5            B1_puzzle8Name:
   89  02:83D5  07 19 1E    .db $07, $19, $1E, $23, $23, $15, $0E, $08, $FF
       02:83D8  23 23 15  
       02:83DB  0E 08 FF  
   90                     
   91  02:83DE            B1_puzzle9:
   92  02:83DE  01 01 00    .db $01, $01, $00, $00, $10, $20
       02:83E1  00 10 20  
   93  02:83E4  80 00 00    .db $80, $00, $00, $00, $00, $00, $00, $00, $00, $00, $00, $00, $00, $00, $00, $00, $00, $00, $00, $00
       02:83E7  00 00 00  
       02:83EA  00 00 00  
       02:83ED  00 00 00  
       02:83F0  00 00 00  
       02:83F3  00 00 00  
       02:83F6  00 00     
   94  02:83F8  10 FF 00    .db $10, $FF, $00, $FF, $00, $FF, $00, $FF, $00, $FF, $00, $FF, $00, $FF, $00, $FF, $00, $FF, $00, $FF
       02:83FB  FF 00 FF  
       02:83FE  00 FF 00  
       02:8401  FF 00 FF  
       02:8404  00 FF 00  
       02:8407  FF 00 FF  
       02:840A  00 FF     
   95  02:840C  10 FF 00    .db $10, $FF, $00, $FF, $00, $FF, $00, $FF, $00, $FF, $00, $FF, $00, $FF, $00, $FF, $00, $FF, $00, $FF
       02:840F  FF 00 FF  
       02:8412  00 FF 00  
       02:8415  FF 00 FF  
       02:8418  00 FF 00  
       02:841B  FF 00 FF  
       02:841E  00 FF     
   96  02:8420            B1_puzzle9Image:
   97  02:8420  C0 00 00   .db $C0, $00, $00, $00, $00, $00, $00, $00, $00, $00, $00, $00, $00, $00, $00, $00, $00, $00, $00, $00, $00, $00, $00, $00, $00, $FF
       02:8423  00 00 00  
       02:8426  00 00 00  
       02:8429  00 00 00  
       02:842C  00 00 00  
       02:842F  00 00 00  
       02:8432  00 00 00  
       02:8435  00 00 00  
       02:8438  00 FF     
   98  02:843A            B1_puzzle9Name:
   99  02:843A  07 19 1E    .db $07, $19, $1E, $23, $23, $15, $0E, $09, $FF
       02:843D  23 23 15  
       02:8440  0E 09 FF  
  100                     
  101  02:8443            B1_puzzle10:
  102  02:8443  01 01 00    .db $01, $01, $00, $00, $10, $20
       02:8446  00 10 20  
  103  02:8449  80 00 00    .db $80, $00, $00, $00, $00, $00, $00, $00, $00, $00, $00, $00, $00, $00, $00, $00, $00, $00, $00, $00
       02:844C  00 00 00  
       02:844F  00 00 00  
       02:8452  00 00 00  
       02:8455  00 00 00  
       02:8458  00 00 00  
       02:845B  00 00     
  104  02:845D  10 FF 00    .db $10, $FF, $00, $FF, $00, $FF, $00, $FF, $00, $FF, $00, $FF, $00, $FF, $00, $FF, $00, $FF, $00, $FF
       02:8460  FF 00 FF  
       02:8463  00 FF 00  
       02:8466  FF 00 FF  
       02:8469  00 FF 00  
       02:846C  FF 00 FF  
       02:846F  00 FF     
  105  02:8471  10 FF 00    .db $10, $FF, $00, $FF, $00, $FF, $00, $FF, $00, $FF, $00, $FF, $00, $FF, $00, $FF, $00, $FF, $00, $FF
       02:8474  FF 00 FF  
       02:8477  00 FF 00  
       02:847A  FF 00 FF  
       02:847D  00 FF 00  
       02:8480  FF 00 FF  
       02:8483  00 FF     
  106  02:8485            B1_puzzle10Image:
  107  02:8485  C0 00 00   .db $C0, $00, $00, $00, $00, $00, $00, $00, $00, $00, $00, $00, $00, $00, $00, $00, $00, $00, $00, $00, $00, $00, $00, $00, $00, $FF
       02:8488  00 00 00  
       02:848B  00 00 00  
       02:848E  00 00 00  
       02:8491  00 00 00  
       02:8494  00 00 00  
       02:8497  00 00 00  
       02:849A  00 00 00  
       02:849D  00 FF     
  108  02:849F            B1_puzzle10Name:
  109  02:849F  08 19 1E    .db $08, $19, $1E, $23, $23, $15, $0E, $01, $00, $FF
       02:84A2  23 23 15  
       02:84A5  0E 01 00  
       02:84A8  FF        
  110                     
  111  02:84A9            B1_puzzle11:
  112  02:84A9  01 01 00    .db $01, $01, $00, $00, $10, $20
       02:84AC  00 10 20  
  113  02:84AF  80 00 00    .db $80, $00, $00, $00, $00, $00, $00, $00, $00, $00, $00, $00, $00, $00, $00, $00, $00, $00, $00, $00
       02:84B2  00 00 00  
       02:84B5  00 00 00  
       02:84B8  00 00 00  
       02:84BB  00 00 00  
       02:84BE  00 00 00  
       02:84C1  00 00     
  114  02:84C3  10 FF 00    .db $10, $FF, $00, $FF, $00, $FF, $00, $FF, $00, $FF, $00, $FF, $00, $FF, $00, $FF, $00, $FF, $00, $FF
       02:84C6  FF 00 FF  
       02:84C9  00 FF 00  
       02:84CC  FF 00 FF  
       02:84CF  00 FF 00  
       02:84D2  FF 00 FF  
       02:84D5  00 FF     
  115  02:84D7  10 FF 00    .db $10, $FF, $00, $FF, $00, $FF, $00, $FF, $00, $FF, $00, $FF, $00, $FF, $00, $FF, $00, $FF, $00, $FF
       02:84DA  FF 00 FF  
       02:84DD  00 FF 00  
       02:84E0  FF 00 FF  
       02:84E3  00 FF 00  
       02:84E6  FF 00 FF  
       02:84E9  00 FF     
  116  02:84EB            B1_puzzle11Image:
  117  02:84EB  C0 00 00   .db $C0, $00, $00, $00, $00, $00, $00, $00, $00, $00, $00, $00, $00, $00, $00, $00, $00, $00, $00, $00, $00, $00, $00, $00, $00, $FF
       02:84EE  00 00 00  
       02:84F1  00 00 00  
       02:84F4  00 00 00  
       02:84F7  00 00 00  
       02:84FA  00 00 00  
       02:84FD  00 00 00  
       02:8500  00 00 00  
       02:8503  00 FF     
  118  02:8505            B1_puzzle11Name:
  119  02:8505  08 19 1E    .db $08, $19, $1E, $23, $23, $15, $0E, $01, $01, $FF
       02:8508  23 23 15  
       02:850B  0E 01 01  
       02:850E  FF        
  120                     
  121  02:850F            B1_puzzle12:
  122  02:850F  01 01 00    .db $01, $01, $00, $00, $10, $20
       02:8512  00 10 20  
  123  02:8515  80 00 00    .db $80, $00, $00, $00, $00, $00, $00, $00, $00, $00, $00, $00, $00, $00, $00, $00, $00, $00, $00, $00
       02:8518  00 00 00  
       02:851B  00 00 00  
       02:851E  00 00 00  
       02:8521  00 00 00  
       02:8524  00 00 00  
       02:8527  00 00     
  124  02:8529  10 FF 00    .db $10, $FF, $00, $FF, $00, $FF, $00, $FF, $00, $FF, $00, $FF, $00, $FF, $00, $FF, $00, $FF, $00, $FF
       02:852C  FF 00 FF  
       02:852F  00 FF 00  
       02:8532  FF 00 FF  
       02:8535  00 FF 00  
       02:8538  FF 00 FF  
       02:853B  00 FF     
  125  02:853D  10 FF 00    .db $10, $FF, $00, $FF, $00, $FF, $00, $FF, $00, $FF, $00, $FF, $00, $FF, $00, $FF, $00, $FF, $00, $FF
       02:8540  FF 00 FF  
       02:8543  00 FF 00  
       02:8546  FF 00 FF  
       02:8549  00 FF 00  
       02:854C  FF 00 FF  
       02:854F  00 FF     
  126  02:8551            B1_puzzle12Image:
  127  02:8551  C0 00 00   .db $C0, $00, $00, $00, $00, $00, $00, $00, $00, $00, $00, $00, $00, $00, $00, $00, $00, $00, $00, $00, $00, $00, $00, $00, $00, $FF
       02:8554  00 00 00  
       02:8557  00 00 00  
       02:855A  00 00 00  
       02:855D  00 00 00  
       02:8560  00 00 00  
       02:8563  00 00 00  
       02:8566  00 00 00  
       02:8569  00 FF     
  128  02:856B            B1_puzzle12Name:
  129  02:856B  08 19 1E    .db $08, $19, $1E, $23, $23, $15, $0E, $01, $02, $FF
       02:856E  23 23 15  
       02:8571  0E 01 02  
       02:8574  FF        
  130                     
  131  02:8575            B1_puzzle13:
  132  02:8575  01 01 00    .db $01, $01, $00, $00, $10, $20
       02:8578  00 10 20  
  133  02:857B  80 00 00    .db $80, $00, $00, $00, $00, $00, $00, $00, $00, $00, $00, $00, $00, $00, $00, $00, $00, $00, $00, $00
       02:857E  00 00 00  
       02:8581  00 00 00  
       02:8584  00 00 00  
       02:8587  00 00 00  
       02:858A  00 00 00  
       02:858D  00 00     
  134  02:858F  10 FF 00    .db $10, $FF, $00, $FF, $00, $FF, $00, $FF, $00, $FF, $00, $FF, $00, $FF, $00, $FF, $00, $FF, $00, $FF
       02:8592  FF 00 FF  
       02:8595  00 FF 00  
       02:8598  FF 00 FF  
       02:859B  00 FF 00  
       02:859E  FF 00 FF  
       02:85A1  00 FF     
  135  02:85A3  10 FF 00    .db $10, $FF, $00, $FF, $00, $FF, $00, $FF, $00, $FF, $00, $FF, $00, $FF, $00, $FF, $00, $FF, $00, $FF
       02:85A6  FF 00 FF  
       02:85A9  00 FF 00  
       02:85AC  FF 00 FF  
       02:85AF  00 FF 00  
       02:85B2  FF 00 FF  
       02:85B5  00 FF     
  136  02:85B7            B1_puzzle13Image:
  137  02:85B7  C0 00 00   .db $C0, $00, $00, $00, $00, $00, $00, $00, $00, $00, $00, $00, $00, $00, $00, $00, $00, $00, $00, $00, $00, $00, $00, $00, $00, $FF
       02:85BA  00 00 00  
       02:85BD  00 00 00  
       02:85C0  00 00 00  
       02:85C3  00 00 00  
       02:85C6  00 00 00  
       02:85C9  00 00 00  
       02:85CC  00 00 00  
       02:85CF  00 FF     
  138  02:85D1            B1_puzzle13Name:
  139  02:85D1  08 19 1E    .db $08, $19, $1E, $23, $23, $15, $0E, $01, $03, $FF
       02:85D4  23 23 15  
       02:85D7  0E 01 03  
       02:85DA  FF        
  140                     
  141  02:85DB            B1_puzzle14:
  142  02:85DB  01 01 00    .db $01, $01, $00, $00, $10, $20
       02:85DE  00 10 20  
  143  02:85E1  80 00 00    .db $80, $00, $00, $00, $00, $00, $00, $00, $00, $00, $00, $00, $00, $00, $00, $00, $00, $00, $00, $00
       02:85E4  00 00 00  
       02:85E7  00 00 00  
       02:85EA  00 00 00  
       02:85ED  00 00 00  
       02:85F0  00 00 00  
       02:85F3  00 00     
  144  02:85F5  10 FF 00    .db $10, $FF, $00, $FF, $00, $FF, $00, $FF, $00, $FF, $00, $FF, $00, $FF, $00, $FF, $00, $FF, $00, $FF
       02:85F8  FF 00 FF  
       02:85FB  00 FF 00  
       02:85FE  FF 00 FF  
       02:8601  00 FF 00  
       02:8604  FF 00 FF  
       02:8607  00 FF     
  145  02:8609  10 FF 00    .db $10, $FF, $00, $FF, $00, $FF, $00, $FF, $00, $FF, $00, $FF, $00, $FF, $00, $FF, $00, $FF, $00, $FF
       02:860C  FF 00 FF  
       02:860F  00 FF 00  
       02:8612  FF 00 FF  
       02:8615  00 FF 00  
       02:8618  FF 00 FF  
       02:861B  00 FF     
  146  02:861D            B1_puzzle14Image:
  147  02:861D  C0 00 00   .db $C0, $00, $00, $00, $00, $00, $00, $00, $00, $00, $00, $00, $00, $00, $00, $00, $00, $00, $00, $00, $00, $00, $00, $00, $00, $FF
       02:8620  00 00 00  
       02:8623  00 00 00  
       02:8626  00 00 00  
       02:8629  00 00 00  
       02:862C  00 00 00  
       02:862F  00 00 00  
       02:8632  00 00 00  
       02:8635  00 FF     
  148  02:8637            B1_puzzle14Name:
  149  02:8637  08 19 1E    .db $08, $19, $1E, $23, $23, $15, $0E, $01, $04, $FF
       02:863A  23 23 15  
       02:863D  0E 01 04  
       02:8640  FF        
  150                     
  151  02:8641            B1_puzzle15:
  152  02:8641  01 01 00    .db $01, $01, $00, $00, $10, $20
       02:8644  00 10 20  
  153  02:8647  80 00 00    .db $80, $00, $00, $00, $00, $00, $00, $00, $00, $00, $00, $00, $00, $00, $00, $00, $00, $00, $00, $00
       02:864A  00 00 00  
       02:864D  00 00 00  
       02:8650  00 00 00  
       02:8653  00 00 00  
       02:8656  00 00 00  
       02:8659  00 00     
  154  02:865B  10 FF 00    .db $10, $FF, $00, $FF, $00, $FF, $00, $FF, $00, $FF, $00, $FF, $00, $FF, $00, $FF, $00, $FF, $00, $FF
       02:865E  FF 00 FF  
       02:8661  00 FF 00  
       02:8664  FF 00 FF  
       02:8667  00 FF 00  
       02:866A  FF 00 FF  
       02:866D  00 FF     
  155  02:866F  10 FF 00    .db $10, $FF, $00, $FF, $00, $FF, $00, $FF, $00, $FF, $00, $FF, $00, $FF, $00, $FF, $00, $FF, $00, $FF
       02:8672  FF 00 FF  
       02:8675  00 FF 00  
       02:8678  FF 00 FF  
       02:867B  00 FF 00  
       02:867E  FF 00 FF  
       02:8681  00 FF     
  156  02:8683            B1_puzzle15Image:
  157  02:8683  C0 00 00   .db $C0, $00, $00, $00, $00, $00, $00, $00, $00, $00, $00, $00, $00, $00, $00, $00, $00, $00, $00, $00, $00, $00, $00, $00, $00, $FF
       02:8686  00 00 00  
       02:8689  00 00 00  
       02:868C  00 00 00  
       02:868F  00 00 00  
       02:8692  00 00 00  
       02:8695  00 00 00  
       02:8698  00 00 00  
       02:869B  00 FF     
  158  02:869D            B1_puzzle15Name:
  159  02:869D  08 19 1E    .db $08, $19, $1E, $23, $23, $15, $0E, $01, $05, $FF
       02:86A0  23 23 15  
       02:86A3  0E 01 05  
       02:86A6  FF        
  160                     
  161  02:86A7            B1_puzzle16:
  162  02:86A7  01 01 00    .db $01, $01, $00, $00, $10, $20
       02:86AA  00 10 20  
  163  02:86AD  80 00 00    .db $80, $00, $00, $00, $00, $00, $00, $00, $00, $00, $00, $00, $00, $00, $00, $00, $00, $00, $00, $00
       02:86B0  00 00 00  
       02:86B3  00 00 00  
       02:86B6  00 00 00  
       02:86B9  00 00 00  
       02:86BC  00 00 00  
       02:86BF  00 00     
  164  02:86C1  10 FF 00    .db $10, $FF, $00, $FF, $00, $FF, $00, $FF, $00, $FF, $00, $FF, $00, $FF, $00, $FF, $00, $FF, $00, $FF
       02:86C4  FF 00 FF  
       02:86C7  00 FF 00  
       02:86CA  FF 00 FF  
       02:86CD  00 FF 00  
       02:86D0  FF 00 FF  
       02:86D3  00 FF     
  165  02:86D5  10 FF 00    .db $10, $FF, $00, $FF, $00, $FF, $00, $FF, $00, $FF, $00, $FF, $00, $FF, $00, $FF, $00, $FF, $00, $FF
       02:86D8  FF 00 FF  
       02:86DB  00 FF 00  
       02:86DE  FF 00 FF  
       02:86E1  00 FF 00  
       02:86E4  FF 00 FF  
       02:86E7  00 FF     
  166  02:86E9            B1_puzzle16Image:
  167  02:86E9  C0 00 00   .db $C0, $00, $00, $00, $00, $00, $00, $00, $00, $00, $00, $00, $00, $00, $00, $00, $00, $00, $00, $00, $00, $00, $00, $00, $00, $FF
       02:86EC  00 00 00  
       02:86EF  00 00 00  
       02:86F2  00 00 00  
       02:86F5  00 00 00  
       02:86F8  00 00 00  
       02:86FB  00 00 00  
       02:86FE  00 00 00  
       02:8701  00 FF     
  168  02:8703            B1_puzzle16Name:
  169  02:8703  08 19 1E    .db $08, $19, $1E, $23, $23, $15, $0E, $01, $06, $FF
       02:8706  23 23 15  
       02:8709  0E 01 06  
       02:870C  FF        
  170                     
  171  02:870D            B1_puzzle17:
  172  02:870D  01 01 00    .db $01, $01, $00, $00, $10, $20
       02:8710  00 10 20  
  173  02:8713  80 00 00    .db $80, $00, $00, $00, $00, $00, $00, $00, $00, $00, $00, $00, $00, $00, $00, $00, $00, $00, $00, $00
       02:8716  00 00 00  
       02:8719  00 00 00  
       02:871C  00 00 00  
       02:871F  00 00 00  
       02:8722  00 00 00  
       02:8725  00 00     
  174  02:8727  10 FF 00    .db $10, $FF, $00, $FF, $00, $FF, $00, $FF, $00, $FF, $00, $FF, $00, $FF, $00, $FF, $00, $FF, $00, $FF
       02:872A  FF 00 FF  
       02:872D  00 FF 00  
       02:8730  FF 00 FF  
       02:8733  00 FF 00  
       02:8736  FF 00 FF  
       02:8739  00 FF     
  175  02:873B  10 FF 00    .db $10, $FF, $00, $FF, $00, $FF, $00, $FF, $00, $FF, $00, $FF, $00, $FF, $00, $FF, $00, $FF, $00, $FF
       02:873E  FF 00 FF  
       02:8741  00 FF 00  
       02:8744  FF 00 FF  
       02:8747  00 FF 00  
       02:874A  FF 00 FF  
       02:874D  00 FF     
  176  02:874F            B1_puzzle17Image:
  177  02:874F  C0 00 00   .db $C0, $00, $00, $00, $00, $00, $00, $00, $00, $00, $00, $00, $00, $00, $00, $00, $00, $00, $00, $00, $00, $00, $00, $00, $00, $FF
       02:8752  00 00 00  
       02:8755  00 00 00  
       02:8758  00 00 00  
       02:875B  00 00 00  
       02:875E  00 00 00  
       02:8761  00 00 00  
       02:8764  00 00 00  
       02:8767  00 FF     
  178  02:8769            B1_puzzle17Name:
  179  02:8769  08 19 1E    .db $08, $19, $1E, $23, $23, $15, $0E, $01, $07, $FF
       02:876C  23 23 15  
       02:876F  0E 01 07  
       02:8772  FF        
  180                     
  181  02:8773            B1_puzzle18:
  182  02:8773  01 01 00    .db $01, $01, $00, $00, $10, $20
       02:8776  00 10 20  
  183  02:8779  80 00 00    .db $80, $00, $00, $00, $00, $00, $00, $00, $00, $00, $00, $00, $00, $00, $00, $00, $00, $00, $00, $00
       02:877C  00 00 00  
       02:877F  00 00 00  
       02:8782  00 00 00  
       02:8785  00 00 00  
       02:8788  00 00 00  
       02:878B  00 00     
  184  02:878D  10 FF 00    .db $10, $FF, $00, $FF, $00, $FF, $00, $FF, $00, $FF, $00, $FF, $00, $FF, $00, $FF, $00, $FF, $00, $FF
       02:8790  FF 00 FF  
       02:8793  00 FF 00  
       02:8796  FF 00 FF  
       02:8799  00 FF 00  
       02:879C  FF 00 FF  
       02:879F  00 FF     
  185  02:87A1  10 FF 00    .db $10, $FF, $00, $FF, $00, $FF, $00, $FF, $00, $FF, $00, $FF, $00, $FF, $00, $FF, $00, $FF, $00, $FF
       02:87A4  FF 00 FF  
       02:87A7  00 FF 00  
       02:87AA  FF 00 FF  
       02:87AD  00 FF 00  
       02:87B0  FF 00 FF  
       02:87B3  00 FF     
  186  02:87B5            B1_puzzle18Image:
  187  02:87B5  C0 00 00   .db $C0, $00, $00, $00, $00, $00, $00, $00, $00, $00, $00, $00, $00, $00, $00, $00, $00, $00, $00, $00, $00, $00, $00, $00, $00, $FF
       02:87B8  00 00 00  
       02:87BB  00 00 00  
       02:87BE  00 00 00  
       02:87C1  00 00 00  
       02:87C4  00 00 00  
       02:87C7  00 00 00  
       02:87CA  00 00 00  
       02:87CD  00 FF     
  188  02:87CF            B1_puzzle18Name:
  189  02:87CF  08 19 1E    .db $08, $19, $1E, $23, $23, $15, $0E, $01, $08, $FF
       02:87D2  23 23 15  
       02:87D5  0E 01 08  
       02:87D8  FF        
  190                     
  191  02:87D9            B1_puzzle19:
  192  02:87D9  01 01 00    .db $01, $01, $00, $00, $10, $20
       02:87DC  00 10 20  
  193  02:87DF  80 00 00    .db $80, $00, $00, $00, $00, $00, $00, $00, $00, $00, $00, $00, $00, $00, $00, $00, $00, $00, $00, $00
       02:87E2  00 00 00  
       02:87E5  00 00 00  
       02:87E8  00 00 00  
       02:87EB  00 00 00  
       02:87EE  00 00 00  
       02:87F1  00 00     
  194  02:87F3  10 FF 00    .db $10, $FF, $00, $FF, $00, $FF, $00, $FF, $00, $FF, $00, $FF, $00, $FF, $00, $FF, $00, $FF, $00, $FF
       02:87F6  FF 00 FF  
       02:87F9  00 FF 00  
       02:87FC  FF 00 FF  
       02:87FF  00 FF 00  
       02:8802  FF 00 FF  
       02:8805  00 FF     
  195  02:8807  10 FF 00    .db $10, $FF, $00, $FF, $00, $FF, $00, $FF, $00, $FF, $00, $FF, $00, $FF, $00, $FF, $00, $FF, $00, $FF
       02:880A  FF 00 FF  
       02:880D  00 FF 00  
       02:8810  FF 00 FF  
       02:8813  00 FF 00  
       02:8816  FF 00 FF  
       02:8819  00 FF     
  196  02:881B            B1_puzzle19Image:
  197  02:881B  C0 00 00   .db $C0, $00, $00, $00, $00, $00, $00, $00, $00, $00, $00, $00, $00, $00, $00, $00, $00, $00, $00, $00, $00, $00, $00, $00, $00, $FF
       02:881E  00 00 00  
       02:8821  00 00 00  
       02:8824  00 00 00  
       02:8827  00 00 00  
       02:882A  00 00 00  
       02:882D  00 00 00  
       02:8830  00 00 00  
       02:8833  00 FF     
  198  02:8835            B1_puzzle19Name:
  199  02:8835  08 19 1E    .db $08, $19, $1E, $23, $23, $15, $0E, $01, $09, $FF
       02:8838  23 23 15  
       02:883B  0E 01 09  
       02:883E  FF        
  200                     
  201  02:883F            B1_puzzle20:
  202  02:883F  01 01 00    .db $01, $01, $00, $00, $10, $20
       02:8842  00 10 20  
  203  02:8845  80 00 00    .db $80, $00, $00, $00, $00, $00, $00, $00, $00, $00, $00, $00, $00, $00, $00, $00, $00, $00, $00, $00
       02:8848  00 00 00  
       02:884B  00 00 00  
       02:884E  00 00 00  
       02:8851  00 00 00  
       02:8854  00 00 00  
       02:8857  00 00     
  204  02:8859  10 FF 00    .db $10, $FF, $00, $FF, $00, $FF, $00, $FF, $00, $FF, $00, $FF, $00, $FF, $00, $FF, $00, $FF, $00, $FF
       02:885C  FF 00 FF  
       02:885F  00 FF 00  
       02:8862  FF 00 FF  
       02:8865  00 FF 00  
       02:8868  FF 00 FF  
       02:886B  00 FF     
  205  02:886D  10 FF 00    .db $10, $FF, $00, $FF, $00, $FF, $00, $FF, $00, $FF, $00, $FF, $00, $FF, $00, $FF, $00, $FF, $00, $FF
       02:8870  FF 00 FF  
       02:8873  00 FF 00  
       02:8876  FF 00 FF  
       02:8879  00 FF 00  
       02:887C  FF 00 FF  
       02:887F  00 FF     
  206  02:8881            B1_puzzle20Image:
  207  02:8881  C0 00 00   .db $C0, $00, $00, $00, $00, $00, $00, $00, $00, $00, $00, $00, $00, $00, $00, $00, $00, $00, $00, $00, $00, $00, $00, $00, $00, $FF
       02:8884  00 00 00  
       02:8887  00 00 00  
       02:888A  00 00 00  
       02:888D  00 00 00  
       02:8890  00 00 00  
       02:8893  00 00 00  
       02:8896  00 00 00  
       02:8899  00 FF     
  208  02:889B            B1_puzzle20Name:
  209  02:889B  08 19 1E    .db $08, $19, $1E, $23, $23, $15, $0E, $02, $00, $FF
       02:889E  23 23 15  
       02:88A1  0E 02 00  
       02:88A4  FF        
  210                     
  211  02:88A5            B1_puzzle21:
  212  02:88A5  01 01 00    .db $01, $01, $00, $00, $10, $20
       02:88A8  00 10 20  
  213  02:88AB  80 00 00    .db $80, $00, $00, $00, $00, $00, $00, $00, $00, $00, $00, $00, $00, $00, $00, $00, $00, $00, $00, $00
       02:88AE  00 00 00  
       02:88B1  00 00 00  
       02:88B4  00 00 00  
       02:88B7  00 00 00  
       02:88BA  00 00 00  
       02:88BD  00 00     
  214  02:88BF  10 FF 00    .db $10, $FF, $00, $FF, $00, $FF, $00, $FF, $00, $FF, $00, $FF, $00, $FF, $00, $FF, $00, $FF, $00, $FF
       02:88C2  FF 00 FF  
       02:88C5  00 FF 00  
       02:88C8  FF 00 FF  
       02:88CB  00 FF 00  
       02:88CE  FF 00 FF  
       02:88D1  00 FF     
  215  02:88D3  10 FF 00    .db $10, $FF, $00, $FF, $00, $FF, $00, $FF, $00, $FF, $00, $FF, $00, $FF, $00, $FF, $00, $FF, $00, $FF
       02:88D6  FF 00 FF  
       02:88D9  00 FF 00  
       02:88DC  FF 00 FF  
       02:88DF  00 FF 00  
       02:88E2  FF 00 FF  
       02:88E5  00 FF     
  216  02:88E7            B1_puzzle21Image:
  217  02:88E7  C0 00 00   .db $C0, $00, $00, $00, $00, $00, $00, $00, $00, $00, $00, $00, $00, $00, $00, $00, $00, $00, $00, $00, $00, $00, $00, $00, $00, $FF
       02:88EA  00 00 00  
       02:88ED  00 00 00  
       02:88F0  00 00 00  
       02:88F3  00 00 00  
       02:88F6  00 00 00  
       02:88F9  00 00 00  
       02:88FC  00 00 00  
       02:88FF  00 FF     
  218  02:8901            B1_puzzle21Name:
  219  02:8901  08 19 1E    .db $08, $19, $1E, $23, $23, $15, $0E, $02, $01, $FF
       02:8904  23 23 15  
       02:8907  0E 02 01  
       02:890A  FF        
  220                     
  221  02:890B            B1_puzzle22:
  222  02:890B  01 01 00    .db $01, $01, $00, $00, $10, $20
       02:890E  00 10 20  
  223  02:8911  80 00 00    .db $80, $00, $00, $00, $00, $00, $00, $00, $00, $00, $00, $00, $00, $00, $00, $00, $00, $00, $00, $00
       02:8914  00 00 00  
       02:8917  00 00 00  
       02:891A  00 00 00  
       02:891D  00 00 00  
       02:8920  00 00 00  
       02:8923  00 00     
  224  02:8925  10 FF 00    .db $10, $FF, $00, $FF, $00, $FF, $00, $FF, $00, $FF, $00, $FF, $00, $FF, $00, $FF, $00, $FF, $00, $FF
       02:8928  FF 00 FF  
       02:892B  00 FF 00  
       02:892E  FF 00 FF  
       02:8931  00 FF 00  
       02:8934  FF 00 FF  
       02:8937  00 FF     
  225  02:8939  10 FF 00    .db $10, $FF, $00, $FF, $00, $FF, $00, $FF, $00, $FF, $00, $FF, $00, $FF, $00, $FF, $00, $FF, $00, $FF
       02:893C  FF 00 FF  
       02:893F  00 FF 00  
       02:8942  FF 00 FF  
       02:8945  00 FF 00  
       02:8948  FF 00 FF  
       02:894B  00 FF     
  226  02:894D            B1_puzzle22Image:
  227  02:894D  C0 00 00   .db $C0, $00, $00, $00, $00, $00, $00, $00, $00, $00, $00, $00, $00, $00, $00, $00, $00, $00, $00, $00, $00, $00, $00, $00, $00, $FF
       02:8950  00 00 00  
       02:8953  00 00 00  
       02:8956  00 00 00  
       02:8959  00 00 00  
       02:895C  00 00 00  
       02:895F  00 00 00  
       02:8962  00 00 00  
       02:8965  00 FF     
  228  02:8967            B1_puzzle22Name:
  229  02:8967  08 19 1E    .db $08, $19, $1E, $23, $23, $15, $0E, $02, $02, $FF
       02:896A  23 23 15  
       02:896D  0E 02 02  
       02:8970  FF        
  230                     
  231  02:8971            B1_puzzle23:
  232  02:8971  01 01 00    .db $01, $01, $00, $00, $10, $20
       02:8974  00 10 20  
  233  02:8977  80 00 00    .db $80, $00, $00, $00, $00, $00, $00, $00, $00, $00, $00, $00, $00, $00, $00, $00, $00, $00, $00, $00
       02:897A  00 00 00  
       02:897D  00 00 00  
       02:8980  00 00 00  
       02:8983  00 00 00  
       02:8986  00 00 00  
       02:8989  00 00     
  234  02:898B  10 FF 00    .db $10, $FF, $00, $FF, $00, $FF, $00, $FF, $00, $FF, $00, $FF, $00, $FF, $00, $FF, $00, $FF, $00, $FF
       02:898E  FF 00 FF  
       02:8991  00 FF 00  
       02:8994  FF 00 FF  
       02:8997  00 FF 00  
       02:899A  FF 00 FF  
       02:899D  00 FF     
  235  02:899F  10 FF 00    .db $10, $FF, $00, $FF, $00, $FF, $00, $FF, $00, $FF, $00, $FF, $00, $FF, $00, $FF, $00, $FF, $00, $FF
       02:89A2  FF 00 FF  
       02:89A5  00 FF 00  
       02:89A8  FF 00 FF  
       02:89AB  00 FF 00  
       02:89AE  FF 00 FF  
       02:89B1  00 FF     
  236  02:89B3            B1_puzzle23Image:
  237  02:89B3  C0 00 00   .db $C0, $00, $00, $00, $00, $00, $00, $00, $00, $00, $00, $00, $00, $00, $00, $00, $00, $00, $00, $00, $00, $00, $00, $00, $00, $FF
       02:89B6  00 00 00  
       02:89B9  00 00 00  
       02:89BC  00 00 00  
       02:89BF  00 00 00  
       02:89C2  00 00 00  
       02:89C5  00 00 00  
       02:89C8  00 00 00  
       02:89CB  00 FF     
  238  02:89CD            B1_puzzle23Name:
  239  02:89CD  08 19 1E    .db $08, $19, $1E, $23, $23, $15, $0E, $02, $03, $FF
       02:89D0  23 23 15  
       02:89D3  0E 02 03  
       02:89D6  FF        
  240                     
  241  02:89D7            B1_puzzle24:
  242  02:89D7  01 01 00    .db $01, $01, $00, $00, $10, $20
       02:89DA  00 10 20  
  243  02:89DD  80 00 00    .db $80, $00, $00, $00, $00, $00, $00, $00, $00, $00, $00, $00, $00, $00, $00, $00, $00, $00, $00, $00
       02:89E0  00 00 00  
       02:89E3  00 00 00  
       02:89E6  00 00 00  
       02:89E9  00 00 00  
       02:89EC  00 00 00  
       02:89EF  00 00     
  244  02:89F1  10 FF 00    .db $10, $FF, $00, $FF, $00, $FF, $00, $FF, $00, $FF, $00, $FF, $00, $FF, $00, $FF, $00, $FF, $00, $FF
       02:89F4  FF 00 FF  
       02:89F7  00 FF 00  
       02:89FA  FF 00 FF  
       02:89FD  00 FF 00  
       02:8A00  FF 00 FF  
       02:8A03  00 FF     
  245  02:8A05  10 FF 00    .db $10, $FF, $00, $FF, $00, $FF, $00, $FF, $00, $FF, $00, $FF, $00, $FF, $00, $FF, $00, $FF, $00, $FF
       02:8A08  FF 00 FF  
       02:8A0B  00 FF 00  
       02:8A0E  FF 00 FF  
       02:8A11  00 FF 00  
       02:8A14  FF 00 FF  
       02:8A17  00 FF     
  246  02:8A19            B1_puzzle24Image:
  247  02:8A19  C0 00 00   .db $C0, $00, $00, $00, $00, $00, $00, $00, $00, $00, $00, $00, $00, $00, $00, $00, $00, $00, $00, $00, $00, $00, $00, $00, $00, $FF
       02:8A1C  00 00 00  
       02:8A1F  00 00 00  
       02:8A22  00 00 00  
       02:8A25  00 00 00  
       02:8A28  00 00 00  
       02:8A2B  00 00 00  
       02:8A2E  00 00 00  
       02:8A31  00 FF     
  248  02:8A33            B1_puzzle24Name:
  249  02:8A33  08 19 1E    .db $08, $19, $1E, $23, $23, $15, $0E, $02, $04, $FF
       02:8A36  23 23 15  
       02:8A39  0E 02 04  
       02:8A3C  FF        
  250                     
  251  02:8A3D            B1_puzzle25:
  252  02:8A3D  01 01 00    .db $01, $01, $00, $00, $10, $20
       02:8A40  00 10 20  
  253  02:8A43  80 00 00    .db $80, $00, $00, $00, $00, $00, $00, $00, $00, $00, $00, $00, $00, $00, $00, $00, $00, $00, $00, $00
       02:8A46  00 00 00  
       02:8A49  00 00 00  
       02:8A4C  00 00 00  
       02:8A4F  00 00 00  
       02:8A52  00 00 00  
       02:8A55  00 00     
  254  02:8A57  10 FF 00    .db $10, $FF, $00, $FF, $00, $FF, $00, $FF, $00, $FF, $00, $FF, $00, $FF, $00, $FF, $00, $FF, $00, $FF
       02:8A5A  FF 00 FF  
       02:8A5D  00 FF 00  
       02:8A60  FF 00 FF  
       02:8A63  00 FF 00  
       02:8A66  FF 00 FF  
       02:8A69  00 FF     
  255  02:8A6B  10 FF 00    .db $10, $FF, $00, $FF, $00, $FF, $00, $FF, $00, $FF, $00, $FF, $00, $FF, $00, $FF, $00, $FF, $00, $FF
       02:8A6E  FF 00 FF  
       02:8A71  00 FF 00  
       02:8A74  FF 00 FF  
       02:8A77  00 FF 00  
       02:8A7A  FF 00 FF  
       02:8A7D  00 FF     
  256  02:8A7F            B1_puzzle25Image:
  257  02:8A7F  C0 00 00   .db $C0, $00, $00, $00, $00, $00, $00, $00, $00, $00, $00, $00, $00, $00, $00, $00, $00, $00, $00, $00, $00, $00, $00, $00, $00, $FF
       02:8A82  00 00 00  
       02:8A85  00 00 00  
       02:8A88  00 00 00  
       02:8A8B  00 00 00  
       02:8A8E  00 00 00  
       02:8A91  00 00 00  
       02:8A94  00 00 00  
       02:8A97  00 FF     
  258  02:8A99            B1_puzzle25Name:
  259  02:8A99  08 19 1E    .db $08, $19, $1E, $23, $23, $15, $0E, $02, $05, $FF
       02:8A9C  23 23 15  
       02:8A9F  0E 02 05  
       02:8AA2  FF        
  260                     
  261  02:8AA3            B1_puzzle26:
  262  02:8AA3  01 01 00    .db $01, $01, $00, $00, $10, $20
       02:8AA6  00 10 20  
  263  02:8AA9  80 00 00    .db $80, $00, $00, $00, $00, $00, $00, $00, $00, $00, $00, $00, $00, $00, $00, $00, $00, $00, $00, $00
       02:8AAC  00 00 00  
       02:8AAF  00 00 00  
       02:8AB2  00 00 00  
       02:8AB5  00 00 00  
       02:8AB8  00 00 00  
       02:8ABB  00 00     
  264  02:8ABD  10 FF 00    .db $10, $FF, $00, $FF, $00, $FF, $00, $FF, $00, $FF, $00, $FF, $00, $FF, $00, $FF, $00, $FF, $00, $FF
       02:8AC0  FF 00 FF  
       02:8AC3  00 FF 00  
       02:8AC6  FF 00 FF  
       02:8AC9  00 FF 00  
       02:8ACC  FF 00 FF  
       02:8ACF  00 FF     
  265  02:8AD1  10 FF 00    .db $10, $FF, $00, $FF, $00, $FF, $00, $FF, $00, $FF, $00, $FF, $00, $FF, $00, $FF, $00, $FF, $00, $FF
       02:8AD4  FF 00 FF  
       02:8AD7  00 FF 00  
       02:8ADA  FF 00 FF  
       02:8ADD  00 FF 00  
       02:8AE0  FF 00 FF  
       02:8AE3  00 FF     
  266  02:8AE5            B1_puzzle26Image:
  267  02:8AE5  C0 00 00   .db $C0, $00, $00, $00, $00, $00, $00, $00, $00, $00, $00, $00, $00, $00, $00, $00, $00, $00, $00, $00, $00, $00, $00, $00, $00, $FF
       02:8AE8  00 00 00  
       02:8AEB  00 00 00  
       02:8AEE  00 00 00  
       02:8AF1  00 00 00  
       02:8AF4  00 00 00  
       02:8AF7  00 00 00  
       02:8AFA  00 00 00  
       02:8AFD  00 FF     
  268  02:8AFF            B1_puzzle26Name:
  269  02:8AFF  08 19 1E    .db $08, $19, $1E, $23, $23, $15, $0E, $02, $06, $FF
       02:8B02  23 23 15  
       02:8B05  0E 02 06  
       02:8B08  FF        
  270                     
#[2]   Source/Banks/Bank1.asm
    5                     
    6           0003        .bank 3
    7           A000        .org $A000
    8                      
#[3]   Source/Content/Puzzles/B1Tables.asm
    9                       .include "Source/Content/Puzzles/B1Tables.asm"
    1  03:A000  00 80       .word B1__lion, B1_puzzle1, B1_puzzle2, B1_puzzle3, B1_puzzle4, B1_puzzle5, B1_puzzle6, B1_puzzle7, B1_puzzle8
       03:A002  B6 80     
       03:A004  1B 81     
       03:A006  80 81     
       03:A008  E5 81     
       03:A00A  4A 82     
       03:A00C  AF 82     
       03:A00E  14 83     
       03:A010  79 83     
    2  03:A012  DE 83       .word B1_puzzle9, B1_puzzle10, B1_puzzle11, B1_puzzle12, B1_puzzle13, B1_puzzle14, B1_puzzle15, B1_puzzle16, B1_puzzle17
       03:A014  43 84     
       03:A016  A9 84     
       03:A018  0F 85     
       03:A01A  75 85     
       03:A01C  DB 85     
       03:A01E  41 86     
       03:A020  A7 86     
       03:A022  0D 87     
    3  03:A024  73 87       .word B1_puzzle18, B1_puzzle19, B1_puzzle20, B1_puzzle21, B1_puzzle22, B1_puzzle23, B1_puzzle24, B1_puzzle25, B1_puzzle26
       03:A026  D9 87     
       03:A028  3F 88     
       03:A02A  A5 88     
       03:A02C  0B 89     
       03:A02E  71 89     
       03:A030  D7 89     
       03:A032  3D 8A     
       03:A034  A3 8A     
    4                     
    5  03:A036  AF 80       .word B1__lionName, B1_puzzle1Name, B1_puzzle2Name, B1_puzzle3Name, B1_puzzle4Name, B1_puzzle5Name, B1_puzzle6Name, B1_puzzle7Name, B1_puzzle8Name
       03:A038  12 81     
       03:A03A  77 81     
       03:A03C  DC 81     
       03:A03E  41 82     
       03:A040  A6 82     
       03:A042  0B 83     
       03:A044  70 83     
       03:A046  D5 83     
    6  03:A048  3A 84       .word B1_puzzle9Name, B1_puzzle10Name, B1_puzzle11Name, B1_puzzle12Name, B1_puzzle13Name, B1_puzzle14Name, B1_puzzle15Name, B1_puzzle16Name, B1_puzzle17Name
       03:A04A  9F 84     
       03:A04C  05 85     
       03:A04E  6B 85     
       03:A050  D1 85     
       03:A052  37 86     
       03:A054  9D 86     
       03:A056  03 87     
       03:A058  69 87     
    7  03:A05A  CF 87       .word B1_puzzle18Name, B1_puzzle19Name, B1_puzzle20Name, B1_puzzle21Name, B1_puzzle22Name, B1_puzzle23Name, B1_puzzle24Name, B1_puzzle25Name, B1_puzzle26Name
       03:A05C  35 88     
       03:A05E  9B 88     
       03:A060  01 89     
       03:A062  67 89     
       03:A064  CD 89     
       03:A066  33 8A     
       03:A068  99 8A     
       03:A06A  FF 8A     
#[2]   Source/Banks/Bank1.asm
   10                     ;puzzle sprites
   11  03:A06C  00 00 00    .db $00, $00, $00, $00
       03:A06F  00        
   12  03:A070  00 00 00    .db $00, $00, $00, $00
       03:A073  00        
   13  03:A074  00 00 00    .db $00, $00, $00, $00
       03:A077  00        
   14  03:A078  00 00 00    .db $00, $00, $00, $00
       03:A07B  00        
   15  03:A07C  00 00 00    .db $00, $00, $00, $00
       03:A07F  00        
   16  03:A080  00 00 00    .db $00, $00, $00, $00
       03:A083  00        
   17  03:A084  00 00 00    .db $00, $00, $00, $00
       03:A087  00        
   18  03:A088  00 00 00    .db $00, $00, $00, $00
       03:A08B  00        
   19  03:A08C  00 00 00    .db $00, $00, $00, $00
       03:A08F  00        
   20  03:A090  00 00 00    .db $00, $00, $00, $00
       03:A093  00        
   21  03:A094  00 00 00    .db $00, $00, $00, $00
       03:A097  00        
   22  03:A098  00 00 00    .db $00, $00, $00, $00
       03:A09B  00        
   23  03:A09C  00 00 00    .db $00, $00, $00, $00
       03:A09F  00        
   24  03:A0A0  00 00 00    .db $00, $00, $00, $00
       03:A0A3  00        
   25  03:A0A4  00 00 00    .db $00, $00, $00, $00
       03:A0A7  00        
   26  03:A0A8  00 00 00    .db $00, $00, $00, $00
       03:A0AB  00        
   27  03:A0AC  00 00 00    .db $00, $00, $00, $00
       03:A0AF  00        
   28  03:A0B0  00 00 00    .db $00, $00, $00, $00
       03:A0B3  00        
   29  03:A0B4  00 00 00    .db $00, $00, $00, $00
       03:A0B7  00        
   30  03:A0B8  00 00 00    .db $00, $00, $00, $00
       03:A0BB  00        
   31  03:A0BC  00 00 00    .db $00, $00, $00, $00
       03:A0BF  00        
   32  03:A0C0  00 00 00    .db $00, $00, $00, $00
       03:A0C3  00        
   33  03:A0C4  00 00 00    .db $00, $00, $00, $00
       03:A0C7  00        
   34  03:A0C8  00 00 00    .db $00, $00, $00, $00
       03:A0CB  00        
   35  03:A0CC  00 00 00    .db $00, $00, $00, $00
       03:A0CF  00        
   36  03:A0D0  00 00 00    .db $00, $00, $00, $00
       03:A0D3  00        
   37  03:A0D4  00 00 00    .db $00, $00, $00, $00
       03:A0D7  00        
   38                       
   39           A0D8        .org $A0D8
   40                       ;.incbin "Source/SoundEnginePreComp.nes"
#[3]   Source/Content/Sound/Music/B1m.asm
   41                       .include "Source/Content/Sound/Music/B1m.asm"  ;holds the data for bank song
    1  03:A0D8            B1m_header:
    2  03:A0D8  05            .byte $05
    3                     
    4  03:A0D9  00            .byte MUSIC_SQ1
    5  03:A0DA  01            .byte $01
    6  03:A0DB  00            .byte SQUARE_1
    7  03:A0DC  30            .byte $30
    8  03:A0DD  00            .byte $00
    9  03:A0DE  01 A1         .word B1m_square_1
   10  03:A0E0  46            .byte $46
   11                     
   12  03:A0E1  01            .byte MUSIC_SQ2
   13  03:A0E2  01            .byte $01
   14  03:A0E3  01            .byte SQUARE_2
   15  03:A0E4  30            .byte $30
   16  03:A0E5  00            .byte $00
   17  03:A0E6  D1 A1         .word B1m_square_2
   18  03:A0E8  46            .byte $46
   19                     
   20  03:A0E9  02            .byte MUSIC_TRI
   21  03:A0EA  01            .byte $01
   22  03:A0EB  02            .byte TRIANGLE
   23  03:A0EC  80            .byte $80
   24  03:A0ED  00            .byte $00
   25  03:A0EE  96 A2         .word B1m_triangle
   26  03:A0F0  46            .byte $46
   27                     
   28  03:A0F1  03            .byte MUSIC_NOI
   29  03:A0F2  01            .byte $01
   30  03:A0F3  03            .byte NOISE
   31  03:A0F4  30            .byte $30
   32  03:A0F5  00            .byte $00
   33  03:A0F6  C3 A3         .word B1m_noise
   34  03:A0F8  46            .byte $46
   35                     
   36  03:A0F9  06            .byte MUSIC_DPMC
   37  03:A0FA  01            .byte $01
   38  03:A0FB  04            .byte DPMC
   39  03:A0FC  00            .byte $00
   40  03:A0FD  00            .byte $00
   41  03:A0FE  1E A4         .word B1m_dpmc
   42  03:A100  46            .byte $46
   43                     
   44  03:A101            B1m_square_1:
   45  03:A101  A4 05         .byte  $A4, $05
   46  03:A103            B1m_square_1_sublp_1:
   47  03:A103  82 A2 02      .byte $82, $A2, $02, $A9, $00, $AA, $00, $A3, $B0, $11, $18, $1D, $1B, $22, $21, $11
       03:A106  A9 00 AA  
       03:A109  00 A3 B0  
       03:A10C  11 18 1D  
       03:A10F  1B 22 21  
       03:A112  11        
   48  03:A113  18 1D 1B      .byte $18, $1D, $1B, $22, $21, $11, $18, $1D, $1B, $22, $21, $24, $1F, $21, $1D, $1F
       03:A116  22 21 11  
       03:A119  18 1D 1B  
       03:A11C  22 21 24  
       03:A11F  1F 21 1D  
       03:A122  1F        
   49  03:A123  1B            .byte $1B
   50  03:A124  A5            .byte $A5
   51  03:A125  03 A1         .word B1m_square_1_sublp_1
   52  03:A127  A4 03         .byte  $A4, $03
   53  03:A129            B1m_square_1_sublp_2:
   54  03:A129  82 A2 02      .byte $82, $A2, $02, $A3, $B0, $11, $18, $1D, $1B, $22, $21
       03:A12C  A3 B0 11  
       03:A12F  18 1D 1B  
       03:A132  22 21     
   55  03:A134  A5            .byte $A5
   56  03:A135  29 A1         .word B1m_square_1_sublp_2
   57  03:A137  83 A2 02      .byte $83, $A2, $02, $24, $A2, $02, $24, $A2, $07, $24, $82, $5E, $A2, $0B, $A9, $01
       03:A13A  24 A2 02  
       03:A13D  24 A2 07  
       03:A140  24 82 5E  
       03:A143  A2 0B A9  
       03:A146  01        
   58  03:A147  A3 70 18      .byte $A3, $70, $18, $1D, $1F, $21, $22, $89, $24, $82, $22, $83, $21, $82, $1D, $83
       03:A14A  1D 1F 21  
       03:A14D  22 89 24  
       03:A150  82 22 83  
       03:A153  21 82 1D  
       03:A156  83        
   59  03:A157  18 1A 1B      .byte $18, $1A, $1B, $19, $88, $18, $89, $21, $88, $5E, $89, $5E, $5E, $82, $5E, $A2
       03:A15A  19 88 18  
       03:A15D  89 21 88  
       03:A160  5E 89 5E  
       03:A163  5E 82 5E  
       03:A166  A2        
   60  03:A167  0B A9 01      .byte $0B, $A9, $01, $A3, $70, $18, $1D, $1F, $21, $22, $89, $24, $82, $27, $83, $26
       03:A16A  A3 70 18  
       03:A16D  1D 1F 21  
       03:A170  22 89 24  
       03:A173  82 27 83  
       03:A176  26        
   61  03:A177  88 24 83      .byte $88, $24, $83, $A9, $02, $2B, $A9, $01, $2D, $2E, $88, $2D, $89, $29, $5E, $5E
       03:A17A  A9 02 2B  
       03:A17D  A9 01 2D  
       03:A180  2E 88 2D  
       03:A183  89 29 5E  
       03:A186  5E        
   62  03:A187  88 5E 82      .byte $88, $5E, $82, $A9, $01, $5E, $14, $1D, $1B, $19, $20, $5E, $20, $29, $27, $25
       03:A18A  A9 01 5E  
       03:A18D  14 1D 1B  
       03:A190  19 20 5E  
       03:A193  20 29 27  
       03:A196  25        
   63  03:A197  2C 83 2B      .byte $2C, $83, $2B, $82, $29, $88, $27, $83, $2B, $27, $22, $89, $A2, $0E, $24, $1F
       03:A19A  82 29 88  
       03:A19D  27 83 2B  
       03:A1A0  27 22 89  
       03:A1A3  A2 0E 24  
       03:A1A6  1F        
   64  03:A1A7  21 1B 82      .byte $21, $1B, $82, $5E, $A2, $0B, $14, $1D, $1B, $19, $20, $5E, $20, $29, $27, $25
       03:A1AA  5E A2 0B  
       03:A1AD  14 1D 1B  
       03:A1B0  19 20 5E  
       03:A1B3  20 29 27  
       03:A1B6  25        
   65  03:A1B7  2C 83 2B      .byte $2C, $83, $2B, $82, $29, $88, $27, $83, $27, $27, $25, $89, $A2, $0B, $30, $89
       03:A1BA  82 29 88  
       03:A1BD  27 83 27  
       03:A1C0  27 25 89  
       03:A1C3  A2 0B 30  
       03:A1C6  89        
   66  03:A1C7  30 89 30      .byte $30, $89, $30, $89, $A2, $0E, $30
       03:A1CA  89 A2 0E  
       03:A1CD  30        
   67  03:A1CE  A1            .byte $A1
   68  03:A1CF  01 A1         .word B1m_square_1
   69                     
   70  03:A1D1            B1m_square_2:
   71  03:A1D1  82 A2 01      .byte $82, $A2, $01, $A9, $00, $AA, $00, $A3, $B0, $5E
       03:A1D4  A9 00 AA  
       03:A1D7  00 A3 B0  
       03:A1DA  5E        
   72  03:A1DB  A4 05         .byte  $A4, $05
   73  03:A1DD            B1m_square_2_sublp_1:
   74  03:A1DD  82 11 18      .byte $82, $11, $18, $1D, $1B, $22, $21, $82, $A3, $B0, $11, $18, $1D, $1B, $22, $21
       03:A1E0  1D 1B 22  
       03:A1E3  21 82 A3  
       03:A1E6  B0 11 18  
       03:A1E9  1D 1B 22  
       03:A1EC  21        
   75  03:A1ED  82 A3 B0      .byte $82, $A3, $B0, $11, $18, $1D, $1B, $22, $21, $24, $1F, $21, $1D, $1F, $1B
       03:A1F0  11 18 1D  
       03:A1F3  1B 22 21  
       03:A1F6  24 1F 21  
       03:A1F9  1D 1F 1B  
   76  03:A1FC  A5            .byte $A5
   77  03:A1FD  DD A1         .word B1m_square_2_sublp_1
   78  03:A1FF  A4 03         .byte  $A4, $03
   79  03:A201            B1m_square_2_sublp_2:
   80  03:A201  82 A2 01      .byte $82, $A2, $01, $A3, $B0, $11, $18, $1D, $1B, $22, $21
       03:A204  A3 B0 11  
       03:A207  18 1D 1B  
       03:A20A  22 21     
   81  03:A20C  A5            .byte $A5
   82  03:A20D  01 A2         .word B1m_square_2_sublp_2
   83  03:A20F  83 A2 02      .byte $83, $A2, $02, $24, $A2, $07, $24, $82, $A2, $07, $24
       03:A212  24 A2 07  
       03:A215  24 82 A2  
       03:A218  07 24     
   84  03:A21A  A4 04         .byte  $A4, $04
   85  03:A21C            B1m_square_2_sublp_3:
   86  03:A21C  82 A3 B0      .byte $82, $A3, $B0, $1D, $24, $29, $27, $2E, $2D, $82, $A3, $B0, $1D, $24, $29, $27
       03:A21F  1D 24 29  
       03:A222  27 2E 2D  
       03:A225  82 A3 B0  
       03:A228  1D 24 29  
       03:A22B  27        
   87  03:A22C  2E 2D 82      .byte $2E, $2D, $82, $A3, $B0, $1D, $24, $29, $27, $2E, $2D, $30, $2B, $2D, $29, $2B
       03:A22F  A3 B0 1D  
       03:A232  24 29 27  
       03:A235  2E 2D 30  
       03:A238  2B 2D 29  
       03:A23B  2B        
   88  03:A23C  27            .byte $27
   89  03:A23D  A5            .byte $A5
   90  03:A23E  1C A2         .word B1m_square_2_sublp_3
   91  03:A240  89 5E 88      .byte $89, $5E, $88, $A2, $0B, $A3, $70, $1F, $82, $1D, $83, $1B, $82, $1F, $16, $1D
       03:A243  A2 0B A3  
       03:A246  70 1F 82  
       03:A249  1D 83 1B  
       03:A24C  82 1F 16  
       03:A24F  1D        
   92  03:A250  16 1B 16      .byte $16, $1B, $16, $22, $1B, $21, $1B, $1F, $1B
       03:A253  22 1B 21  
       03:A256  1B 1F 1B  
   93  03:A259  A4 04         .byte  $A4, $04
   94  03:A25B            B1m_square_2_sublp_4:
   95  03:A25B  82 A2 02      .byte $82, $A2, $02, $A9, $00, $A3, $B0, $1D, $24, $29, $27, $2E, $2D
       03:A25E  A9 00 A3  
       03:A261  B0 1D 24  
       03:A264  29 27 2E  
       03:A267  2D        
   96  03:A268  A5            .byte $A5
   97  03:A269  5B A2         .word B1m_square_2_sublp_4
   98  03:A26B  89 5E 88      .byte $89, $5E, $88, $A2, $0B, $A3, $70, $1F, $82, $1D, $83, $1B, $82, $1F, $16, $1D
       03:A26E  A2 0B A3  
       03:A271  70 1F 82  
       03:A274  1D 83 1B  
       03:A277  82 1F 16  
       03:A27A  1D        
   99  03:A27B  16 1B 16      .byte $16, $1B, $16, $22, $16, $22, $16, $22, $16
       03:A27E  22 16 22  
       03:A281  16 22 16  
  100  03:A284  A4 04         .byte  $A4, $04
  101  03:A286            B1m_square_2_sublp_5:
  102  03:A286  A2 02 A3      .byte $A2, $02, $A3, $B0, $18, $1F, $24, $22, $29, $28
       03:A289  B0 18 1F  
       03:A28C  24 22 29  
       03:A28F  28        
  103  03:A290  A5            .byte $A5
  104  03:A291  86 A2         .word B1m_square_2_sublp_5
  105  03:A293  A1            .byte $A1
  106  03:A294  D1 A1         .word B1m_square_2
  107                     
  108  03:A296            B1m_triangle:
  109  03:A296  89 A2 0B      .byte $89, $A2, $0B, $A9, $00, $5E, $5E, $5E, $5E
       03:A299  A9 00 5E  
       03:A29C  5E 5E 5E  
  110  03:A29F  A4 02         .byte  $A4, $02
  111  03:A2A1            B1m_triangle_sublp_1:
  112  03:A2A1  88 1D 83      .byte $88, $1D, $83, $A2, $00, $1D, $82, $1D, $83, $A2, $0F, $1D, $18, $1A, $88, $A2
       03:A2A4  A2 00 1D  
       03:A2A7  82 1D 83  
       03:A2AA  A2 0F 1D  
       03:A2AD  18 1A 88  
       03:A2B0  A2        
  113  03:A2B1  0B 1B 83      .byte $0B, $1B, $83, $A2, $00, $1B, $82, $1B, $83, $A2, $0F, $1B, $16, $18, $88, $1D
       03:A2B4  A2 00 1B  
       03:A2B7  82 1B 83  
       03:A2BA  A2 0F 1B  
       03:A2BD  16 18 88  
       03:A2C0  1D        
  114  03:A2C1  83 A2 00      .byte $83, $A2, $00, $1D, $82, $1D, $83, $A2, $0F, $1D, $A9, $02, $1F, $82, $1F, $A9
       03:A2C4  1D 82 1D  
       03:A2C7  83 A2 0F  
       03:A2CA  1D A9 02  
       03:A2CD  1F 82 1F  
       03:A2D0  A9        
  115  03:A2D1  00 1D 88      .byte $00, $1D, $88, $A2, $0B, $1B, $83, $A2, $00, $1B, $82, $1B, $83, $A2, $0F, $1B
       03:A2D4  A2 0B 1B  
       03:A2D7  83 A2 00  
       03:A2DA  1B 82 1B  
       03:A2DD  83 A2 0F  
       03:A2E0  1B        
  116  03:A2E1  16 15         .byte $16, $15
  117  03:A2E3  A5            .byte $A5
  118  03:A2E4  A1 A2         .word B1m_triangle_sublp_1
  119  03:A2E6  89 5E 5E      .byte $89, $5E, $5E, $5E, $5E
       03:A2E9  5E 5E     
  120  03:A2EB  A4 04         .byte  $A4, $04
  121  03:A2ED            B1m_triangle_sublp_2:
  122  03:A2ED  88 1D 83      .byte $88, $1D, $83, $A2, $00, $1D, $82, $1D, $83, $A2, $0F, $1D, $18, $1A, $88, $A2
       03:A2F0  A2 00 1D  
       03:A2F3  82 1D 83  
       03:A2F6  A2 0F 1D  
       03:A2F9  18 1A 88  
       03:A2FC  A2        
  123  03:A2FD  0B 1B 83      .byte $0B, $1B, $83, $A2, $00, $1B, $82, $1B, $83, $A2, $0F, $1B, $16, $18
       03:A300  A2 00 1B  
       03:A303  82 1B 83  
       03:A306  A2 0F 1B  
       03:A309  16 18     
  124  03:A30B  A5            .byte $A5
  125  03:A30C  ED A2         .word B1m_triangle_sublp_2
  126  03:A30E  88 A9 00      .byte $88, $A9, $00, $19, $83, $A2, $00, $19, $82, $19, $A2, $0F, $19, $14, $A9, $02
       03:A311  19 83 A2  
       03:A314  00 19 82  
       03:A317  19 A2 0F  
       03:A31A  19 14 A9  
       03:A31D  02        
  127  03:A31E  1D A9 00      .byte $1D, $A9, $00, $14, $A9, $02, $19, $A9, $00, $14, $88, $A2, $0B, $1B, $83, $A2
       03:A321  14 A9 02  
       03:A324  19 A9 00  
       03:A327  14 88 A2  
       03:A32A  0B 1B 83  
       03:A32D  A2        
  128  03:A32E  00 1B 82      .byte $00, $1B, $82, $1B, $A2, $0F, $1B, $16, $A9, $02, $1F, $A9, $00, $16, $A9, $02
       03:A331  1B A2 0F  
       03:A334  1B 16 A9  
       03:A337  02 1F A9  
       03:A33A  00 16 A9  
       03:A33D  02        
  129  03:A33E  1B A9 00      .byte $1B, $A9, $00, $16, $88, $1D, $83, $A2, $00, $1D, $82, $1D, $83, $A2, $0F, $1D
       03:A341  16 88 1D  
       03:A344  83 A2 00  
       03:A347  1D 82 1D  
       03:A34A  83 A2 0F  
       03:A34D  1D        
  130  03:A34E  18 1B 88      .byte $18, $1B, $88, $1D, $83, $A2, $00, $1D, $82, $1D, $83, $A2, $0F, $1D, $18, $1B
       03:A351  1D 83 A2  
       03:A354  00 1D 82  
       03:A357  1D 83 A2  
       03:A35A  0F 1D 18  
       03:A35D  1B        
  131  03:A35E  88 A9 00      .byte $88, $A9, $00, $19, $83, $A2, $00, $19, $82, $19, $A2, $0F, $19, $14, $A9, $02
       03:A361  19 83 A2  
       03:A364  00 19 82  
       03:A367  19 A2 0F  
       03:A36A  19 14 A9  
       03:A36D  02        
  132  03:A36E  1D A9 00      .byte $1D, $A9, $00, $14, $A9, $02, $19, $A9, $00, $14, $88, $A2, $0B, $1B, $83, $A2
       03:A371  14 A9 02  
       03:A374  19 A9 00  
       03:A377  14 88 A2  
       03:A37A  0B 1B 83  
       03:A37D  A2        
  133  03:A37E  00 1B 82      .byte $00, $1B, $82, $1B, $A2, $0F, $1B, $16, $A9, $02, $1F, $A9, $00, $16, $A9, $02
       03:A381  1B A2 0F  
       03:A384  1B 16 A9  
       03:A387  02 1F A9  
       03:A38A  00 16 A9  
       03:A38D  02        
  134  03:A38E  1B A9 00      .byte $1B, $A9, $00, $16, $88, $18, $83, $A2, $00, $18, $82, $18, $83, $A2, $0F, $18
       03:A391  16 88 18  
       03:A394  83 A2 00  
       03:A397  18 82 18  
       03:A39A  83 A2 0F  
       03:A39D  18        
  135  03:A39E  A9 02 1F      .byte $A9, $02, $1F, $A9, $02, $1F, $88, $A9, $00, $18, $83, $A2, $00, $18, $82, $18
       03:A3A1  A9 02 1F  
       03:A3A4  88 A9 00  
       03:A3A7  18 83 A2  
       03:A3AA  00 18 82  
       03:A3AD  18        
  136  03:A3AE  A2 0F 18      .byte $A2, $0F, $18, $A9, $02, $24, $A9, $00, $16, $A9, $02, $18, $A9, $02, $24, $A9
       03:A3B1  A9 02 24  
       03:A3B4  A9 00 16  
       03:A3B7  A9 02 18  
       03:A3BA  A9 02 24  
       03:A3BD  A9        
  137  03:A3BE  00 18         .byte $00, $18
  138  03:A3C0  A1            .byte $A1
  139  03:A3C1  96 A2         .word B1m_triangle
  140                     
  141  03:A3C3            B1m_noise:
  142  03:A3C3  89 A2 0F      .byte $89, $A2, $0F, $20, $20, $20, $20, $00, $20, $20, $20, $00, $20, $20, $84, $20
       03:A3C6  20 20 20  
       03:A3C9  20 00 20  
       03:A3CC  20 20 00  
       03:A3CF  20 20 84  
       03:A3D2  20        
  143  03:A3D3  83 A2 01      .byte $83, $A2, $01, $02, $83, $A2, $0A, $20, $88, $20, $82, $20, $20, $81, $04, $81
       03:A3D6  02 83 A2  
       03:A3D9  0A 20 88  
       03:A3DC  20 82 20  
       03:A3DF  20 81 04  
       03:A3E2  81        
  144  03:A3E3  04 88 20      .byte $04, $88, $20, $82, $20, $88, $20, $83, $20, $82, $20, $83, $20, $82, $20, $81
       03:A3E6  82 20 88  
       03:A3E9  20 83 20  
       03:A3EC  82 20 83  
       03:A3EF  20 82 20  
       03:A3F2  81        
  145  03:A3F3  04 04 83      .byte $04, $04, $83, $20, $89, $A2, $0F, $20, $20, $20, $20, $02, $20, $00, $84, $20
       03:A3F6  20 89 A2  
       03:A3F9  0F 20 20  
       03:A3FC  20 20 02  
       03:A3FF  20 00 84  
       03:A402  20        
  146  03:A403  83 A2 01      .byte $83, $A2, $01, $02
       03:A406  02        
  147  03:A407  A4 10         .byte  $A4, $10
  148  03:A409            B1m_noise_sublp_1:
  149  03:A409  82 A2 0A      .byte $82, $A2, $0A, $02, $04, $04, $02, $04, $02, $02, $04, $04, $04, $02, $04
       03:A40C  02 04 04  
       03:A40F  02 04 02  
       03:A412  02 04 04  
       03:A415  04 02 04  
  150  03:A418  A5            .byte $A5
  151  03:A419  09 A4         .word B1m_noise_sublp_1
  152  03:A41B  A1            .byte $A1
  153  03:A41C  C3 A3         .word B1m_noise
  154                     
  155  03:A41E            B1m_dpmc:
  156  03:A41E  A4 06         .byte  $A4, $06
  157  03:A420            B1m_dpmc_sublp_1:
  158  03:A420  89 70 70      .byte $89, $70, $70
  159  03:A423  A5            .byte $A5
  160  03:A424  20 A4         .word B1m_dpmc_sublp_1
  161  03:A426  83 0E 88      .byte $83, $0E, $88, $70, $82, $0E, $1E, $70, $88, $1E, $82, $0E, $88, $0E, $83, $0E
       03:A429  70 82 0E  
       03:A42C  1E 70 88  
       03:A42F  1E 82 0E  
       03:A432  88 0E 83  
       03:A435  0E        
  162  03:A436  82 1E 83      .byte $82, $1E, $83, $0E, $82, $0E, $82, $70, $81, $1F, $1E, $0F, $0E, $83, $0E, $88
       03:A439  0E 82 0E  
       03:A43C  82 70 81  
       03:A43F  1F 1E 0F  
       03:A442  0E 83 0E  
       03:A445  88        
  163  03:A446  70 82 0E      .byte $70, $82, $0E, $1E, $80, $0E, $0E, $0E, $0E, $82, $1E, $1E, $1E, $1E, $82, $1E
       03:A449  1E 80 0E  
       03:A44C  0E 0E 0E  
       03:A44F  82 1E 1E  
       03:A452  1E 1E 82  
       03:A455  1E        
  164  03:A456  83 0E 83      .byte $83, $0E, $83, $1E, $82, $1E, $83, $0E, $82, $1E, $80, $0E, $0E, $0E, $0E, $82
       03:A459  1E 82 1E  
       03:A45C  83 0E 82  
       03:A45F  1E 80 0E  
       03:A462  0E 0E 0E  
       03:A465  82        
  165  03:A466  1E 82 1E      .byte $1E, $82, $1E, $84, $0E, $82, $70, $0E, $84, $0E, $82, $70, $0E, $84, $0E, $82
       03:A469  84 0E 82  
       03:A46C  70 0E 84  
       03:A46F  0E 82 70  
       03:A472  0E 84 0E  
       03:A475  82        
  166  03:A476  70 0E 89      .byte $70, $0E, $89, $0E
       03:A479  0E        
  167  03:A47A  A4 10         .byte  $A4, $10
  168  03:A47C            B1m_dpmc_sublp_2:
  169  03:A47C  83 0E 82      .byte $83, $0E, $82, $0E, $83, $1E, $82, $1E, $83, $0E, $0E, $1E
       03:A47F  0E 83 1E  
       03:A482  82 1E 83  
       03:A485  0E 0E 1E  
  170  03:A488  A5            .byte $A5
  171  03:A489  7C A4         .word B1m_dpmc_sublp_2
  172  03:A48B  A1            .byte $A1
  173  03:A48C  1E A4         .word B1m_dpmc
  174                     
#[2]   Source/Banks/Bank1.asm
   42                       
   43           BFFA        .org $BFFA     ;first of the three vectors starts here
   44  03:BFFA  B8 DC       .dw NMI        ;when an NMI happens (once per frame if enabled) the 
   45                                        ;processor will jump to the label NMI:
   46  03:BFFC  00 C0       .dw RESET      ;when the processor first turns on or is reset, it will jump
   47                                        ;to the label RESET:
   48  03:BFFE  00 00       .dw 0          ;external interrupt IRQ is not used in this tutorial
#[1]   Source/PictoPuzzler.asm
#[2]   Source/Banks/Bank2.asm
   25                       .include "Source/Banks/Bank2.asm"
    1           0004        .bank 4
    2           8000        .org $8000
    3                       
#[3]   Source/Content/Puzzles/B2.asm
    4                       .include "Source/Content/Puzzles/B2.asm"
    1  04:8000            B2_puzzle0:
    2  04:8000  01 01 00    .db $01, $01, $00, $00, $10, $20
       04:8003  00 10 20  
    3  04:8006  80 00 00    .db $80, $00, $00, $00, $00, $00, $00, $00, $00, $00, $00, $00, $00, $00, $00, $00, $00, $00, $00, $00
       04:8009  00 00 00  
       04:800C  00 00 00  
       04:800F  00 00 00  
       04:8012  00 00 00  
       04:8015  00 00 00  
       04:8018  00 00     
    4  04:801A  10 FF 00    .db $10, $FF, $00, $FF, $00, $FF, $00, $FF, $00, $FF, $00, $FF, $00, $FF, $00, $FF, $00, $FF, $00, $FF
       04:801D  FF 00 FF  
       04:8020  00 FF 00  
       04:8023  FF 00 FF  
       04:8026  00 FF 00  
       04:8029  FF 00 FF  
       04:802C  00 FF     
    5  04:802E  10 FF 00    .db $10, $FF, $00, $FF, $00, $FF, $00, $FF, $00, $FF, $00, $FF, $00, $FF, $00, $FF, $00, $FF, $00, $FF
       04:8031  FF 00 FF  
       04:8034  00 FF 00  
       04:8037  FF 00 FF  
       04:803A  00 FF 00  
       04:803D  FF 00 FF  
       04:8040  00 FF     
    6  04:8042            B2_puzzle0Image:
    7  04:8042  00 00 00   .db $00, $00, $00, $00, $00, $00, $00, $00, $00, $00, $00, $00, $00, $00, $00, $00, $00, $00, $00, $00, $00, $00, $00, $00, $00, $FF
       04:8045  00 00 00  
       04:8048  00 00 00  
       04:804B  00 00 00  
       04:804E  00 00 00  
       04:8051  00 00 00  
       04:8054  00 00 00  
       04:8057  00 00 00  
       04:805A  00 FF     
    8  04:805C            B2_puzzle0Name:
    9  04:805C  07 19 1E    .db $07, $19, $1E, $23, $23, $15, $0E, $00, $FF
       04:805F  23 23 15  
       04:8062  0E 00 FF  
   10                     
   11  04:8065            B2_puzzle1:
   12  04:8065  01 01 00    .db $01, $01, $00, $00, $10, $20
       04:8068  00 10 20  
   13  04:806B  80 00 00    .db $80, $00, $00, $00, $00, $00, $00, $00, $00, $00, $00, $00, $00, $00, $00, $00, $00, $00, $00, $00
       04:806E  00 00 00  
       04:8071  00 00 00  
       04:8074  00 00 00  
       04:8077  00 00 00  
       04:807A  00 00 00  
       04:807D  00 00     
   14  04:807F  10 FF 00    .db $10, $FF, $00, $FF, $00, $FF, $00, $FF, $00, $FF, $00, $FF, $00, $FF, $00, $FF, $00, $FF, $00, $FF
       04:8082  FF 00 FF  
       04:8085  00 FF 00  
       04:8088  FF 00 FF  
       04:808B  00 FF 00  
       04:808E  FF 00 FF  
       04:8091  00 FF     
   15  04:8093  10 FF 00    .db $10, $FF, $00, $FF, $00, $FF, $00, $FF, $00, $FF, $00, $FF, $00, $FF, $00, $FF, $00, $FF, $00, $FF
       04:8096  FF 00 FF  
       04:8099  00 FF 00  
       04:809C  FF 00 FF  
       04:809F  00 FF 00  
       04:80A2  FF 00 FF  
       04:80A5  00 FF     
   16  04:80A7            B2_puzzle1Image:
   17  04:80A7  00 00 00   .db $00, $00, $00, $00, $00, $00, $00, $00, $00, $00, $00, $00, $00, $00, $00, $00, $00, $00, $00, $00, $00, $00, $00, $00, $00, $FF
       04:80AA  00 00 00  
       04:80AD  00 00 00  
       04:80B0  00 00 00  
       04:80B3  00 00 00  
       04:80B6  00 00 00  
       04:80B9  00 00 00  
       04:80BC  00 00 00  
       04:80BF  00 FF     
   18  04:80C1            B2_puzzle1Name:
   19  04:80C1  07 19 1E    .db $07, $19, $1E, $23, $23, $15, $0E, $01, $FF
       04:80C4  23 23 15  
       04:80C7  0E 01 FF  
   20                     
   21  04:80CA            B2_puzzle2:
   22  04:80CA  01 01 00    .db $01, $01, $00, $00, $10, $20
       04:80CD  00 10 20  
   23  04:80D0  80 00 00    .db $80, $00, $00, $00, $00, $00, $00, $00, $00, $00, $00, $00, $00, $00, $00, $00, $00, $00, $00, $00
       04:80D3  00 00 00  
       04:80D6  00 00 00  
       04:80D9  00 00 00  
       04:80DC  00 00 00  
       04:80DF  00 00 00  
       04:80E2  00 00     
   24  04:80E4  10 FF 00    .db $10, $FF, $00, $FF, $00, $FF, $00, $FF, $00, $FF, $00, $FF, $00, $FF, $00, $FF, $00, $FF, $00, $FF
       04:80E7  FF 00 FF  
       04:80EA  00 FF 00  
       04:80ED  FF 00 FF  
       04:80F0  00 FF 00  
       04:80F3  FF 00 FF  
       04:80F6  00 FF     
   25  04:80F8  10 FF 00    .db $10, $FF, $00, $FF, $00, $FF, $00, $FF, $00, $FF, $00, $FF, $00, $FF, $00, $FF, $00, $FF, $00, $FF
       04:80FB  FF 00 FF  
       04:80FE  00 FF 00  
       04:8101  FF 00 FF  
       04:8104  00 FF 00  
       04:8107  FF 00 FF  
       04:810A  00 FF     
   26  04:810C            B2_puzzle2Image:
   27  04:810C  00 00 00   .db $00, $00, $00, $00, $00, $00, $00, $00, $00, $00, $00, $00, $00, $00, $00, $00, $00, $00, $00, $00, $00, $00, $00, $00, $00, $FF
       04:810F  00 00 00  
       04:8112  00 00 00  
       04:8115  00 00 00  
       04:8118  00 00 00  
       04:811B  00 00 00  
       04:811E  00 00 00  
       04:8121  00 00 00  
       04:8124  00 FF     
   28  04:8126            B2_puzzle2Name:
   29  04:8126  07 19 1E    .db $07, $19, $1E, $23, $23, $15, $0E, $02, $FF
       04:8129  23 23 15  
       04:812C  0E 02 FF  
   30                     
   31  04:812F            B2_puzzle3:
   32  04:812F  01 01 00    .db $01, $01, $00, $00, $10, $20
       04:8132  00 10 20  
   33  04:8135  80 00 00    .db $80, $00, $00, $00, $00, $00, $00, $00, $00, $00, $00, $00, $00, $00, $00, $00, $00, $00, $00, $00
       04:8138  00 00 00  
       04:813B  00 00 00  
       04:813E  00 00 00  
       04:8141  00 00 00  
       04:8144  00 00 00  
       04:8147  00 00     
   34  04:8149  10 FF 00    .db $10, $FF, $00, $FF, $00, $FF, $00, $FF, $00, $FF, $00, $FF, $00, $FF, $00, $FF, $00, $FF, $00, $FF
       04:814C  FF 00 FF  
       04:814F  00 FF 00  
       04:8152  FF 00 FF  
       04:8155  00 FF 00  
       04:8158  FF 00 FF  
       04:815B  00 FF     
   35  04:815D  10 FF 00    .db $10, $FF, $00, $FF, $00, $FF, $00, $FF, $00, $FF, $00, $FF, $00, $FF, $00, $FF, $00, $FF, $00, $FF
       04:8160  FF 00 FF  
       04:8163  00 FF 00  
       04:8166  FF 00 FF  
       04:8169  00 FF 00  
       04:816C  FF 00 FF  
       04:816F  00 FF     
   36  04:8171            B2_puzzle3Image:
   37  04:8171  00 00 00   .db $00, $00, $00, $00, $00, $00, $00, $00, $00, $00, $00, $00, $00, $00, $00, $00, $00, $00, $00, $00, $00, $00, $00, $00, $00, $FF
       04:8174  00 00 00  
       04:8177  00 00 00  
       04:817A  00 00 00  
       04:817D  00 00 00  
       04:8180  00 00 00  
       04:8183  00 00 00  
       04:8186  00 00 00  
       04:8189  00 FF     
   38  04:818B            B2_puzzle3Name:
   39  04:818B  07 19 1E    .db $07, $19, $1E, $23, $23, $15, $0E, $03, $FF
       04:818E  23 23 15  
       04:8191  0E 03 FF  
   40                     
   41  04:8194            B2_puzzle4:
   42  04:8194  01 01 00    .db $01, $01, $00, $00, $10, $20
       04:8197  00 10 20  
   43  04:819A  80 00 00    .db $80, $00, $00, $00, $00, $00, $00, $00, $00, $00, $00, $00, $00, $00, $00, $00, $00, $00, $00, $00
       04:819D  00 00 00  
       04:81A0  00 00 00  
       04:81A3  00 00 00  
       04:81A6  00 00 00  
       04:81A9  00 00 00  
       04:81AC  00 00     
   44  04:81AE  10 FF 00    .db $10, $FF, $00, $FF, $00, $FF, $00, $FF, $00, $FF, $00, $FF, $00, $FF, $00, $FF, $00, $FF, $00, $FF
       04:81B1  FF 00 FF  
       04:81B4  00 FF 00  
       04:81B7  FF 00 FF  
       04:81BA  00 FF 00  
       04:81BD  FF 00 FF  
       04:81C0  00 FF     
   45  04:81C2  10 FF 00    .db $10, $FF, $00, $FF, $00, $FF, $00, $FF, $00, $FF, $00, $FF, $00, $FF, $00, $FF, $00, $FF, $00, $FF
       04:81C5  FF 00 FF  
       04:81C8  00 FF 00  
       04:81CB  FF 00 FF  
       04:81CE  00 FF 00  
       04:81D1  FF 00 FF  
       04:81D4  00 FF     
   46  04:81D6            B2_puzzle4Image:
   47  04:81D6  00 00 00   .db $00, $00, $00, $00, $00, $00, $00, $00, $00, $00, $00, $00, $00, $00, $00, $00, $00, $00, $00, $00, $00, $00, $00, $00, $00, $FF
       04:81D9  00 00 00  
       04:81DC  00 00 00  
       04:81DF  00 00 00  
       04:81E2  00 00 00  
       04:81E5  00 00 00  
       04:81E8  00 00 00  
       04:81EB  00 00 00  
       04:81EE  00 FF     
   48  04:81F0            B2_puzzle4Name:
   49  04:81F0  07 19 1E    .db $07, $19, $1E, $23, $23, $15, $0E, $04, $FF
       04:81F3  23 23 15  
       04:81F6  0E 04 FF  
   50                     
   51  04:81F9            B2_puzzle5:
   52  04:81F9  01 01 00    .db $01, $01, $00, $00, $10, $20
       04:81FC  00 10 20  
   53  04:81FF  80 00 00    .db $80, $00, $00, $00, $00, $00, $00, $00, $00, $00, $00, $00, $00, $00, $00, $00, $00, $00, $00, $00
       04:8202  00 00 00  
       04:8205  00 00 00  
       04:8208  00 00 00  
       04:820B  00 00 00  
       04:820E  00 00 00  
       04:8211  00 00     
   54  04:8213  10 FF 00    .db $10, $FF, $00, $FF, $00, $FF, $00, $FF, $00, $FF, $00, $FF, $00, $FF, $00, $FF, $00, $FF, $00, $FF
       04:8216  FF 00 FF  
       04:8219  00 FF 00  
       04:821C  FF 00 FF  
       04:821F  00 FF 00  
       04:8222  FF 00 FF  
       04:8225  00 FF     
   55  04:8227  10 FF 00    .db $10, $FF, $00, $FF, $00, $FF, $00, $FF, $00, $FF, $00, $FF, $00, $FF, $00, $FF, $00, $FF, $00, $FF
       04:822A  FF 00 FF  
       04:822D  00 FF 00  
       04:8230  FF 00 FF  
       04:8233  00 FF 00  
       04:8236  FF 00 FF  
       04:8239  00 FF     
   56  04:823B            B2_puzzle5Image:
   57  04:823B  00 00 00   .db $00, $00, $00, $00, $00, $00, $00, $00, $00, $00, $00, $00, $00, $00, $00, $00, $00, $00, $00, $00, $00, $00, $00, $00, $00, $FF
       04:823E  00 00 00  
       04:8241  00 00 00  
       04:8244  00 00 00  
       04:8247  00 00 00  
       04:824A  00 00 00  
       04:824D  00 00 00  
       04:8250  00 00 00  
       04:8253  00 FF     
   58  04:8255            B2_puzzle5Name:
   59  04:8255  07 19 1E    .db $07, $19, $1E, $23, $23, $15, $0E, $05, $FF
       04:8258  23 23 15  
       04:825B  0E 05 FF  
   60                     
   61  04:825E            B2_puzzle6:
   62  04:825E  01 01 00    .db $01, $01, $00, $00, $10, $20
       04:8261  00 10 20  
   63  04:8264  80 00 00    .db $80, $00, $00, $00, $00, $00, $00, $00, $00, $00, $00, $00, $00, $00, $00, $00, $00, $00, $00, $00
       04:8267  00 00 00  
       04:826A  00 00 00  
       04:826D  00 00 00  
       04:8270  00 00 00  
       04:8273  00 00 00  
       04:8276  00 00     
   64  04:8278  10 FF 00    .db $10, $FF, $00, $FF, $00, $FF, $00, $FF, $00, $FF, $00, $FF, $00, $FF, $00, $FF, $00, $FF, $00, $FF
       04:827B  FF 00 FF  
       04:827E  00 FF 00  
       04:8281  FF 00 FF  
       04:8284  00 FF 00  
       04:8287  FF 00 FF  
       04:828A  00 FF     
   65  04:828C  10 FF 00    .db $10, $FF, $00, $FF, $00, $FF, $00, $FF, $00, $FF, $00, $FF, $00, $FF, $00, $FF, $00, $FF, $00, $FF
       04:828F  FF 00 FF  
       04:8292  00 FF 00  
       04:8295  FF 00 FF  
       04:8298  00 FF 00  
       04:829B  FF 00 FF  
       04:829E  00 FF     
   66  04:82A0            B2_puzzle6Image:
   67  04:82A0  00 00 00   .db $00, $00, $00, $00, $00, $00, $00, $00, $00, $00, $00, $00, $00, $00, $00, $00, $00, $00, $00, $00, $00, $00, $00, $00, $00, $FF
       04:82A3  00 00 00  
       04:82A6  00 00 00  
       04:82A9  00 00 00  
       04:82AC  00 00 00  
       04:82AF  00 00 00  
       04:82B2  00 00 00  
       04:82B5  00 00 00  
       04:82B8  00 FF     
   68  04:82BA            B2_puzzle6Name:
   69  04:82BA  07 19 1E    .db $07, $19, $1E, $23, $23, $15, $0E, $06, $FF
       04:82BD  23 23 15  
       04:82C0  0E 06 FF  
   70                     
   71  04:82C3            B2_puzzle7:
   72  04:82C3  01 01 00    .db $01, $01, $00, $00, $10, $20
       04:82C6  00 10 20  
   73  04:82C9  80 00 00    .db $80, $00, $00, $00, $00, $00, $00, $00, $00, $00, $00, $00, $00, $00, $00, $00, $00, $00, $00, $00
       04:82CC  00 00 00  
       04:82CF  00 00 00  
       04:82D2  00 00 00  
       04:82D5  00 00 00  
       04:82D8  00 00 00  
       04:82DB  00 00     
   74  04:82DD  10 FF 00    .db $10, $FF, $00, $FF, $00, $FF, $00, $FF, $00, $FF, $00, $FF, $00, $FF, $00, $FF, $00, $FF, $00, $FF
       04:82E0  FF 00 FF  
       04:82E3  00 FF 00  
       04:82E6  FF 00 FF  
       04:82E9  00 FF 00  
       04:82EC  FF 00 FF  
       04:82EF  00 FF     
   75  04:82F1  10 FF 00    .db $10, $FF, $00, $FF, $00, $FF, $00, $FF, $00, $FF, $00, $FF, $00, $FF, $00, $FF, $00, $FF, $00, $FF
       04:82F4  FF 00 FF  
       04:82F7  00 FF 00  
       04:82FA  FF 00 FF  
       04:82FD  00 FF 00  
       04:8300  FF 00 FF  
       04:8303  00 FF     
   76  04:8305            B2_puzzle7Image:
   77  04:8305  00 00 00   .db $00, $00, $00, $00, $00, $00, $00, $00, $00, $00, $00, $00, $00, $00, $00, $00, $00, $00, $00, $00, $00, $00, $00, $00, $00, $FF
       04:8308  00 00 00  
       04:830B  00 00 00  
       04:830E  00 00 00  
       04:8311  00 00 00  
       04:8314  00 00 00  
       04:8317  00 00 00  
       04:831A  00 00 00  
       04:831D  00 FF     
   78  04:831F            B2_puzzle7Name:
   79  04:831F  07 19 1E    .db $07, $19, $1E, $23, $23, $15, $0E, $07, $FF
       04:8322  23 23 15  
       04:8325  0E 07 FF  
   80                     
   81  04:8328            B2_puzzle8:
   82  04:8328  01 01 00    .db $01, $01, $00, $00, $10, $20
       04:832B  00 10 20  
   83  04:832E  80 00 00    .db $80, $00, $00, $00, $00, $00, $00, $00, $00, $00, $00, $00, $00, $00, $00, $00, $00, $00, $00, $00
       04:8331  00 00 00  
       04:8334  00 00 00  
       04:8337  00 00 00  
       04:833A  00 00 00  
       04:833D  00 00 00  
       04:8340  00 00     
   84  04:8342  10 FF 00    .db $10, $FF, $00, $FF, $00, $FF, $00, $FF, $00, $FF, $00, $FF, $00, $FF, $00, $FF, $00, $FF, $00, $FF
       04:8345  FF 00 FF  
       04:8348  00 FF 00  
       04:834B  FF 00 FF  
       04:834E  00 FF 00  
       04:8351  FF 00 FF  
       04:8354  00 FF     
   85  04:8356  10 FF 00    .db $10, $FF, $00, $FF, $00, $FF, $00, $FF, $00, $FF, $00, $FF, $00, $FF, $00, $FF, $00, $FF, $00, $FF
       04:8359  FF 00 FF  
       04:835C  00 FF 00  
       04:835F  FF 00 FF  
       04:8362  00 FF 00  
       04:8365  FF 00 FF  
       04:8368  00 FF     
   86  04:836A            B2_puzzle8Image:
   87  04:836A  00 00 00   .db $00, $00, $00, $00, $00, $00, $00, $00, $00, $00, $00, $00, $00, $00, $00, $00, $00, $00, $00, $00, $00, $00, $00, $00, $00, $FF
       04:836D  00 00 00  
       04:8370  00 00 00  
       04:8373  00 00 00  
       04:8376  00 00 00  
       04:8379  00 00 00  
       04:837C  00 00 00  
       04:837F  00 00 00  
       04:8382  00 FF     
   88  04:8384            B2_puzzle8Name:
   89  04:8384  07 19 1E    .db $07, $19, $1E, $23, $23, $15, $0E, $08, $FF
       04:8387  23 23 15  
       04:838A  0E 08 FF  
   90                     
   91  04:838D            B2_puzzle9:
   92  04:838D  01 01 00    .db $01, $01, $00, $00, $10, $20
       04:8390  00 10 20  
   93  04:8393  80 00 00    .db $80, $00, $00, $00, $00, $00, $00, $00, $00, $00, $00, $00, $00, $00, $00, $00, $00, $00, $00, $00
       04:8396  00 00 00  
       04:8399  00 00 00  
       04:839C  00 00 00  
       04:839F  00 00 00  
       04:83A2  00 00 00  
       04:83A5  00 00     
   94  04:83A7  10 FF 00    .db $10, $FF, $00, $FF, $00, $FF, $00, $FF, $00, $FF, $00, $FF, $00, $FF, $00, $FF, $00, $FF, $00, $FF
       04:83AA  FF 00 FF  
       04:83AD  00 FF 00  
       04:83B0  FF 00 FF  
       04:83B3  00 FF 00  
       04:83B6  FF 00 FF  
       04:83B9  00 FF     
   95  04:83BB  10 FF 00    .db $10, $FF, $00, $FF, $00, $FF, $00, $FF, $00, $FF, $00, $FF, $00, $FF, $00, $FF, $00, $FF, $00, $FF
       04:83BE  FF 00 FF  
       04:83C1  00 FF 00  
       04:83C4  FF 00 FF  
       04:83C7  00 FF 00  
       04:83CA  FF 00 FF  
       04:83CD  00 FF     
   96  04:83CF            B2_puzzle9Image:
   97  04:83CF  00 00 00   .db $00, $00, $00, $00, $00, $00, $00, $00, $00, $00, $00, $00, $00, $00, $00, $00, $00, $00, $00, $00, $00, $00, $00, $00, $00, $FF
       04:83D2  00 00 00  
       04:83D5  00 00 00  
       04:83D8  00 00 00  
       04:83DB  00 00 00  
       04:83DE  00 00 00  
       04:83E1  00 00 00  
       04:83E4  00 00 00  
       04:83E7  00 FF     
   98  04:83E9            B2_puzzle9Name:
   99  04:83E9  07 19 1E    .db $07, $19, $1E, $23, $23, $15, $0E, $09, $FF
       04:83EC  23 23 15  
       04:83EF  0E 09 FF  
  100                     
  101  04:83F2            B2_puzzle10:
  102  04:83F2  01 01 00    .db $01, $01, $00, $00, $10, $20
       04:83F5  00 10 20  
  103  04:83F8  80 00 00    .db $80, $00, $00, $00, $00, $00, $00, $00, $00, $00, $00, $00, $00, $00, $00, $00, $00, $00, $00, $00
       04:83FB  00 00 00  
       04:83FE  00 00 00  
       04:8401  00 00 00  
       04:8404  00 00 00  
       04:8407  00 00 00  
       04:840A  00 00     
  104  04:840C  10 FF 00    .db $10, $FF, $00, $FF, $00, $FF, $00, $FF, $00, $FF, $00, $FF, $00, $FF, $00, $FF, $00, $FF, $00, $FF
       04:840F  FF 00 FF  
       04:8412  00 FF 00  
       04:8415  FF 00 FF  
       04:8418  00 FF 00  
       04:841B  FF 00 FF  
       04:841E  00 FF     
  105  04:8420  10 FF 00    .db $10, $FF, $00, $FF, $00, $FF, $00, $FF, $00, $FF, $00, $FF, $00, $FF, $00, $FF, $00, $FF, $00, $FF
       04:8423  FF 00 FF  
       04:8426  00 FF 00  
       04:8429  FF 00 FF  
       04:842C  00 FF 00  
       04:842F  FF 00 FF  
       04:8432  00 FF     
  106  04:8434            B2_puzzle10Image:
  107  04:8434  00 00 00   .db $00, $00, $00, $00, $00, $00, $00, $00, $00, $00, $00, $00, $00, $00, $00, $00, $00, $00, $00, $00, $00, $00, $00, $00, $00, $FF
       04:8437  00 00 00  
       04:843A  00 00 00  
       04:843D  00 00 00  
       04:8440  00 00 00  
       04:8443  00 00 00  
       04:8446  00 00 00  
       04:8449  00 00 00  
       04:844C  00 FF     
  108  04:844E            B2_puzzle10Name:
  109  04:844E  08 19 1E    .db $08, $19, $1E, $23, $23, $15, $0E, $01, $00, $FF
       04:8451  23 23 15  
       04:8454  0E 01 00  
       04:8457  FF        
  110                     
  111  04:8458            B2_puzzle11:
  112  04:8458  01 01 00    .db $01, $01, $00, $00, $10, $20
       04:845B  00 10 20  
  113  04:845E  80 00 00    .db $80, $00, $00, $00, $00, $00, $00, $00, $00, $00, $00, $00, $00, $00, $00, $00, $00, $00, $00, $00
       04:8461  00 00 00  
       04:8464  00 00 00  
       04:8467  00 00 00  
       04:846A  00 00 00  
       04:846D  00 00 00  
       04:8470  00 00     
  114  04:8472  10 FF 00    .db $10, $FF, $00, $FF, $00, $FF, $00, $FF, $00, $FF, $00, $FF, $00, $FF, $00, $FF, $00, $FF, $00, $FF
       04:8475  FF 00 FF  
       04:8478  00 FF 00  
       04:847B  FF 00 FF  
       04:847E  00 FF 00  
       04:8481  FF 00 FF  
       04:8484  00 FF     
  115  04:8486  10 FF 00    .db $10, $FF, $00, $FF, $00, $FF, $00, $FF, $00, $FF, $00, $FF, $00, $FF, $00, $FF, $00, $FF, $00, $FF
       04:8489  FF 00 FF  
       04:848C  00 FF 00  
       04:848F  FF 00 FF  
       04:8492  00 FF 00  
       04:8495  FF 00 FF  
       04:8498  00 FF     
  116  04:849A            B2_puzzle11Image:
  117  04:849A  00 00 00   .db $00, $00, $00, $00, $00, $00, $00, $00, $00, $00, $00, $00, $00, $00, $00, $00, $00, $00, $00, $00, $00, $00, $00, $00, $00, $FF
       04:849D  00 00 00  
       04:84A0  00 00 00  
       04:84A3  00 00 00  
       04:84A6  00 00 00  
       04:84A9  00 00 00  
       04:84AC  00 00 00  
       04:84AF  00 00 00  
       04:84B2  00 FF     
  118  04:84B4            B2_puzzle11Name:
  119  04:84B4  08 19 1E    .db $08, $19, $1E, $23, $23, $15, $0E, $01, $01, $FF
       04:84B7  23 23 15  
       04:84BA  0E 01 01  
       04:84BD  FF        
  120                     
  121  04:84BE            B2_puzzle12:
  122  04:84BE  01 01 00    .db $01, $01, $00, $00, $10, $20
       04:84C1  00 10 20  
  123  04:84C4  80 00 00    .db $80, $00, $00, $00, $00, $00, $00, $00, $00, $00, $00, $00, $00, $00, $00, $00, $00, $00, $00, $00
       04:84C7  00 00 00  
       04:84CA  00 00 00  
       04:84CD  00 00 00  
       04:84D0  00 00 00  
       04:84D3  00 00 00  
       04:84D6  00 00     
  124  04:84D8  10 FF 00    .db $10, $FF, $00, $FF, $00, $FF, $00, $FF, $00, $FF, $00, $FF, $00, $FF, $00, $FF, $00, $FF, $00, $FF
       04:84DB  FF 00 FF  
       04:84DE  00 FF 00  
       04:84E1  FF 00 FF  
       04:84E4  00 FF 00  
       04:84E7  FF 00 FF  
       04:84EA  00 FF     
  125  04:84EC  10 FF 00    .db $10, $FF, $00, $FF, $00, $FF, $00, $FF, $00, $FF, $00, $FF, $00, $FF, $00, $FF, $00, $FF, $00, $FF
       04:84EF  FF 00 FF  
       04:84F2  00 FF 00  
       04:84F5  FF 00 FF  
       04:84F8  00 FF 00  
       04:84FB  FF 00 FF  
       04:84FE  00 FF     
  126  04:8500            B2_puzzle12Image:
  127  04:8500  00 00 00   .db $00, $00, $00, $00, $00, $00, $00, $00, $00, $00, $00, $00, $00, $00, $00, $00, $00, $00, $00, $00, $00, $00, $00, $00, $00, $FF
       04:8503  00 00 00  
       04:8506  00 00 00  
       04:8509  00 00 00  
       04:850C  00 00 00  
       04:850F  00 00 00  
       04:8512  00 00 00  
       04:8515  00 00 00  
       04:8518  00 FF     
  128  04:851A            B2_puzzle12Name:
  129  04:851A  08 19 1E    .db $08, $19, $1E, $23, $23, $15, $0E, $01, $02, $FF
       04:851D  23 23 15  
       04:8520  0E 01 02  
       04:8523  FF        
  130                     
  131  04:8524            B2_puzzle13:
  132  04:8524  01 01 00    .db $01, $01, $00, $00, $10, $20
       04:8527  00 10 20  
  133  04:852A  80 00 00    .db $80, $00, $00, $00, $00, $00, $00, $00, $00, $00, $00, $00, $00, $00, $00, $00, $00, $00, $00, $00
       04:852D  00 00 00  
       04:8530  00 00 00  
       04:8533  00 00 00  
       04:8536  00 00 00  
       04:8539  00 00 00  
       04:853C  00 00     
  134  04:853E  10 FF 00    .db $10, $FF, $00, $FF, $00, $FF, $00, $FF, $00, $FF, $00, $FF, $00, $FF, $00, $FF, $00, $FF, $00, $FF
       04:8541  FF 00 FF  
       04:8544  00 FF 00  
       04:8547  FF 00 FF  
       04:854A  00 FF 00  
       04:854D  FF 00 FF  
       04:8550  00 FF     
  135  04:8552  10 FF 00    .db $10, $FF, $00, $FF, $00, $FF, $00, $FF, $00, $FF, $00, $FF, $00, $FF, $00, $FF, $00, $FF, $00, $FF
       04:8555  FF 00 FF  
       04:8558  00 FF 00  
       04:855B  FF 00 FF  
       04:855E  00 FF 00  
       04:8561  FF 00 FF  
       04:8564  00 FF     
  136  04:8566            B2_puzzle13Image:
  137  04:8566  00 00 00   .db $00, $00, $00, $00, $00, $00, $00, $00, $00, $00, $00, $00, $00, $00, $00, $00, $00, $00, $00, $00, $00, $00, $00, $00, $00, $FF
       04:8569  00 00 00  
       04:856C  00 00 00  
       04:856F  00 00 00  
       04:8572  00 00 00  
       04:8575  00 00 00  
       04:8578  00 00 00  
       04:857B  00 00 00  
       04:857E  00 FF     
  138  04:8580            B2_puzzle13Name:
  139  04:8580  08 19 1E    .db $08, $19, $1E, $23, $23, $15, $0E, $01, $03, $FF
       04:8583  23 23 15  
       04:8586  0E 01 03  
       04:8589  FF        
  140                     
  141  04:858A            B2_puzzle14:
  142  04:858A  01 01 00    .db $01, $01, $00, $00, $10, $20
       04:858D  00 10 20  
  143  04:8590  80 00 00    .db $80, $00, $00, $00, $00, $00, $00, $00, $00, $00, $00, $00, $00, $00, $00, $00, $00, $00, $00, $00
       04:8593  00 00 00  
       04:8596  00 00 00  
       04:8599  00 00 00  
       04:859C  00 00 00  
       04:859F  00 00 00  
       04:85A2  00 00     
  144  04:85A4  10 FF 00    .db $10, $FF, $00, $FF, $00, $FF, $00, $FF, $00, $FF, $00, $FF, $00, $FF, $00, $FF, $00, $FF, $00, $FF
       04:85A7  FF 00 FF  
       04:85AA  00 FF 00  
       04:85AD  FF 00 FF  
       04:85B0  00 FF 00  
       04:85B3  FF 00 FF  
       04:85B6  00 FF     
  145  04:85B8  10 FF 00    .db $10, $FF, $00, $FF, $00, $FF, $00, $FF, $00, $FF, $00, $FF, $00, $FF, $00, $FF, $00, $FF, $00, $FF
       04:85BB  FF 00 FF  
       04:85BE  00 FF 00  
       04:85C1  FF 00 FF  
       04:85C4  00 FF 00  
       04:85C7  FF 00 FF  
       04:85CA  00 FF     
  146  04:85CC            B2_puzzle14Image:
  147  04:85CC  00 00 00   .db $00, $00, $00, $00, $00, $00, $00, $00, $00, $00, $00, $00, $00, $00, $00, $00, $00, $00, $00, $00, $00, $00, $00, $00, $00, $FF
       04:85CF  00 00 00  
       04:85D2  00 00 00  
       04:85D5  00 00 00  
       04:85D8  00 00 00  
       04:85DB  00 00 00  
       04:85DE  00 00 00  
       04:85E1  00 00 00  
       04:85E4  00 FF     
  148  04:85E6            B2_puzzle14Name:
  149  04:85E6  08 19 1E    .db $08, $19, $1E, $23, $23, $15, $0E, $01, $04, $FF
       04:85E9  23 23 15  
       04:85EC  0E 01 04  
       04:85EF  FF        
  150                     
  151  04:85F0            B2_puzzle15:
  152  04:85F0  01 01 00    .db $01, $01, $00, $00, $10, $20
       04:85F3  00 10 20  
  153  04:85F6  80 00 00    .db $80, $00, $00, $00, $00, $00, $00, $00, $00, $00, $00, $00, $00, $00, $00, $00, $00, $00, $00, $00
       04:85F9  00 00 00  
       04:85FC  00 00 00  
       04:85FF  00 00 00  
       04:8602  00 00 00  
       04:8605  00 00 00  
       04:8608  00 00     
  154  04:860A  10 FF 00    .db $10, $FF, $00, $FF, $00, $FF, $00, $FF, $00, $FF, $00, $FF, $00, $FF, $00, $FF, $00, $FF, $00, $FF
       04:860D  FF 00 FF  
       04:8610  00 FF 00  
       04:8613  FF 00 FF  
       04:8616  00 FF 00  
       04:8619  FF 00 FF  
       04:861C  00 FF     
  155  04:861E  10 FF 00    .db $10, $FF, $00, $FF, $00, $FF, $00, $FF, $00, $FF, $00, $FF, $00, $FF, $00, $FF, $00, $FF, $00, $FF
       04:8621  FF 00 FF  
       04:8624  00 FF 00  
       04:8627  FF 00 FF  
       04:862A  00 FF 00  
       04:862D  FF 00 FF  
       04:8630  00 FF     
  156  04:8632            B2_puzzle15Image:
  157  04:8632  00 00 00   .db $00, $00, $00, $00, $00, $00, $00, $00, $00, $00, $00, $00, $00, $00, $00, $00, $00, $00, $00, $00, $00, $00, $00, $00, $00, $FF
       04:8635  00 00 00  
       04:8638  00 00 00  
       04:863B  00 00 00  
       04:863E  00 00 00  
       04:8641  00 00 00  
       04:8644  00 00 00  
       04:8647  00 00 00  
       04:864A  00 FF     
  158  04:864C            B2_puzzle15Name:
  159  04:864C  08 19 1E    .db $08, $19, $1E, $23, $23, $15, $0E, $01, $05, $FF
       04:864F  23 23 15  
       04:8652  0E 01 05  
       04:8655  FF        
  160                     
  161  04:8656            B2_puzzle16:
  162  04:8656  01 01 00    .db $01, $01, $00, $00, $10, $20
       04:8659  00 10 20  
  163  04:865C  80 00 00    .db $80, $00, $00, $00, $00, $00, $00, $00, $00, $00, $00, $00, $00, $00, $00, $00, $00, $00, $00, $00
       04:865F  00 00 00  
       04:8662  00 00 00  
       04:8665  00 00 00  
       04:8668  00 00 00  
       04:866B  00 00 00  
       04:866E  00 00     
  164  04:8670  10 FF 00    .db $10, $FF, $00, $FF, $00, $FF, $00, $FF, $00, $FF, $00, $FF, $00, $FF, $00, $FF, $00, $FF, $00, $FF
       04:8673  FF 00 FF  
       04:8676  00 FF 00  
       04:8679  FF 00 FF  
       04:867C  00 FF 00  
       04:867F  FF 00 FF  
       04:8682  00 FF     
  165  04:8684  10 FF 00    .db $10, $FF, $00, $FF, $00, $FF, $00, $FF, $00, $FF, $00, $FF, $00, $FF, $00, $FF, $00, $FF, $00, $FF
       04:8687  FF 00 FF  
       04:868A  00 FF 00  
       04:868D  FF 00 FF  
       04:8690  00 FF 00  
       04:8693  FF 00 FF  
       04:8696  00 FF     
  166  04:8698            B2_puzzle16Image:
  167  04:8698  00 00 00   .db $00, $00, $00, $00, $00, $00, $00, $00, $00, $00, $00, $00, $00, $00, $00, $00, $00, $00, $00, $00, $00, $00, $00, $00, $00, $FF
       04:869B  00 00 00  
       04:869E  00 00 00  
       04:86A1  00 00 00  
       04:86A4  00 00 00  
       04:86A7  00 00 00  
       04:86AA  00 00 00  
       04:86AD  00 00 00  
       04:86B0  00 FF     
  168  04:86B2            B2_puzzle16Name:
  169  04:86B2  08 19 1E    .db $08, $19, $1E, $23, $23, $15, $0E, $01, $06, $FF
       04:86B5  23 23 15  
       04:86B8  0E 01 06  
       04:86BB  FF        
  170                     
  171  04:86BC            B2_puzzle17:
  172  04:86BC  01 01 00    .db $01, $01, $00, $00, $10, $20
       04:86BF  00 10 20  
  173  04:86C2  80 00 00    .db $80, $00, $00, $00, $00, $00, $00, $00, $00, $00, $00, $00, $00, $00, $00, $00, $00, $00, $00, $00
       04:86C5  00 00 00  
       04:86C8  00 00 00  
       04:86CB  00 00 00  
       04:86CE  00 00 00  
       04:86D1  00 00 00  
       04:86D4  00 00     
  174  04:86D6  10 FF 00    .db $10, $FF, $00, $FF, $00, $FF, $00, $FF, $00, $FF, $00, $FF, $00, $FF, $00, $FF, $00, $FF, $00, $FF
       04:86D9  FF 00 FF  
       04:86DC  00 FF 00  
       04:86DF  FF 00 FF  
       04:86E2  00 FF 00  
       04:86E5  FF 00 FF  
       04:86E8  00 FF     
  175  04:86EA  10 FF 00    .db $10, $FF, $00, $FF, $00, $FF, $00, $FF, $00, $FF, $00, $FF, $00, $FF, $00, $FF, $00, $FF, $00, $FF
       04:86ED  FF 00 FF  
       04:86F0  00 FF 00  
       04:86F3  FF 00 FF  
       04:86F6  00 FF 00  
       04:86F9  FF 00 FF  
       04:86FC  00 FF     
  176  04:86FE            B2_puzzle17Image:
  177  04:86FE  00 00 00   .db $00, $00, $00, $00, $00, $00, $00, $00, $00, $00, $00, $00, $00, $00, $00, $00, $00, $00, $00, $00, $00, $00, $00, $00, $00, $FF
       04:8701  00 00 00  
       04:8704  00 00 00  
       04:8707  00 00 00  
       04:870A  00 00 00  
       04:870D  00 00 00  
       04:8710  00 00 00  
       04:8713  00 00 00  
       04:8716  00 FF     
  178  04:8718            B2_puzzle17Name:
  179  04:8718  08 19 1E    .db $08, $19, $1E, $23, $23, $15, $0E, $01, $07, $FF
       04:871B  23 23 15  
       04:871E  0E 01 07  
       04:8721  FF        
  180                     
  181  04:8722            B2_puzzle18:
  182  04:8722  01 01 00    .db $01, $01, $00, $00, $10, $20
       04:8725  00 10 20  
  183  04:8728  80 00 00    .db $80, $00, $00, $00, $00, $00, $00, $00, $00, $00, $00, $00, $00, $00, $00, $00, $00, $00, $00, $00
       04:872B  00 00 00  
       04:872E  00 00 00  
       04:8731  00 00 00  
       04:8734  00 00 00  
       04:8737  00 00 00  
       04:873A  00 00     
  184  04:873C  10 FF 00    .db $10, $FF, $00, $FF, $00, $FF, $00, $FF, $00, $FF, $00, $FF, $00, $FF, $00, $FF, $00, $FF, $00, $FF
       04:873F  FF 00 FF  
       04:8742  00 FF 00  
       04:8745  FF 00 FF  
       04:8748  00 FF 00  
       04:874B  FF 00 FF  
       04:874E  00 FF     
  185  04:8750  10 FF 00    .db $10, $FF, $00, $FF, $00, $FF, $00, $FF, $00, $FF, $00, $FF, $00, $FF, $00, $FF, $00, $FF, $00, $FF
       04:8753  FF 00 FF  
       04:8756  00 FF 00  
       04:8759  FF 00 FF  
       04:875C  00 FF 00  
       04:875F  FF 00 FF  
       04:8762  00 FF     
  186  04:8764            B2_puzzle18Image:
  187  04:8764  00 00 00   .db $00, $00, $00, $00, $00, $00, $00, $00, $00, $00, $00, $00, $00, $00, $00, $00, $00, $00, $00, $00, $00, $00, $00, $00, $00, $FF
       04:8767  00 00 00  
       04:876A  00 00 00  
       04:876D  00 00 00  
       04:8770  00 00 00  
       04:8773  00 00 00  
       04:8776  00 00 00  
       04:8779  00 00 00  
       04:877C  00 FF     
  188  04:877E            B2_puzzle18Name:
  189  04:877E  08 19 1E    .db $08, $19, $1E, $23, $23, $15, $0E, $01, $08, $FF
       04:8781  23 23 15  
       04:8784  0E 01 08  
       04:8787  FF        
  190                     
  191  04:8788            B2_puzzle19:
  192  04:8788  01 01 00    .db $01, $01, $00, $00, $10, $20
       04:878B  00 10 20  
  193  04:878E  80 00 00    .db $80, $00, $00, $00, $00, $00, $00, $00, $00, $00, $00, $00, $00, $00, $00, $00, $00, $00, $00, $00
       04:8791  00 00 00  
       04:8794  00 00 00  
       04:8797  00 00 00  
       04:879A  00 00 00  
       04:879D  00 00 00  
       04:87A0  00 00     
  194  04:87A2  10 FF 00    .db $10, $FF, $00, $FF, $00, $FF, $00, $FF, $00, $FF, $00, $FF, $00, $FF, $00, $FF, $00, $FF, $00, $FF
       04:87A5  FF 00 FF  
       04:87A8  00 FF 00  
       04:87AB  FF 00 FF  
       04:87AE  00 FF 00  
       04:87B1  FF 00 FF  
       04:87B4  00 FF     
  195  04:87B6  10 FF 00    .db $10, $FF, $00, $FF, $00, $FF, $00, $FF, $00, $FF, $00, $FF, $00, $FF, $00, $FF, $00, $FF, $00, $FF
       04:87B9  FF 00 FF  
       04:87BC  00 FF 00  
       04:87BF  FF 00 FF  
       04:87C2  00 FF 00  
       04:87C5  FF 00 FF  
       04:87C8  00 FF     
  196  04:87CA            B2_puzzle19Image:
  197  04:87CA  00 00 00   .db $00, $00, $00, $00, $00, $00, $00, $00, $00, $00, $00, $00, $00, $00, $00, $00, $00, $00, $00, $00, $00, $00, $00, $00, $00, $FF
       04:87CD  00 00 00  
       04:87D0  00 00 00  
       04:87D3  00 00 00  
       04:87D6  00 00 00  
       04:87D9  00 00 00  
       04:87DC  00 00 00  
       04:87DF  00 00 00  
       04:87E2  00 FF     
  198  04:87E4            B2_puzzle19Name:
  199  04:87E4  08 19 1E    .db $08, $19, $1E, $23, $23, $15, $0E, $01, $09, $FF
       04:87E7  23 23 15  
       04:87EA  0E 01 09  
       04:87ED  FF        
  200                     
  201  04:87EE            B2_puzzle20:
  202  04:87EE  01 01 00    .db $01, $01, $00, $00, $10, $20
       04:87F1  00 10 20  
  203  04:87F4  80 00 00    .db $80, $00, $00, $00, $00, $00, $00, $00, $00, $00, $00, $00, $00, $00, $00, $00, $00, $00, $00, $00
       04:87F7  00 00 00  
       04:87FA  00 00 00  
       04:87FD  00 00 00  
       04:8800  00 00 00  
       04:8803  00 00 00  
       04:8806  00 00     
  204  04:8808  10 FF 00    .db $10, $FF, $00, $FF, $00, $FF, $00, $FF, $00, $FF, $00, $FF, $00, $FF, $00, $FF, $00, $FF, $00, $FF
       04:880B  FF 00 FF  
       04:880E  00 FF 00  
       04:8811  FF 00 FF  
       04:8814  00 FF 00  
       04:8817  FF 00 FF  
       04:881A  00 FF     
  205  04:881C  10 FF 00    .db $10, $FF, $00, $FF, $00, $FF, $00, $FF, $00, $FF, $00, $FF, $00, $FF, $00, $FF, $00, $FF, $00, $FF
       04:881F  FF 00 FF  
       04:8822  00 FF 00  
       04:8825  FF 00 FF  
       04:8828  00 FF 00  
       04:882B  FF 00 FF  
       04:882E  00 FF     
  206  04:8830            B2_puzzle20Image:
  207  04:8830  00 00 00   .db $00, $00, $00, $00, $00, $00, $00, $00, $00, $00, $00, $00, $00, $00, $00, $00, $00, $00, $00, $00, $00, $00, $00, $00, $00, $FF
       04:8833  00 00 00  
       04:8836  00 00 00  
       04:8839  00 00 00  
       04:883C  00 00 00  
       04:883F  00 00 00  
       04:8842  00 00 00  
       04:8845  00 00 00  
       04:8848  00 FF     
  208  04:884A            B2_puzzle20Name:
  209  04:884A  08 19 1E    .db $08, $19, $1E, $23, $23, $15, $0E, $02, $00, $FF
       04:884D  23 23 15  
       04:8850  0E 02 00  
       04:8853  FF        
  210                     
  211  04:8854            B2_puzzle21:
  212  04:8854  01 01 00    .db $01, $01, $00, $00, $10, $20
       04:8857  00 10 20  
  213  04:885A  80 00 00    .db $80, $00, $00, $00, $00, $00, $00, $00, $00, $00, $00, $00, $00, $00, $00, $00, $00, $00, $00, $00
       04:885D  00 00 00  
       04:8860  00 00 00  
       04:8863  00 00 00  
       04:8866  00 00 00  
       04:8869  00 00 00  
       04:886C  00 00     
  214  04:886E  10 FF 00    .db $10, $FF, $00, $FF, $00, $FF, $00, $FF, $00, $FF, $00, $FF, $00, $FF, $00, $FF, $00, $FF, $00, $FF
       04:8871  FF 00 FF  
       04:8874  00 FF 00  
       04:8877  FF 00 FF  
       04:887A  00 FF 00  
       04:887D  FF 00 FF  
       04:8880  00 FF     
  215  04:8882  10 FF 00    .db $10, $FF, $00, $FF, $00, $FF, $00, $FF, $00, $FF, $00, $FF, $00, $FF, $00, $FF, $00, $FF, $00, $FF
       04:8885  FF 00 FF  
       04:8888  00 FF 00  
       04:888B  FF 00 FF  
       04:888E  00 FF 00  
       04:8891  FF 00 FF  
       04:8894  00 FF     
  216  04:8896            B2_puzzle21Image:
  217  04:8896  00 00 00   .db $00, $00, $00, $00, $00, $00, $00, $00, $00, $00, $00, $00, $00, $00, $00, $00, $00, $00, $00, $00, $00, $00, $00, $00, $00, $FF
       04:8899  00 00 00  
       04:889C  00 00 00  
       04:889F  00 00 00  
       04:88A2  00 00 00  
       04:88A5  00 00 00  
       04:88A8  00 00 00  
       04:88AB  00 00 00  
       04:88AE  00 FF     
  218  04:88B0            B2_puzzle21Name:
  219  04:88B0  08 19 1E    .db $08, $19, $1E, $23, $23, $15, $0E, $02, $01, $FF
       04:88B3  23 23 15  
       04:88B6  0E 02 01  
       04:88B9  FF        
  220                     
  221  04:88BA            B2_puzzle22:
  222  04:88BA  01 01 00    .db $01, $01, $00, $00, $10, $20
       04:88BD  00 10 20  
  223  04:88C0  80 00 00    .db $80, $00, $00, $00, $00, $00, $00, $00, $00, $00, $00, $00, $00, $00, $00, $00, $00, $00, $00, $00
       04:88C3  00 00 00  
       04:88C6  00 00 00  
       04:88C9  00 00 00  
       04:88CC  00 00 00  
       04:88CF  00 00 00  
       04:88D2  00 00     
  224  04:88D4  10 FF 00    .db $10, $FF, $00, $FF, $00, $FF, $00, $FF, $00, $FF, $00, $FF, $00, $FF, $00, $FF, $00, $FF, $00, $FF
       04:88D7  FF 00 FF  
       04:88DA  00 FF 00  
       04:88DD  FF 00 FF  
       04:88E0  00 FF 00  
       04:88E3  FF 00 FF  
       04:88E6  00 FF     
  225  04:88E8  10 FF 00    .db $10, $FF, $00, $FF, $00, $FF, $00, $FF, $00, $FF, $00, $FF, $00, $FF, $00, $FF, $00, $FF, $00, $FF
       04:88EB  FF 00 FF  
       04:88EE  00 FF 00  
       04:88F1  FF 00 FF  
       04:88F4  00 FF 00  
       04:88F7  FF 00 FF  
       04:88FA  00 FF     
  226  04:88FC            B2_puzzle22Image:
  227  04:88FC  00 00 00   .db $00, $00, $00, $00, $00, $00, $00, $00, $00, $00, $00, $00, $00, $00, $00, $00, $00, $00, $00, $00, $00, $00, $00, $00, $00, $FF
       04:88FF  00 00 00  
       04:8902  00 00 00  
       04:8905  00 00 00  
       04:8908  00 00 00  
       04:890B  00 00 00  
       04:890E  00 00 00  
       04:8911  00 00 00  
       04:8914  00 FF     
  228  04:8916            B2_puzzle22Name:
  229  04:8916  08 19 1E    .db $08, $19, $1E, $23, $23, $15, $0E, $02, $02, $FF
       04:8919  23 23 15  
       04:891C  0E 02 02  
       04:891F  FF        
  230                     
  231  04:8920            B2_puzzle23:
  232  04:8920  01 01 00    .db $01, $01, $00, $00, $10, $20
       04:8923  00 10 20  
  233  04:8926  80 00 00    .db $80, $00, $00, $00, $00, $00, $00, $00, $00, $00, $00, $00, $00, $00, $00, $00, $00, $00, $00, $00
       04:8929  00 00 00  
       04:892C  00 00 00  
       04:892F  00 00 00  
       04:8932  00 00 00  
       04:8935  00 00 00  
       04:8938  00 00     
  234  04:893A  10 FF 00    .db $10, $FF, $00, $FF, $00, $FF, $00, $FF, $00, $FF, $00, $FF, $00, $FF, $00, $FF, $00, $FF, $00, $FF
       04:893D  FF 00 FF  
       04:8940  00 FF 00  
       04:8943  FF 00 FF  
       04:8946  00 FF 00  
       04:8949  FF 00 FF  
       04:894C  00 FF     
  235  04:894E  10 FF 00    .db $10, $FF, $00, $FF, $00, $FF, $00, $FF, $00, $FF, $00, $FF, $00, $FF, $00, $FF, $00, $FF, $00, $FF
       04:8951  FF 00 FF  
       04:8954  00 FF 00  
       04:8957  FF 00 FF  
       04:895A  00 FF 00  
       04:895D  FF 00 FF  
       04:8960  00 FF     
  236  04:8962            B2_puzzle23Image:
  237  04:8962  00 00 00   .db $00, $00, $00, $00, $00, $00, $00, $00, $00, $00, $00, $00, $00, $00, $00, $00, $00, $00, $00, $00, $00, $00, $00, $00, $00, $FF
       04:8965  00 00 00  
       04:8968  00 00 00  
       04:896B  00 00 00  
       04:896E  00 00 00  
       04:8971  00 00 00  
       04:8974  00 00 00  
       04:8977  00 00 00  
       04:897A  00 FF     
  238  04:897C            B2_puzzle23Name:
  239  04:897C  08 19 1E    .db $08, $19, $1E, $23, $23, $15, $0E, $02, $03, $FF
       04:897F  23 23 15  
       04:8982  0E 02 03  
       04:8985  FF        
  240                     
  241  04:8986            B2_puzzle24:
  242  04:8986  01 01 00    .db $01, $01, $00, $00, $10, $20
       04:8989  00 10 20  
  243  04:898C  80 00 00    .db $80, $00, $00, $00, $00, $00, $00, $00, $00, $00, $00, $00, $00, $00, $00, $00, $00, $00, $00, $00
       04:898F  00 00 00  
       04:8992  00 00 00  
       04:8995  00 00 00  
       04:8998  00 00 00  
       04:899B  00 00 00  
       04:899E  00 00     
  244  04:89A0  10 FF 00    .db $10, $FF, $00, $FF, $00, $FF, $00, $FF, $00, $FF, $00, $FF, $00, $FF, $00, $FF, $00, $FF, $00, $FF
       04:89A3  FF 00 FF  
       04:89A6  00 FF 00  
       04:89A9  FF 00 FF  
       04:89AC  00 FF 00  
       04:89AF  FF 00 FF  
       04:89B2  00 FF     
  245  04:89B4  10 FF 00    .db $10, $FF, $00, $FF, $00, $FF, $00, $FF, $00, $FF, $00, $FF, $00, $FF, $00, $FF, $00, $FF, $00, $FF
       04:89B7  FF 00 FF  
       04:89BA  00 FF 00  
       04:89BD  FF 00 FF  
       04:89C0  00 FF 00  
       04:89C3  FF 00 FF  
       04:89C6  00 FF     
  246  04:89C8            B2_puzzle24Image:
  247  04:89C8  00 00 00   .db $00, $00, $00, $00, $00, $00, $00, $00, $00, $00, $00, $00, $00, $00, $00, $00, $00, $00, $00, $00, $00, $00, $00, $00, $00, $FF
       04:89CB  00 00 00  
       04:89CE  00 00 00  
       04:89D1  00 00 00  
       04:89D4  00 00 00  
       04:89D7  00 00 00  
       04:89DA  00 00 00  
       04:89DD  00 00 00  
       04:89E0  00 FF     
  248  04:89E2            B2_puzzle24Name:
  249  04:89E2  08 19 1E    .db $08, $19, $1E, $23, $23, $15, $0E, $02, $04, $FF
       04:89E5  23 23 15  
       04:89E8  0E 02 04  
       04:89EB  FF        
  250                     
  251  04:89EC            B2_puzzle25:
  252  04:89EC  01 01 00    .db $01, $01, $00, $00, $10, $20
       04:89EF  00 10 20  
  253  04:89F2  80 00 00    .db $80, $00, $00, $00, $00, $00, $00, $00, $00, $00, $00, $00, $00, $00, $00, $00, $00, $00, $00, $00
       04:89F5  00 00 00  
       04:89F8  00 00 00  
       04:89FB  00 00 00  
       04:89FE  00 00 00  
       04:8A01  00 00 00  
       04:8A04  00 00     
  254  04:8A06  10 FF 00    .db $10, $FF, $00, $FF, $00, $FF, $00, $FF, $00, $FF, $00, $FF, $00, $FF, $00, $FF, $00, $FF, $00, $FF
       04:8A09  FF 00 FF  
       04:8A0C  00 FF 00  
       04:8A0F  FF 00 FF  
       04:8A12  00 FF 00  
       04:8A15  FF 00 FF  
       04:8A18  00 FF     
  255  04:8A1A  10 FF 00    .db $10, $FF, $00, $FF, $00, $FF, $00, $FF, $00, $FF, $00, $FF, $00, $FF, $00, $FF, $00, $FF, $00, $FF
       04:8A1D  FF 00 FF  
       04:8A20  00 FF 00  
       04:8A23  FF 00 FF  
       04:8A26  00 FF 00  
       04:8A29  FF 00 FF  
       04:8A2C  00 FF     
  256  04:8A2E            B2_puzzle25Image:
  257  04:8A2E  00 00 00   .db $00, $00, $00, $00, $00, $00, $00, $00, $00, $00, $00, $00, $00, $00, $00, $00, $00, $00, $00, $00, $00, $00, $00, $00, $00, $FF
       04:8A31  00 00 00  
       04:8A34  00 00 00  
       04:8A37  00 00 00  
       04:8A3A  00 00 00  
       04:8A3D  00 00 00  
       04:8A40  00 00 00  
       04:8A43  00 00 00  
       04:8A46  00 FF     
  258  04:8A48            B2_puzzle25Name:
  259  04:8A48  08 19 1E    .db $08, $19, $1E, $23, $23, $15, $0E, $02, $05, $FF
       04:8A4B  23 23 15  
       04:8A4E  0E 02 05  
       04:8A51  FF        
  260                     
  261  04:8A52            B2_puzzle26:
  262  04:8A52  01 01 00    .db $01, $01, $00, $00, $10, $20
       04:8A55  00 10 20  
  263  04:8A58  80 00 00    .db $80, $00, $00, $00, $00, $00, $00, $00, $00, $00, $00, $00, $00, $00, $00, $00, $00, $00, $00, $00
       04:8A5B  00 00 00  
       04:8A5E  00 00 00  
       04:8A61  00 00 00  
       04:8A64  00 00 00  
       04:8A67  00 00 00  
       04:8A6A  00 00     
  264  04:8A6C  10 FF 00    .db $10, $FF, $00, $FF, $00, $FF, $00, $FF, $00, $FF, $00, $FF, $00, $FF, $00, $FF, $00, $FF, $00, $FF
       04:8A6F  FF 00 FF  
       04:8A72  00 FF 00  
       04:8A75  FF 00 FF  
       04:8A78  00 FF 00  
       04:8A7B  FF 00 FF  
       04:8A7E  00 FF     
  265  04:8A80  10 FF 00    .db $10, $FF, $00, $FF, $00, $FF, $00, $FF, $00, $FF, $00, $FF, $00, $FF, $00, $FF, $00, $FF, $00, $FF
       04:8A83  FF 00 FF  
       04:8A86  00 FF 00  
       04:8A89  FF 00 FF  
       04:8A8C  00 FF 00  
       04:8A8F  FF 00 FF  
       04:8A92  00 FF     
  266  04:8A94            B2_puzzle26Image:
  267  04:8A94  00 00 00   .db $00, $00, $00, $00, $00, $00, $00, $00, $00, $00, $00, $00, $00, $00, $00, $00, $00, $00, $00, $00, $00, $00, $00, $00, $00, $FF
       04:8A97  00 00 00  
       04:8A9A  00 00 00  
       04:8A9D  00 00 00  
       04:8AA0  00 00 00  
       04:8AA3  00 00 00  
       04:8AA6  00 00 00  
       04:8AA9  00 00 00  
       04:8AAC  00 FF     
  268  04:8AAE            B2_puzzle26Name:
  269  04:8AAE  08 19 1E    .db $08, $19, $1E, $23, $23, $15, $0E, $02, $06, $FF
       04:8AB1  23 23 15  
       04:8AB4  0E 02 06  
       04:8AB7  FF        
  270                     
#[2]   Source/Banks/Bank2.asm
    5                     
    6           0005        .bank 5
    7           A000        .org $A000
    8                       
#[3]   Source/Content/Puzzles/B2Tables.asm
    9                       .include "Source/Content/Puzzles/B2Tables.asm"
    1  05:A000  00 80       .word B2_puzzle0, B2_puzzle1, B2_puzzle2, B2_puzzle3, B2_puzzle4, B2_puzzle5, B2_puzzle6, B2_puzzle7, B2_puzzle8
       05:A002  65 80     
       05:A004  CA 80     
       05:A006  2F 81     
       05:A008  94 81     
       05:A00A  F9 81     
       05:A00C  5E 82     
       05:A00E  C3 82     
       05:A010  28 83     
    2  05:A012  8D 83       .word B2_puzzle9, B2_puzzle10, B2_puzzle11, B2_puzzle12, B2_puzzle13, B2_puzzle14, B2_puzzle15, B2_puzzle16, B2_puzzle17
       05:A014  F2 83     
       05:A016  58 84     
       05:A018  BE 84     
       05:A01A  24 85     
       05:A01C  8A 85     
       05:A01E  F0 85     
       05:A020  56 86     
       05:A022  BC 86     
    3  05:A024  22 87       .word B2_puzzle18, B2_puzzle19, B2_puzzle20, B2_puzzle21, B2_puzzle22, B2_puzzle23, B2_puzzle24, B2_puzzle25, B2_puzzle26
       05:A026  88 87     
       05:A028  EE 87     
       05:A02A  54 88     
       05:A02C  BA 88     
       05:A02E  20 89     
       05:A030  86 89     
       05:A032  EC 89     
       05:A034  52 8A     
    4                     
    5  05:A036  5C 80       .word B2_puzzle0Name, B2_puzzle1Name, B2_puzzle2Name, B2_puzzle3Name, B2_puzzle4Name, B2_puzzle5Name, B2_puzzle6Name, B2_puzzle7Name, B2_puzzle8Name
       05:A038  C1 80     
       05:A03A  26 81     
       05:A03C  8B 81     
       05:A03E  F0 81     
       05:A040  55 82     
       05:A042  BA 82     
       05:A044  1F 83     
       05:A046  84 83     
    6  05:A048  E9 83       .word B2_puzzle9Name, B2_puzzle10Name, B2_puzzle11Name, B2_puzzle12Name, B2_puzzle13Name, B2_puzzle14Name, B2_puzzle15Name, B2_puzzle16Name, B2_puzzle17Name
       05:A04A  4E 84     
       05:A04C  B4 84     
       05:A04E  1A 85     
       05:A050  80 85     
       05:A052  E6 85     
       05:A054  4C 86     
       05:A056  B2 86     
       05:A058  18 87     
    7  05:A05A  7E 87       .word B2_puzzle18Name, B2_puzzle19Name, B2_puzzle20Name, B2_puzzle21Name, B2_puzzle22Name, B2_puzzle23Name, B2_puzzle24Name, B2_puzzle25Name, B2_puzzle26Name
       05:A05C  E4 87     
       05:A05E  4A 88     
       05:A060  B0 88     
       05:A062  16 89     
       05:A064  7C 89     
       05:A066  E2 89     
       05:A068  48 8A     
       05:A06A  AE 8A     
#[2]   Source/Banks/Bank2.asm
   10                     ;puzzle sprites
   11  05:A06C  00 00 00    .db $00, $00, $00, $00
       05:A06F  00        
   12  05:A070  00 00 00    .db $00, $00, $00, $00
       05:A073  00        
   13  05:A074  00 00 00    .db $00, $00, $00, $00
       05:A077  00        
   14  05:A078  00 00 00    .db $00, $00, $00, $00
       05:A07B  00        
   15  05:A07C  00 00 00    .db $00, $00, $00, $00
       05:A07F  00        
   16  05:A080  00 00 00    .db $00, $00, $00, $00
       05:A083  00        
   17  05:A084  00 00 00    .db $00, $00, $00, $00
       05:A087  00        
   18  05:A088  00 00 00    .db $00, $00, $00, $00
       05:A08B  00        
   19  05:A08C  00 00 00    .db $00, $00, $00, $00
       05:A08F  00        
   20  05:A090  00 00 00    .db $00, $00, $00, $00
       05:A093  00        
   21  05:A094  00 00 00    .db $00, $00, $00, $00
       05:A097  00        
   22  05:A098  00 00 00    .db $00, $00, $00, $00
       05:A09B  00        
   23  05:A09C  00 00 00    .db $00, $00, $00, $00
       05:A09F  00        
   24  05:A0A0  00 00 00    .db $00, $00, $00, $00
       05:A0A3  00        
   25  05:A0A4  00 00 00    .db $00, $00, $00, $00
       05:A0A7  00        
   26  05:A0A8  00 00 00    .db $00, $00, $00, $00
       05:A0AB  00        
   27  05:A0AC  00 00 00    .db $00, $00, $00, $00
       05:A0AF  00        
   28  05:A0B0  00 00 00    .db $00, $00, $00, $00
       05:A0B3  00        
   29  05:A0B4  00 00 00    .db $00, $00, $00, $00
       05:A0B7  00        
   30  05:A0B8  00 00 00    .db $00, $00, $00, $00
       05:A0BB  00        
   31  05:A0BC  00 00 00    .db $00, $00, $00, $00
       05:A0BF  00        
   32  05:A0C0  00 00 00    .db $00, $00, $00, $00
       05:A0C3  00        
   33  05:A0C4  00 00 00    .db $00, $00, $00, $00
       05:A0C7  00        
   34  05:A0C8  00 00 00    .db $00, $00, $00, $00
       05:A0CB  00        
   35  05:A0CC  00 00 00    .db $00, $00, $00, $00
       05:A0CF  00        
   36  05:A0D0  00 00 00    .db $00, $00, $00, $00
       05:A0D3  00        
   37  05:A0D4  00 00 00    .db $00, $00, $00, $00
       05:A0D7  00        
   38                       
   39           A0D8        .org $A0D8
   40                     ;bank song, A0D8
   41                       ;.incbin "Source/SoundEnginePreComp.nes"
#[3]   Source/Content/Sound/Music/B2m.asm
   42                       .include "Source/Content/Sound/Music/B2m.asm"  ;holds the data for bank song
    1  05:A0D8            bank2_header:
    2  05:A0D8  05            .byte $05           ;4 streams
    3                         
    4  05:A0D9  00            .byte MUSIC_SQ1             ;which stream
    5  05:A0DA  01            .byte $01                   ;status byte (stream enabled)
    6  05:A0DB  00            .byte SQUARE_1              ;which channel
    7  05:A0DC  30            .byte $30                   ;initial duty (01)
    8  05:A0DD  0F            .byte ve_veryLong_decay ;volume envelope
    9  05:A0DE  67 A1         .word bank2_square1         ;pointer to stream
   10  05:A0E0  28            .byte $28                   ;tempo
   11                         
   12  05:A0E1  01            .byte MUSIC_SQ2             ;which stream
   13  05:A0E2  01            .byte $01                   ;status byte (stream enabled)
   14  05:A0E3  01            .byte SQUARE_2              ;which channel
   15  05:A0E4  30            .byte $30                   ;initial duty (10)
   16  05:A0E5  0F            .byte ve_veryLong_decay ;volume envelope
   17  05:A0E6  01 A1         .word bank2_square2         ;pointer to stream
   18  05:A0E8  28            .byte $28                   ;tempo
   19                         
   20  05:A0E9  02            .byte MUSIC_TRI     ;which stream
   21  05:A0EA  01            .byte $01           ;status byte (stream enabled)
   22  05:A0EB  02            .byte TRIANGLE      ;which channel
   23  05:A0EC  80            .byte $80           ;initial volume (on)
   24  05:A0ED  03            .byte ve_tgl_1      ;volume envelope
   25  05:A0EE  74 A2         .word bank2_tri     ;pointer to stream
   26  05:A0F0  28            .byte $28           ;tempo
   27                         
   28  05:A0F1  03            .byte MUSIC_NOI     ;which stream
   29  05:A0F2  01            .byte $01           ;enabled
   30  05:A0F3  03            .byte NOISE     
   31  05:A0F4  30            .byte $30           ;initial duty_vol
   32  05:A0F5  0A            .byte ve_hiHat_decay ;volume envelope
   33  05:A0F6  2B A4         .word bank2_noise   ;pointer to stream
   34  05:A0F8  28            .byte $28           ;tempo
   35                             
   36  05:A0F9  06                .byte MUSIC_DPMC
   37  05:A0FA  01                .byte $01
   38  05:A0FB  04                .byte DPMC
   39  05:A0FC  30                .byte $30
   40  05:A0FD  0A                .byte ve_hiHat_decay
   41  05:A0FE  50 A4             .word bank2_dpcm  ;pointer to stream
   42  05:A100  28            .byte $28           ;tempo
   43                     
   44                     ;;this will require funky timing to get it right. base everything on 32nd notes, using them as 24ths
   45                         
   46  05:A101            bank2_square2:
   47                     
   48  05:A101  A3 30             .byte duty, $30
   49  05:A103  AA 02             .byte arpeggio, arp_dimTriad
   50  05:A105  87 1E             .byte quarterSwing, Ds4
   51  05:A107  AA 03             .byte arpeggio, arp_minInvn1
   52  05:A109  87 21             .byte quarterSwing, Fs4
   53  05:A10B  AA 02             .byte arpeggio, arp_dimTriad
   54  05:A10D  87 21             .byte quarterSwing, Fs4
   55  05:A10F  AA 04             .byte arpeggio, arp_sharp5
   56  05:A111  92 1F             .byte five_thirtyseconds, E4
   57                             
   58  05:A113  89                .byte wholeSwing
   59  05:A114  AA 05 1F          .byte arpeggio, arp_maj7, E4, rest
       05:A117  5E        
   60  05:A118  AA 06 1E          .byte arpeggio, arp_min7, Ds4, rest
       05:A11B  5E        
   61  05:A11C  AA 05 1F          .byte arpeggio, arp_maj7, E4, rest
       05:A11F  5E        
   62  05:A120  AA 06 1E          .byte arpeggio, arp_min7, Ds4, rest
       05:A123  5E        
   63  05:A124  AA 05 1F          .byte arpeggio, arp_maj7, E4, rest
       05:A127  5E        
   64  05:A128  AA 06 1E          .byte arpeggio, arp_min7, Ds4, rest
       05:A12B  5E        
   65  05:A12C  AA 05 1F          .byte arpeggio, arp_maj7, E4, rest
       05:A12F  5E        
   66  05:A130  AA 07 1E          .byte arpeggio, arp_minFlat6, Ds4, swingUp, rest
       05:A133  80 5E     
   67  05:A135  AA 08 89          .byte arpeggio, arp_spread5thlowerThird, wholeSwing, B4
       05:A138  26        
   68                             
   69  05:A139  AA 09 24          .byte arpeggio, arp_min7Invn1, A4
   70  05:A13C  AA 0A 29          .byte arpeggio, arp_dom7Invn2, D5
   71  05:A13F  AA 09 26          .byte arpeggio, arp_min7Invn1, B4
   72  05:A142  AA 0B 22          .byte arpeggio, arp_dim7, G4
   73                             
   74  05:A145  AA 09 24          .byte arpeggio, arp_min7Invn1, A4
   75  05:A148  AA 0A 29          .byte arpeggio, arp_dom7Invn2, D5
   76  05:A14B  AA 0C 22          .byte arpeggio, arp_majPlusOct, G4
   77  05:A14E  5E                .byte rest
   78                             
   79  05:A14F  AA 09 24          .byte arpeggio, arp_min7Invn1, A4
   80  05:A152  AA 0A 29          .byte arpeggio, arp_dom7Invn2, D5
   81  05:A155  AA 09 26          .byte arpeggio, arp_min7Invn1, B4
   82  05:A158  AA 0B 22          .byte arpeggio, arp_dim7, G4
   83                             
   84  05:A15B  AA 09 24          .byte arpeggio, arp_min7Invn1, A4
   85  05:A15E  AA 0A 29          .byte arpeggio, arp_dom7Invn2, D5
   86  05:A161  AA 09 27          .byte arpeggio, arp_min7Invn1, C5
   87                             
   88  05:A164  A1                .byte loop
   89  05:A165  01 A1         .word bank2_square2
   90                             
   91  05:A167            bank2_square1:
   92                             
   93  05:A167  A3 30             .byte duty, $30
   94  05:A169  A9 00             .byte pitch_envelope, me_none
   95  05:A16B  87 2A 28          .byte quarterSwing, Ds5, Cs5, Fs5, five_thirtyseconds, E5
       05:A16E  2D 92 2B  
   96  05:A171  89 2A 80          .byte wholeSwing, Ds5, swingUp, rest, quarterSwing, rest
       05:A174  5E 87 5E  
   97                             
   98  05:A177  87 23 26          .byte quarterSwing, Gs4, B4, five_thirtyseconds, Ds5 
       05:A17A  92 2A     
   99  05:A17C  89 28 80          .byte wholeSwing, Cs5, swingUp, rest, quarterSwing, rest
       05:A17F  5E 87 5E  
  100                             
  101  05:A182  87 21 23          .byte quarterSwing, Fs4, Gs4, five_thirtyseconds, B4
       05:A185  92 26     
  102  05:A187  89 2A 80          .byte wholeSwing, Ds5, swingUp, rest, quarterSwing, rest
       05:A18A  5E 87 5E  
  103                             
  104  05:A18D  87 26 34          .byte quarterSwing, B4, Cs6, five_thirtyseconds, As5
       05:A190  92 31     
  105  05:A192  89 2D 80          .byte wholeSwing, Fs5, swingUp, rest
       05:A195  5E        
  106  05:A196  9B 2F             .byte wholeSwing_m1, Gs5
  107                             
  108  05:A198  A3 70             .byte duty, $70
  109  05:A19A  93 2A 92          .byte d_halfSwing_p1, Ds5, five_thirtyseconds, Fs5
       05:A19D  2D        
  110  05:A19E  94 28 88          .byte halfSwing_p1, Cs5, halfSwing, Ds5
       05:A1A1  2A        
  111  05:A1A2  81 25 80          .byte swingDown, As4, swingUp, Fs4, swingDown, B4, halfSwing_p1, As4, quarterSwing, Fs4
       05:A1A5  21 81 26  
       05:A1A8  94 25 87  
       05:A1AB  21        
  112  05:A1AC  81 2A 80          .byte swingDown, Ds5, swingUp, B4, swingDown, E5, halfSwing_p3, Ds5, swingUp, E4, swingDown, Ds4
       05:A1AF  26 81 2B  
       05:A1B2  95 2A 80  
       05:A1B5  1F 81 1E  
  113  05:A1B8  84 26 86          .byte half, B4, d_sixteenth, Gs4, B4, swingDown, Ds5, halfSwing_p1, As4, halfSwing_m1, Fs4, wholeSwing_p1, B4
       05:A1BB  23 26 81  
       05:A1BE  2A 94 25  
       05:A1C1  96 21 97  
       05:A1C4  26        
  114  05:A1C5  89 5E             .byte wholeSwing, rest
  115                             
  116  05:A1C7  A3 B0             .byte duty, $B0
  117  05:A1C9  A9 00             .byte pitch_envelope, me_none
  118  05:A1CB  A2 02             .byte volume_envelope, ve_blip_echo
  119  05:A1CD  86 5E 22          .byte d_sixteenth, rest, G4, G4, E4, G4, swingDown, E4, quarterSwing, A4, swingUp, D4
       05:A1D0  22 1F 22  
       05:A1D3  81 1F 87  
       05:A1D6  24 80 1D  
  120  05:A1D9  86 1F 22          .byte d_sixteenth, E4, G4, G4, E4, G4, swingDown, E4, quarterSwing, B4, swingUp, As4
       05:A1DC  22 1F 22  
       05:A1DF  81 1F 87  
       05:A1E2  26 80 25  
  121  05:A1E5  86 26 24          .byte d_sixteenth, B4, A4, G4, swingDown, Fs4, d_sixteenth, A4, swingUp, A4, d_sixteenth, G4, Fs4, E4
       05:A1E8  22 81 21  
       05:A1EB  86 24 80  
       05:A1EE  24 86 22  
       05:A1F1  21 1F     
  122  05:A1F3  22 21 81          .byte G4, Fs4, swingDown, E4, d_sixteenth, D4, d_quarterSwing, B3, swingUp, A3, swingDown, B3
       05:A1F6  1F 86 1D  
       05:A1F9  99 1A 80  
       05:A1FC  18 81 1A  
  123  05:A1FF  82 1B 86          .byte eighth, C4, d_sixteenth, C4, swingDown, C4, eighth, A3, d_sixteenth, B3, swingDown, A3, d_sixteenth, G3, eighth, A3
       05:A202  1B 81 1B  
       05:A205  82 18 86  
       05:A208  1A 81 18  
       05:A20B  86 16 82  
       05:A20E  18        
  124  05:A20F  86 5E 1B          .byte d_sixteenth, rest, C4, swingDown, C4, eighth, A3, d_sixteenth, Fs4, swingDown, E4, d_sixteenth, D4, E4, swingUp, B3
       05:A212  81 1B 82  
       05:A215  18 86 21  
       05:A218  81 1F 86  
       05:A21B  1D 1F 80  
       05:A21E  1A        
  125  05:A21F  86 1D 1F          .byte d_sixteenth, D4, E4, swingDown, G4, d_sixteenth, E4, B4, swingUp, B4, swingDown, G4, swingUp, A4, swingDown, Fs4, swingUp, D4, swingDown, E4, swingUp, Fs4
       05:A222  81 22 86  
       05:A225  1F 26 80  
       05:A228  26 81 22  
       05:A22B  80 24 81  
       05:A22E  21 80 1D  
       05:A231  81 1F 80  
       05:A234  21        
  126  05:A235  81 22 80          .byte swingDown, G4, swingUp, E4, swingDown, Fs4, swingUp, D4, swingDown, E4, swingUp, A3, swingDown, D4, halfSwing_p1, B3
       05:A238  1F 81 21  
       05:A23B  80 1D 81  
       05:A23E  1F 80 18  
       05:A241  81 1D 94  
       05:A244  1A        
  127                             
  128  05:A245  A3 70             .byte duty, $70
  129  05:A247  A9 00             .byte pitch_envelope, me_none
  130  05:A249  A2 0F             .byte volume_envelope, ve_veryLong_decay
  131  05:A24B  87 5E 2B          .byte quarterSwing, rest, E5, d_quarterSwing, G5, d_sixteenth, B5
       05:A24E  99 2E 86  
       05:A251  32        
  132  05:A252  87 29 88          .byte quarterSwing, D5, halfSwing, E5, d_sixteenth, B4, C5
       05:A255  2B 86 26  
       05:A258  27        
  133  05:A259  9A 29 87          .byte d_halfSwing, D5, quarterSwing, Fs5
       05:A25C  2D        
  134  05:A25D  89 29             .byte wholeSwing, D5
  135                     
  136  05:A25F  87 5E 2B          .byte quarterSwing, rest, E5, G5, B5
       05:A262  2E 32     
  137  05:A264  35 88 30          .byte D6, halfSwing, A5, swingDown, E5, swingUp, Fs5, swingDown, E5, swingUp, D5
       05:A267  81 2B 80  
       05:A26A  2D 81 2B  
       05:A26D  80 29     
  138  05:A26F  89 2E             .byte wholeSwing, G5
  139                             
  140  05:A271  A1            .byte loop
  141  05:A272  67 A1         .word bank2_square1
  142                         
  143  05:A274            bank2_tri:
  144                     
  145  05:A274  A2 03             .byte volume_envelope, ve_tgl_1
  146  05:A276  A4 02             .byte set_loop1_counter, 2
  147                             
  148                             
  149  05:A278  88 5E             .byte halfSwing, rest
  150                     
  151                             
  152  05:A27A            bank2_triFirstLoop:
  153                     
  154  05:A27A  A9 03             .byte pitch_envelope, me_bassKick
  155  05:A27C  80 26 26          .byte thirtysecond, B4, B4, B4, F4, F4, F4
       05:A27F  26 20 20  
       05:A282  20        
  156  05:A283  81 1D 80          .byte swingDown, D4, swingUp, B3
       05:A286  1A        
  157  05:A287  81 5E             .byte swingDown, rest
  158                     
  159  05:A289  A9 00             .byte pitch_envelope, me_none
  160  05:A28B  86 13             .byte d_sixteenth, E3
  161  05:A28D  80 13             .byte swingUp, E3
  162  05:A28F  86 07 13          .byte d_sixteenth, E2, E3, E2
       05:A292  07        
  163  05:A293  92 13             .byte five_thirtyseconds, E3
  164  05:A295  86 04 06          .byte d_sixteenth, Cs2, Ds2
  165  05:A298  86 13             .byte d_sixteenth, E3
  166  05:A29A  80 13             .byte swingUp, E3
  167  05:A29C  86 07 13          .byte d_sixteenth, E2, E3, E2
       05:A29F  07        
  168  05:A2A0  92 13             .byte five_thirtyseconds, E3
  169  05:A2A2  86 13 15          .byte d_sixteenth, E3, Fs3
  170                     
  171  05:A2A5  86 0E             .byte d_sixteenth, B2
  172  05:A2A7  80 0E             .byte swingUp, B2
  173  05:A2A9  86 02 0E          .byte d_sixteenth, B1, B2, B1
       05:A2AC  02        
  174  05:A2AD  92 0E             .byte five_thirtyseconds, B2
  175  05:A2AF  86 00 01          .byte d_sixteenth, A1, As1
  176  05:A2B2  86 0E             .byte d_sixteenth, B2
  177  05:A2B4  80 0E             .byte swingUp, B2
  178  05:A2B6  86 02 0E          .byte d_sixteenth, B1, B2, B1
       05:A2B9  02        
  179  05:A2BA  92 0E             .byte five_thirtyseconds, B2
  180  05:A2BC  86 00 01          .byte d_sixteenth, A1, As1
  181                             
  182  05:A2BF  86 13             .byte d_sixteenth, E3
  183  05:A2C1  80 13             .byte swingUp, E3
  184  05:A2C3  86 07 13          .byte d_sixteenth, E2, E3, E2
       05:A2C6  07        
  185  05:A2C7  92 13             .byte five_thirtyseconds, E3
  186  05:A2C9  86 04 06          .byte d_sixteenth, Cs2, Ds2
  187  05:A2CC  86 13             .byte d_sixteenth, E3
  188  05:A2CE  80 13             .byte swingUp, E3
  189  05:A2D0  86 07 13          .byte d_sixteenth, E2, E3, E2
       05:A2D3  07        
  190  05:A2D4  92 13             .byte five_thirtyseconds, E3
  191  05:A2D6  86 13 15          .byte d_sixteenth, E3, Fs3
  192                     
  193  05:A2D9  86 0E             .byte d_sixteenth, B2
  194  05:A2DB  80 0E             .byte swingUp, B2
  195  05:A2DD  86 02 0E          .byte d_sixteenth, B1, B2, B1
       05:A2E0  02        
  196  05:A2E1  92 0E             .byte five_thirtyseconds, B2
  197  05:A2E3  86 00 01          .byte d_sixteenth, A1, As1
  198  05:A2E6  86 0E             .byte d_sixteenth, B2
  199  05:A2E8  80 0E             .byte swingUp, B2
  200  05:A2EA  86 02 0E          .byte d_sixteenth, B1, B2, B1
       05:A2ED  02        
  201                             
  202  05:A2EE  A5                .byte loop1
  203  05:A2EF  7A A2             .word bank2_triFirstLoop
  204                             
  205  05:A2F1  A9 03             .byte pitch_envelope, me_bassKick
  206  05:A2F3  80 26 26          .byte thirtysecond, B4, B4, B4, F4, F4, F4
       05:A2F6  26 20 20  
       05:A2F9  20        
  207  05:A2FA  81 1D 80          .byte swingDown, D4, swingUp, B3
       05:A2FD  1A        
  208  05:A2FE  86 5E             .byte d_sixteenth, rest
  209                             
  210  05:A300  A9 00             .byte pitch_envelope, me_none
  211  05:A302  86 0F 0F          .byte d_sixteenth, C3, C3
  212  05:A305  81 1B             .byte swingDown, C4
  213  05:A307  82 0F             .byte eighth, C3
  214  05:A309  81 0F             .byte swingDown, C3
  215  05:A30B  86 5E             .byte d_sixteenth, rest
  216  05:A30D  80 0F             .byte swingUp, C3
  217  05:A30F  81 1B             .byte swingDown, C4
  218  05:A311  86 0F             .byte d_sixteenth, C3
  219  05:A313  80 0F             .byte swingUp, C3
  220                             
  221  05:A315  86 15 15          .byte d_sixteenth, Fs3, Fs3
  222  05:A318  81 21             .byte swingDown, Fs4
  223  05:A31A  82 15             .byte eighth, Fs3
  224  05:A31C  81 15             .byte swingDown, Fs3
  225  05:A31E  86 5E             .byte d_sixteenth, rest
  226  05:A320  80 15             .byte swingUp, Fs3
  227  05:A322  81 21             .byte swingDown, Fs4
  228  05:A324  86 15             .byte d_sixteenth, Fs3
  229  05:A326  80 15             .byte swingUp, Fs3
  230                             
  231  05:A328  86 0E 0E          .byte d_sixteenth, B2, B2
  232  05:A32B  81 1A             .byte swingDown, B3
  233  05:A32D  82 0E             .byte eighth, B2
  234  05:A32F  81 0E             .byte swingDown, B2
  235  05:A331  86 5E             .byte d_sixteenth, rest
  236  05:A333  80 0E             .byte swingUp, B2
  237  05:A335  81 1A             .byte swingDown, B3
  238  05:A337  86 0E             .byte d_sixteenth, B2
  239  05:A339  80 0E             .byte swingUp, B2
  240                             
  241  05:A33B  86 13 13          .byte d_sixteenth, E3, E3
  242  05:A33E  81 1F             .byte swingDown, E4
  243  05:A340  82 13             .byte eighth, E3
  244  05:A342  81 13             .byte swingDown, E3
  245  05:A344  86 5E             .byte d_sixteenth, rest
  246  05:A346  80 13             .byte swingUp, E3
  247  05:A348  81 1F             .byte swingDown, E4
  248  05:A34A  86 13             .byte d_sixteenth, E3
  249  05:A34C  80 13             .byte swingUp, E3
  250                             
  251  05:A34E  A9 00             .byte pitch_envelope, me_none
  252  05:A350  86 0F 0F          .byte d_sixteenth, C3, C3
  253  05:A353  81 1B             .byte swingDown, C4
  254  05:A355  82 0F             .byte eighth, C3
  255  05:A357  81 0F             .byte swingDown, C3
  256  05:A359  86 5E             .byte d_sixteenth, rest
  257  05:A35B  80 0F             .byte swingUp, C3
  258  05:A35D  81 1B             .byte swingDown, C4
  259  05:A35F  86 0F             .byte d_sixteenth, C3
  260  05:A361  80 0F             .byte swingUp, C3
  261                             
  262  05:A363  86 15 15          .byte d_sixteenth, Fs3, Fs3
  263  05:A366  81 21             .byte swingDown, Fs4
  264  05:A368  82 15             .byte eighth, Fs3
  265  05:A36A  81 15             .byte swingDown, Fs3
  266  05:A36C  86 5E             .byte d_sixteenth, rest
  267  05:A36E  80 15             .byte swingUp, Fs3
  268  05:A370  81 21             .byte swingDown, Fs4
  269  05:A372  86 15             .byte d_sixteenth, Fs3
  270  05:A374  80 15             .byte swingUp, Fs3
  271                             
  272  05:A376  86 16 16          .byte d_sixteenth, G3, G3
  273  05:A379  81 22             .byte swingDown, G4
  274  05:A37B  82 16             .byte eighth, G3
  275  05:A37D  81 16             .byte swingDown, G3
  276  05:A37F  86 5E             .byte d_sixteenth, rest
  277  05:A381  80 16             .byte swingUp, G3
  278  05:A383  81 22             .byte swingDown, G4
  279  05:A385  86 16             .byte d_sixteenth, G3
  280  05:A387  80 16             .byte swingUp, G3
  281                             
  282  05:A389  86 13 13          .byte d_sixteenth, E3, E3
  283  05:A38C  81 1F             .byte swingDown, E4
  284  05:A38E  82 13             .byte eighth, E3
  285                             
  286  05:A390  A9 03             .byte pitch_envelope, me_bassKick
  287  05:A392  80 26 26          .byte thirtysecond, B4, B4, B4, F4, F4, F4
       05:A395  26 20 20  
       05:A398  20        
  288  05:A399  81 1D 80          .byte swingDown, D4, swingUp, B3
       05:A39C  1A        
  289  05:A39D  86 5E             .byte d_sixteenth, rest
  290                             
  291  05:A39F  A9 00             .byte pitch_envelope, me_none
  292  05:A3A1  86 0F 0F          .byte d_sixteenth, C3, C3
  293  05:A3A4  81 1B             .byte swingDown, C4
  294  05:A3A6  82 0F             .byte eighth, C3
  295  05:A3A8  81 0F             .byte swingDown, C3
  296  05:A3AA  86 5E             .byte d_sixteenth, rest
  297  05:A3AC  80 0F             .byte swingUp, C3
  298  05:A3AE  81 1B             .byte swingDown, C4
  299  05:A3B0  86 0F             .byte d_sixteenth, C3
  300  05:A3B2  80 0F             .byte swingUp, C3
  301                             
  302  05:A3B4  86 15 15          .byte d_sixteenth, Fs3, Fs3
  303  05:A3B7  81 21             .byte swingDown, Fs4
  304  05:A3B9  82 15             .byte eighth, Fs3
  305  05:A3BB  81 15             .byte swingDown, Fs3
  306  05:A3BD  86 5E             .byte d_sixteenth, rest
  307  05:A3BF  80 15             .byte swingUp, Fs3
  308  05:A3C1  81 21             .byte swingDown, Fs4
  309  05:A3C3  86 15             .byte d_sixteenth, Fs3
  310  05:A3C5  80 15             .byte swingUp, Fs3
  311                             
  312  05:A3C7  86 0E 0E          .byte d_sixteenth, B2, B2
  313  05:A3CA  81 1A             .byte swingDown, B3
  314  05:A3CC  82 0E             .byte eighth, B2
  315  05:A3CE  81 0E             .byte swingDown, B2
  316  05:A3D0  86 5E             .byte d_sixteenth, rest
  317  05:A3D2  80 0E             .byte swingUp, B2
  318  05:A3D4  81 1A             .byte swingDown, B3
  319  05:A3D6  86 0E             .byte d_sixteenth, B2
  320  05:A3D8  80 0E             .byte swingUp, B2
  321                             
  322  05:A3DA  86 13 13          .byte d_sixteenth, E3, E3
  323  05:A3DD  81 1F             .byte swingDown, E4
  324  05:A3DF  82 13             .byte eighth, E3
  325  05:A3E1  81 13             .byte swingDown, E3
  326  05:A3E3  86 5E             .byte d_sixteenth, rest
  327  05:A3E5  80 13             .byte swingUp, E3
  328  05:A3E7  81 1F             .byte swingDown, E4
  329  05:A3E9  86 13             .byte d_sixteenth, E3
  330  05:A3EB  80 13             .byte swingUp, E3
  331                             
  332  05:A3ED  A9 00             .byte pitch_envelope, me_none
  333  05:A3EF  86 0F 0F          .byte d_sixteenth, C3, C3
  334  05:A3F2  81 1B             .byte swingDown, C4
  335  05:A3F4  82 0F             .byte eighth, C3
  336  05:A3F6  81 0F             .byte swingDown, C3
  337  05:A3F8  86 5E             .byte d_sixteenth, rest
  338  05:A3FA  80 0F             .byte swingUp, C3
  339  05:A3FC  81 1B             .byte swingDown, C4
  340  05:A3FE  86 0F             .byte d_sixteenth, C3
  341  05:A400  80 0F             .byte swingUp, C3
  342                             
  343  05:A402  86 15 15          .byte d_sixteenth, Fs3, Fs3
  344  05:A405  81 21             .byte swingDown, Fs4
  345  05:A407  82 15             .byte eighth, Fs3
  346  05:A409  81 15             .byte swingDown, Fs3
  347  05:A40B  86 5E             .byte d_sixteenth, rest
  348  05:A40D  80 15             .byte swingUp, Fs3
  349  05:A40F  81 21             .byte swingDown, Fs4
  350  05:A411  86 15             .byte d_sixteenth, Fs3
  351  05:A413  80 15             .byte swingUp, Fs3
  352                             
  353  05:A415  86 12 12          .byte d_sixteenth, Ds3, Ds3
  354  05:A418  81 1E             .byte swingDown, Ds4
  355  05:A41A  82 12             .byte eighth, Ds3
  356  05:A41C  81 12             .byte swingDown, Ds3
  357  05:A41E  86 5E             .byte d_sixteenth, rest
  358  05:A420  80 12             .byte swingUp, Ds3
  359  05:A422  81 1E             .byte swingDown, Ds4
  360  05:A424  86 12             .byte d_sixteenth, Ds3
  361  05:A426  80 12             .byte swingUp, Ds3
  362                             
  363  05:A428  A1                .byte loop
  364  05:A429  74 A2         .word bank2_tri
  365                        
  366                        
  367                        
  368  05:A42B            bank2_noise:
  369                             
  370  05:A42B  A2 09             .byte volume_envelope, ve_drum_decay
  371  05:A42D  87 04 04      .byte quarterSwing, $04, $04, $04, $04
       05:A430  04 04     
  372                              
  373  05:A432  A4 0E             .byte set_loop1_counter, 14                     ; repeat 14 times 
  374                             
  375  05:A434            bank2_noiseMainLoop:
  376                     
  377  05:A434  A2 0A             .byte volume_envelope, ve_hiHat_decay
  378  05:A436  81 04 80          .byte swingDown, $04, swingUp, $04, swingDown, $04, swingUp, $04        
       05:A439  04 81 04  
       05:A43C  80 04     
  379  05:A43E  A2 09             .byte volume_envelope, ve_drum_decay
  380  05:A440  81 04             .byte swingDown, $04
  381  05:A442  A2 0A             .byte volume_envelope, ve_hiHat_decay
  382  05:A444  80 04 81          .byte swingUp, $04, swingDown, $04, swingUp, $04
       05:A447  04 80 04  
  383                             
  384  05:A44A  A5                .byte loop1                             
  385  05:A44B  34 A4         .word bank2_noiseMainLoop
  386  05:A44D  A1                .byte loop
  387  05:A44E  2B A4             .word bank2_noise
  388                     
  389  05:A450            bank2_dpcm:
  390                     
  391  05:A450  87 0B 0B          .byte quarterSwing, $0B, $0B, $0B
       05:A453  0B        
  392  05:A454  81 1B 86          .byte swingDown, $1B, eighthSwing, $0B, swingUp, $01
       05:A457  0B 80 01  
  393  05:A45A  A4 07             .byte set_loop1_counter, 7  
  394                     
  395  05:A45C            bank2_dpcmMainLoop:
  396                             
  397  05:A45C  87 0B 1B          .byte quarterSwing, $0B, $1B, $0B
       05:A45F  0B        
  398  05:A460  81 1B 86          .byte swingDown, $1B, eighthSwing, $0B, swingUp, $01
       05:A463  0B 80 01  
  399                             
  400  05:A466  A5                .byte loop1
  401  05:A467  5C A4             .word bank2_dpcmMainLoop
  402  05:A469  A1                .byte loop
  403  05:A46A  50 A4             .word bank2_dpcm
#[2]   Source/Banks/Bank2.asm
   43           BFFA        .org $BFFA     ;first of the three vectors starts here
   44  05:BFFA  B8 DC       .dw NMI        ;when an NMI happens (once per frame if enabled) the 
   45                                        ;processor will jump to the label NMI:
   46  05:BFFC  00 C0       .dw RESET      ;when the processor first turns on or is reset, it will jump
   47                                        ;to the label RESET:
   48  05:BFFE  00 00       .dw 0          ;external interrupt IRQ is not used in this tutorial
#[1]   Source/PictoPuzzler.asm
   26                     
   27           0006        .bank 6
   28           C000        .org $C000 
   29                     
   30                     ;;;;;;;;;;;;;;;;;;;;;;;;;;;;;;
   31                     ;;     Initialization       ;;
   32                     ;;;;;;;;;;;;;;;;;;;;;;;;;;;;;;
   33                     
#[2]   Source/Routines/Common/Init.asm
   34                       .include "Source/Routines/Common/Init.asm"
    1  06:C000            RESET:
    2  06:C000  78          SEI          ; disable IRQs
    3  06:C001  D8          CLD          ; disable decimal mode
    4  06:C002  A2 40       LDX #$40
    5  06:C004  8E 17 40    STX $4017    ; disable APU frame IRQ
    6  06:C007  A2 FF       LDX #$FF
    7  06:C009  9A          TXS          ; Set up stack
    8  06:C00A  E8          INX          ; now X = 0
    9  06:C00B  8E 00 20    STX $2000    ; disable NMI
   10  06:C00E  8E 01 20    STX $2001    ; disable rendering
   11  06:C011  8E 10 40    STX $4010    ; disable DMC IRQs
   12                     
   13  06:C014            vblankwait1:       ; First wait for vblank to make sure PPU is ready
   14  06:C014  2C 02 20    BIT $2002
   15  06:C017  10 FB       BPL vblankwait1
   16                     
   17  06:C019            clrmem:
   18  06:C019  A9 00       LDA #$00
   19  06:C01B  9D 00 00    STA $0000, x
   20  06:C01E  9D 00 01    STA $0100, x
   21  06:C021  9D 00 03    STA $0300, x
   22  06:C024  9D 00 04    STA $0400, x
   23  06:C027  9D 00 05    STA $0500, x
   24  06:C02A  9D 00 06    STA $0600, x
   25  06:C02D  9D 00 07    STA $0700, x
   26  06:C030  A9 FE       LDA #$FE
   27  06:C032  9D 00 02    STA $0200, x
   28  06:C035  E8          INX
   29  06:C036  D0 E1       BNE clrmem
   30                        
   31  06:C038  20 E0 D5    JSR ResetMapper
   32  06:C03B  A9 1E       LDA #$1E ; vertical mirroring, fixed $C000, 8 KB CHR pages
   33  06:C03D  20 E4 D5    JSR SetMapperControls
   34                       
   35  06:C040  20 21 D6    JSR ResetBanks
   36                       
   37  06:C043            vblankwait2:      ; Second wait for vblank, PPU is ready after this
   38  06:C043  2C 02 20    BIT $2002
   39  06:C046  10 FB       BPL vblankwait2
#[1]   Source/PictoPuzzler.asm
   35                     
   36  06:C048  20 8E E4    jsr sound_init
   37                         
   38                     
   39                     ;;Clean up save data
   40                       
   41                       ;;go through our save times, and check for invalid time
   42                       ;;check first byte for msb flag set- if so, check to make sure all values are less/equal to 9
   43                       ;;if not, re-flip the msb
   44                       
   45                       ;get start of puzzle save data into pointer address
   46                       MACROGetLabelPointer puzzle_clear_bank0, pointer_address
                          
       06:C04B  A9 70             LDA #HIGH(puzzle_clear_bank0)
       06:C04D  A2 0A             LDX #LOW(puzzle_clear_bank0)
                                  
       06:C04F  8E 14 00          STX pointer_address
       06:C052  8D 15 00          STA pointer_address+1
                                  
   47  06:C055  A0 00       LDY #$00
   48  06:C057  A2 00       LDX #$00      ;up to 81, the total amount of puzzles
   49  06:C059            CleanUpSRAM:
   50  06:C059  B1 14       LDA [pointer_address], y
   51  06:C05B  29 80       AND #$80
   52  06:C05D  10 16       BPL .goToNext ;skip times without clear flag set- they can be whatever
   53                     
   54  06:C05F  29 0F       AND #$0F
   55                       
   56  06:C061            .loopOverTime:
   57  06:C061  C9 0A       CMP #$0A
   58  06:C063  B0 0A       BCS .sanatizeData
   59  06:C065  C8          INY
   60  06:C066  C0 04       CPY #$04
   61  06:C068  F0 0B       BEQ .goToNext
   62  06:C06A  B1 14       LDA [pointer_address], y
   63  06:C06C  4C 61 C0    JMP .loopOverTime
   64                        
   65  06:C06F            .sanatizeData:
   66                     
   67  06:C06F  A0 00       LDY #$00
   68  06:C071  A9 00       LDA #$00
   69  06:C073  91 14       STA [pointer_address], y
   70                             
   71  06:C075            .goToNext:
   72  06:C075  AD 14 00    LDA pointer_address
   73  06:C078  18          CLC
   74  06:C079  69 04       ADC #$04
   75  06:C07B  8D 14 00    STA pointer_address
   76  06:C07E  AD 15 00    LDA pointer_address+1
   77  06:C081  69 00       ADC #$00
   78  06:C083  8D 15 00    STA pointer_address+1
   79                     
   80  06:C086  A0 00       LDY #$00
   81                     
   82  06:C088  E8          INX
   83  06:C089  E0 51       CPX #81
   84  06:C08B  D0 CC       BNE CleanUpSRAM
   85                       
   86  06:C08D            ValidateContinue:
   87                             ;if we have a continue, make sure it's valid-
   88                             ; make sure bank and puzzle values are valis
   89                             ; make sure game time is valid
   90                     
   91  06:C08D  AD 00 70    LDA hasContinue
   92  06:C090  C9 01       CMP #$01
   93  06:C092  90 28       BCC .finishValidation
   94  06:C094  F0 02       BEQ .continueValidation
   95  06:C096  B0 1F       BCS .sanitizeContinue
   96                     
   97  06:C098            .continueValidation:
   98                       
   99  06:C098  AD 07 70    LDA bank_index
  100  06:C09B  C9 03       CMP #$03
  101  06:C09D  B0 18       BCS .sanitizeContinue
  102  06:C09F  AD 08 70    LDA puzzle_index
  103  06:C0A2  C9 1B       CMP #27
  104  06:C0A4  B0 11       BCS .sanitizeContinue
  105  06:C0A6  A2 00       LDX #$00
  106                     
  107  06:C0A8            .loopTime:
  108  06:C0A8  BD 03 70    LDA GameTime, x
  109  06:C0AB  C9 0A       CMP #$0A
  110  06:C0AD  B0 08       BCS .sanitizeContinue
  111  06:C0AF  E8          INX
  112  06:C0B0  E0 04       CPX #$04
  113  06:C0B2  D0 F4       BNE .loopTime
  114  06:C0B4  4C BC C0    jmp .finishValidation
  115                       
  116  06:C0B7            .sanitizeContinue:
  117                     
  118  06:C0B7  A9 00       LDA #$00
  119  06:C0B9  8D 00 70    STA hasContinue
  120                     
  121  06:C0BC            .finishValidation:
  122                       
  123                     ;;Init title
  124                     
  125  06:C0BC  A9 00       lda #$00
  126  06:C0BE  8D E3 00    sta current_song
  127  06:C0C1  AD E3 00    lda current_song
  128  06:C0C4  20 C7 E4    jsr sound_load
  129                     
  130  06:C0C7  A9 00       LDA #TITLE_IDX
  131  06:C0C9  A2 00       LDX #$00
  132  06:C0CB  20 A4 D1    JSR ChangeGameMode
  133  06:C0CE  20 68 D5    JSR InitPPUControl
  134                       
  135                     
  136                     ;;;;;;;;;;;;;;;;;;;;;;;;;;;;;;
  137                     ;;     Main Program         ;;
  138                     ;;;;;;;;;;;;;;;;;;;;;;;;;;;;;;
  139                     
  140  06:C0D1            Forever:
  141                     
  142  06:C0D1  EE 0E 00    INC sleeping
  143                     
  144  06:C0D4            .loop
  145  06:C0D4  AD 0E 00    LDA sleeping
  146  06:C0D7  D0 FB       BNE .loop
  147                     
  148  06:C0D9  EE 0C 00    INC time  
  149  06:C0DC  AD D8 00    LDA pauseState
  150  06:C0DF  D0 03       BNE .skipScaleUpdate
  151  06:C0E1  EE 0D 00    INC scaledTime
  152  06:C0E4            .skipScaleUpdate:
  153  06:C0E4  20 EA C0    JSR GameLoop
  154                     
  155                     
  156  06:C0E7  4C D1 C0    JMP Forever     ;jump back to Forever, infinite loop
  157                       
  158                     ;; dynamic jump table
  159                     
  160  06:C0EA            GameLoop:
  161                     
  162                       MACROCallDynamicJump game_mode
                          
       06:C0EA  AD 10 00    LDA game_mode
       06:C0ED  20 C3 D2    JSR Dynamic_Jump
                                  
  163                       ;; we'll pop the return address here as the table index, so 
  164                       ;; the routine we pick will return us to whatever called Game Loop
  165                       ;; when it returns
  166                     
  167  06:C0F0            GameLoopJumpTable:
  168                     
  169  06:C0F0  F6 C0       .word UpdateTitle
  170  06:C0F2  66 C6       .word UpdateGame
  171  06:C0F4  56 CF       .word UpdateGameOver
  172                       
  173                     
  174                       ;;RTS is called in the subroutine
  175                     
  176                       
#[2]   Source/Routines/Modes/GameModes/UpdateTitle.asm
  177                       .include "Source/Routines/Modes/GameModes/UpdateTitle.asm"
    1  06:C0F6            UpdateTitle:
    2                     
    3  06:C0F6  20 FA C0    JSR DoUpdateTitle  
    4  06:C0F9  60          RTS
    5                       
    6  06:C0FA            DoUpdateTitle:
    7                     
    8  06:C0FA  AD 11 00    LDA mode_state
    9  06:C0FD  20 C3 D2    JSR Dynamic_Jump
   10                         
   11  06:C100            UpdateTitleJumpTable:
   12                     
   13  06:C100  0C C1       .word UpdateTitleInit
   14  06:C102  B1 C1       .word UpdateBankSelection
   15  06:C104  F8 C1       .word UpdateScroll
   16  06:C106  61 C2       .word UpdatePuzzleSelection
   17  06:C108  B8 C2       .word UpdateScrollBack
   18  06:C10A  D7 C2       .word UpdateTitleExit
   19                     
   20                       
   21                     ;;title should have two steps- the bank selection and the puzzle selection
   22                     ;;top half of screen can be used as the title screen, and the bottom half will have the selectable options
   23                     ;;
   24                     ;;starting options list: BANK 0, BANK 1, BANK 2
   25                     ;;select one, then scroll over to the right, with numbers for puzzles 
   26                     
   27  06:C10C            UpdateTitleInit:
   28                     
   29                       MACROClearFlags PPU_CTRL, #%10000000
                          
       06:C10C  A9 80       LDA ##%10000000
       06:C10E  49 FF       EOR #$FF
       06:C110  2D 00 20    AND PPU_CTRL  
       06:C113  8D 00 20    STA PPU_CTRL
                          
   30  06:C116  A9 00       LDA #$00
   31  06:C118  8D 01 20    STA PPU_MASK
   32                     
   33  06:C11B  AD 00 70    LDA hasContinue
   34  06:C11E  F0 27       BEQ .skipContinueText
   35                       MACROAddPPUStringEntryTable #$2B, #$4D, #DRAW_HORIZONTAL, ContinueText
                           
       06:C120  A9 01       LDA #$01
       06:C122  8D 2D 00    STA PPU_PendingWrite
       06:C125  A9 2B       LDA #$2B
       06:C127  20 83 D4    JSR WriteToPPUString
       06:C12A  A9 4D       LDA #$4D
       06:C12C  20 83 D4    JSR WriteToPPUString
       06:C12F  A9 20       LDA #$20
       06:C131  09 00       ORA #DRAW_HORIZONTAL
       06:C133  20 83 D4    JSR WriteToPPUString
       06:C136  A9 60       LDA #LOW(ContinueText)
       06:C138  20 83 D4    JSR WriteToPPUString
       06:C13B  A9 C6       LDA #HIGH(ContinueText)
       06:C13D  20 83 D4    JSR WriteToPPUString
                           
   36  06:C140  A9 2B       LDA #$2B
   37  06:C142  A2 52       LDX #$52
   38  06:C144  20 0F DA    JSR ApplyPuzzleLevelToPPUString
   39                       
   40  06:C147            .skipContinueText:
   41                       
   42  06:C147  A9 00       LDA #$00
   43  06:C149  8D D5 00    STA mouse_index
   44  06:C14C  A9 00       LDA #$00
   45  06:C14E  8D D6 00    STA mouse_index+1
   46                     
   47  06:C151            .changeModeState:
   48                     
   49  06:C151  EE 11 00    INC mode_state
   50                       
   51  06:C154  AD DE 00    LDA startOnBankTable
   52  06:C157  F0 44       BEQ .leave
   53                        
   54  06:C159  AD 07 70    LDA bank_index
   55                       
   56  06:C15C  20 E0 D5    JSR ResetMapper
   57  06:C15F  AD 07 70    LDA bank_index
   58  06:C162  20 EF D5    JSR LoadPRGBank
   59  06:C165  20 E0 D5    JSR ResetMapper
   60  06:C168  AD 07 70    LDA bank_index
   61  06:C16B  0A          ASL A
   62  06:C16C  20 FA D5    JSR LoadCHRBankA
   63                       
   64  06:C16F  EE 11 00    INC mode_state
   65  06:C172  EE 11 00    INC mode_state
   66  06:C175  AD 2B 00    LDA PPU_ScrollNT
   67  06:C178  09 01       ORA #%00000001
   68  06:C17A  8D 2B 00    STA PPU_ScrollNT
   69  06:C17D  20 15 C2    JSR ActivatePuzzlePointer
   70  06:C180  20 33 C2    JSR ConvertPuzzleToMouse
   71  06:C183  AD 08 70    LDA puzzle_index
   72  06:C186  8D B6 00    STA tempPuzz
   73  06:C189  AD 07 70    LDA bank_index
   74  06:C18C  8D B5 00    STA tempBank
   75  06:C18F  A9 00       LDA #$00
   76  06:C191  8D 00 00    STA temp1
   77  06:C194  8D 01 00    STA temp2
   78  06:C197  20 62 C4    JSR UpdatePuzzlePointerSprite
   79  06:C19A  20 C3 C4    JSR UpdatePuzzleInfo
   80                       
   81  06:C19D            .leave:
   82  06:C19D  20 C0 D3    JSR ProcessPPUString
   83                       MACROSetFlags PPU_Mask, #%00011000
                          
       06:C1A0  AD 28 00    LDA PPU_Mask
       06:C1A3  09 18       ORA ##%00011000
       06:C1A5  8D 28 00    STA PPU_Mask
                                  
   84                       MACROSetFlags PPU_CTRL, #%10000000
                          
       06:C1A8  AD 00 20    LDA PPU_CTRL
       06:C1AB  09 80       ORA ##%10000000
       06:C1AD  8D 00 20    STA PPU_CTRL
                                  
   85  06:C1B0  60          RTS
   86                       
   87  06:C1B1            UpdateBankSelection:
   88                     
   89  06:C1B1  20 D8 C3    JSR UpdateBankPointer
   90                       
   91  06:C1B4  AD 26 00    LDA gamepadPressed
   92  06:C1B7  29 01       AND #GAMEPAD_A
   93  06:C1B9  F0 3C       BEQ .leave
   94                       
   95  06:C1BB  20 21 C6    JSR PlayMenuCursorSound
   96                       
   97  06:C1BE            .changeModeState:
   98                       
   99  06:C1BE  AD D5 00    LDA mouse_index
  100  06:C1C1  C9 03       CMP #$03
  101  06:C1C3  D0 0F       BNE .setBank
  102                       
  103  06:C1C5  EE 11 00    INC mode_state
  104  06:C1C8  EE 11 00    INC mode_state
  105  06:C1CB  EE 11 00    INC mode_state
  106                       
  107                       ;;load bank
  108  06:C1CE  20 B6 C4    JSR LoadBank
  109  06:C1D1  4C F1 C1    JMP .goToNext
  110                       
  111  06:C1D4            .setBank:
  112  06:C1D4  8D B5 00    STA tempBank
  113  06:C1D7  A9 FF       LDA #$FF
  114  06:C1D9  A2 01       LDX #$01
  115  06:C1DB  20 BA C3    JSR SetSpriteImage
  116                       
  117  06:C1DE  20 E0 D5    JSR ResetMapper
  118  06:C1E1  AD B5 00    LDA tempBank
  119  06:C1E4  20 EF D5    JSR LoadPRGBank
  120  06:C1E7  20 E0 D5    JSR ResetMapper
  121  06:C1EA  AD B5 00    LDA tempBank
  122  06:C1ED  0A          ASL A
  123  06:C1EE  20 FA D5    JSR LoadCHRBankA
  124                     
  125  06:C1F1            .goToNext:
  126  06:C1F1  EE 11 00    INC mode_state
  127                     
  128  06:C1F4  4C F7 C1    JMP .leave
  129                     
  130                     
  131  06:C1F7            .leave:
  132  06:C1F7  60          RTS
  133                       
  134  06:C1F8            UpdateScroll:
  135  06:C1F8  EE 29 00    INC PPU_ScrollX
  136  06:C1FB  EE 29 00    INC PPU_ScrollX
  137  06:C1FE  EE 29 00    INC PPU_ScrollX
  138  06:C201  EE 29 00    INC PPU_ScrollX
  139  06:C204  D0 0E       BNE .leave
  140  06:C206  AD 2B 00    LDA PPU_ScrollNT
  141  06:C209  49 01       EOR #%00000001
  142  06:C20B  8D 2B 00    STA PPU_ScrollNT
  143                       
  144  06:C20E            .changeModeState:
  145                     
  146  06:C20E  20 15 C2    JSR ActivatePuzzlePointer
  147  06:C211  EE 11 00    INC mode_state
  148                     
  149  06:C214            .leave:
  150  06:C214  60          RTS
  151                     
  152  06:C215            ActivatePuzzlePointer:
  153                     
  154  06:C215  A9 01       LDA #$01
  155  06:C217  A2 01       LDX #$01
  156  06:C219  20 BA C3    JSR SetSpriteImage
  157  06:C21C  20 7C C3    JSR InitPuzzlePointer
  158  06:C21F  A9 FF       LDA #$FF
  159  06:C221  8D B6 00    STA tempPuzz
  160  06:C224  60          RTS
  161                     
  162  06:C225            ConvertMouseToPuzzle:
  163                       
  164  06:C225  AD D5 00    LDA mouse_index
  165  06:C228  0A          ASL A
  166  06:C229  0A          ASL A
  167  06:C22A  0A          ASL A
  168  06:C22B  18          CLC
  169  06:C22C  6D D5 00    ADC mouse_index
  170  06:C22F  6D D6 00    ADC mouse_index+1
  171  06:C232  60          RTS
  172                     
  173  06:C233            ConvertPuzzleToMouse:
  174                     
  175  06:C233  A9 00       LDA #$00
  176  06:C235  8D D5 00    STA mouse_index
  177  06:C238  8D D6 00    STA mouse_index+1
  178  06:C23B  8D 09 00    STA temp10
  179                     
  180  06:C23E  AD 08 70    LDA puzzle_index
  181  06:C241  8D 08 00    STA temp9
  182                       
  183  06:C244            .loop:
  184  06:C244  C9 09       CMP #9
  185  06:C246  90 0C       BCC .populateMouse
  186  06:C248  EE 09 00    INC temp10
  187  06:C24B  38          SEC 
  188  06:C24C  E9 09       SBC #9
  189  06:C24E  8D 08 00    STA temp9
  190  06:C251  4C 44 C2    JMP .loop
  191                     
  192  06:C254            .populateMouse:
  193                     
  194  06:C254  AD 08 00    LDA temp9
  195  06:C257  8D D6 00    STA mouse_index+1
  196  06:C25A  AD 09 00    LDA temp10
  197  06:C25D  8D D5 00    STA mouse_index
  198  06:C260  60          RTS
  199                     
  200  06:C261            UpdatePuzzleSelection:
  201                     
  202  06:C261  20 32 C4    JSR UpdatePuzzlePointer
  203  06:C264  20 25 C2    JSR ConvertMouseToPuzzle
  204  06:C267  CD B6 00    CMP tempPuzz
  205  06:C26A  F0 06       BEQ .checkButtonPresses       ;no change
  206  06:C26C  8D B6 00    STA tempPuzz
  207                       
  208  06:C26F  20 C3 C4    JSR UpdatePuzzleInfo
  209                       
  210  06:C272            .checkButtonPresses:
  211                     
  212  06:C272  AD 26 00    LDA gamepadPressed
  213  06:C275  29 02       AND #GAMEPAD_B
  214  06:C277  D0 10       BNE .changeToScrollBack
  215  06:C279  AD 26 00    LDA gamepadPressed
  216  06:C27C  29 09       AND #GAMEPAD_CONFIRM
  217  06:C27E  F0 37       BEQ .leave
  218                       
  219  06:C280  EE 11 00    INC mode_state
  220  06:C283  EE 11 00    INC mode_state
  221  06:C286  4C B7 C2    JMP .leave
  222                       
  223  06:C289            .changeToScrollBack:
  224                      
  225  06:C289  A9 FF       LDA #$FF
  226  06:C28B  A2 01       LDX #$01
  227  06:C28D  20 BA C3    JSR SetSpriteImage
  228  06:C290  20 3C C6    JSR SetPuzzleDisplaySprite
  229  06:C293  20 74 C3    JSR InitBankPointer
  230  06:C296  AD B5 00    LDA tempBank
  231  06:C299  8D D5 00    STA mouse_index
  232  06:C29C  20 22 C4    JSR SetBankPointerFromIndex
  233                       
  234  06:C29F  A9 00       LDA #$00
  235  06:C2A1  8D 2A 00    STA PPU_ScrollY
  236  06:C2A4  A9 FC       LDA #$FC
  237  06:C2A6  8D 29 00    STA PPU_ScrollX
  238  06:C2A9  AD 2B 00    LDA PPU_ScrollNT
  239  06:C2AC  29 FE       AND #$FE
  240  06:C2AE  8D 2B 00    STA PPU_ScrollNT
  241                       
  242  06:C2B1  EE 11 00    INC mode_state
  243                       
  244  06:C2B4  20 21 C6    JSR PlayMenuCursorSound
  245  06:C2B7            .leave:
  246  06:C2B7  60          RTS
  247                       
  248  06:C2B8            UpdateScrollBack:
  249                     
  250  06:C2B8  CE 29 00    DEC PPU_ScrollX
  251  06:C2BB  CE 29 00    DEC PPU_ScrollX
  252  06:C2BE  CE 29 00    DEC PPU_ScrollX
  253  06:C2C1  CE 29 00    DEC PPU_ScrollX
  254  06:C2C4  D0 10       BNE .leave
  255                       
  256  06:C2C6            .changeModeState:
  257                     
  258  06:C2C6  A9 01       LDA #$01
  259  06:C2C8  A2 01       LDX #$01
  260  06:C2CA  20 BA C3    JSR SetSpriteImage
  261  06:C2CD  CE 11 00    DEC mode_state
  262  06:C2D0  CE 11 00    DEC mode_state
  263  06:C2D3  CE 11 00    DEC mode_state
  264                       
  265  06:C2D6            .leave:
  266  06:C2D6  60          RTS
  267                       
  268  06:C2D7            UpdateTitleExit:
  269                       
  270  06:C2D7  A9 FF       LDA #$FF
  271  06:C2D9  20 3C C6    JSR SetPuzzleDisplaySprite
  272                       
  273  06:C2DC  A9 00       lda #$00
  274  06:C2DE  8D E3 00    sta current_song
  275  06:C2E1  AD E3 00    lda current_song
  276  06:C2E4  20 C7 E4    jsr sound_load
  277                       
  278                       ;;reset screen scroll
  279  06:C2E7  A9 00       LDA #$00
  280  06:C2E9  8D 29 00    STA PPU_ScrollX
  281  06:C2EC  8D 2B 00    STA PPU_ScrollNT
  282                       
  283  06:C2EF  A9 20       LDA #%00100000
  284  06:C2F1  8D 00 00    STA temp1
  285                       
  286  06:C2F4  AD 00 70    LDA hasContinue
  287  06:C2F7  F0 1D       BEQ .loadPuzzle
  288                       
  289  06:C2F9  AD D5 00    LDA mouse_index
  290  06:C2FC  C9 03       CMP #$03
  291  06:C2FE  F0 10       BEQ .setToLoad
  292                       
  293  06:C300            .checkPuzzleIndex:
  294  06:C300  AD 07 70    LDA bank_index
  295  06:C303  CD B5 00    CMP tempBank
  296  06:C306  D0 0E       BNE .loadPuzzle
  297  06:C308  AD 08 70    LDA puzzle_index
  298  06:C30B  CD B6 00    CMP tempPuzz
  299  06:C30E  D0 06       BNE .loadPuzzle
  300                       
  301  06:C310            .setToLoad:
  302  06:C310  0E 00 00    ASL temp1
  303  06:C313  4C 2A C3    JMP .setupPuzzle
  304                         
  305  06:C316            .loadPuzzle:
  306                       ;; we can also pick out the puzzle index
  307                       ;; we have the mouse indexes - one vert, one hori
  308                       ;; take vert, mult by 9- alternatively, mult by 8, add index 
  309                       ;; IE - ind = 1, mult 8 = 8, add 1 = 9
  310                       ;; add X index
  311  06:C316  AD B5 00    LDA tempBank
  312  06:C319  8D 07 70    STA bank_index
  313  06:C31C  20 B6 C4    JSR LoadBank
  314                       
  315  06:C31F  AD B6 00    LDA tempPuzz
  316  06:C322  8D 08 70    STA puzzle_index
  317  06:C325  A9 00       LDA #$00
  318  06:C327  8D 00 70    STA hasContinue
  319                     
  320                     
  321  06:C32A            .setupPuzzle:
  322                       MACROGetLabelPointer PUZZLE_TABLE, table_address
                          
       06:C32A  A9 A0             LDA #HIGH(PUZZLE_TABLE)
       06:C32C  A2 00             LDX #LOW(PUZZLE_TABLE)
                                  
       06:C32E  8E 18 00          STX table_address
       06:C331  8D 19 00          STA table_address+1
                                  
  323                       MACROGetDoubleIndex puzzle_index
                          
       06:C334  AD 08 70          LDA puzzle_index
       06:C337  0A                ASL A
       06:C338  A8                TAY
                                  
  324  06:C339  20 E9 D2    JSR GetTableAtIndex
  325                       MACROGetPointer table_address, puzzle_address
                          
       06:C33C  AD 18 00          LDA table_address
       06:C33F  8D B7 00          STA puzzle_address
       06:C342  AD 19 00          LDA table_address+1
       06:C345  8D B8 00          STA puzzle_address+1
                          
  326                       
  327                       MACROGetLabelPointer NAMES_TABLE, table_address
                          
       06:C348  A9 A0             LDA #HIGH(NAMES_TABLE)
       06:C34A  A2 36             LDX #LOW(NAMES_TABLE)
                                  
       06:C34C  8E 18 00          STX table_address
       06:C34F  8D 19 00          STA table_address+1
                                  
  328                       MACROGetDoubleIndex puzzle_index
                          
       06:C352  AD 08 70          LDA puzzle_index
       06:C355  0A                ASL A
       06:C356  A8                TAY
                                  
  329  06:C357  20 E9 D2    JSR GetTableAtIndex
  330                       MACROGetPointer table_address, title_address
                          
       06:C35A  AD 18 00          LDA table_address
       06:C35D  8D BB 00          STA title_address
       06:C360  AD 19 00          LDA table_address+1
       06:C363  8D BC 00          STA title_address+1
                          
  331                     
  332  06:C366  A0 00       LDY #$00
  333  06:C368  B1 B7       LDA [puzzle_address], y
  334  06:C36A  0D 00 00    ORA temp1
  335                       
  336  06:C36D  AA          TAX
  337                     
  338  06:C36E  A9 01       LDA #GAME_IDX
  339  06:C370  20 A4 D1    JSR ChangeGameMode
  340                       
  341  06:C373            .leave
  342  06:C373  60          RTS
  343                       
  344  06:C374            InitBankPointer:
  345                     
  346  06:C374  A2 A0       LDX #$A0
  347  06:C376  A9 60       LDA #$60
  348  06:C378  20 8F C3    JSR InitPointer
  349                       
  350  06:C37B  60          RTS  
  351                       
  352  06:C37C            InitPuzzlePointer:
  353                       
  354  06:C37C  A2 AE       LDX #$AE
  355  06:C37E  A9 10       LDA #$10
  356  06:C380  20 8F C3    JSR InitPointer
  357                       
  358  06:C383  60          RTS
  359                     
  360  06:C384            ResetMouseIndex:
  361                     
  362  06:C384  A9 00       LDA #$00
  363  06:C386  8D D5 00    STA mouse_index
  364  06:C389  A9 00       LDA #$00
  365  06:C38B  8D D6 00    STA mouse_index+1
  366  06:C38E  60          RTS
  367                     
  368  06:C38F            InitPointer:
  369                     
  370  06:C38F  20 96 C3    JSR SetPointerPosition
  371  06:C392  20 84 C3    JSR ResetMouseIndex
  372  06:C395  60          RTS  
  373                       
  374  06:C396            SetPointerPosition:
  375                     
  376  06:C396  48          PHA
  377  06:C397  8A          TXA
  378  06:C398  A2 01       LDX #$01
  379  06:C39A  20 A4 C3    JSR SetSpriteYPosition
  380  06:C39D  68          PLA
  381  06:C39E  A2 01       LDX #$01
  382  06:C3A0  20 AF C3    JSR SetSpriteXPosition
  383                      
  384  06:C3A3  60          RTS
  385                       
  386  06:C3A4            SetSpriteYPosition:
  387                       
  388  06:C3A4  48          PHA
  389  06:C3A5  A9 00       LDA #SPRITE_YPOS
  390  06:C3A7  20 C5 C3    JSR GetSpriteDataIndexInX
  391  06:C3AA  68          PLA
  392  06:C3AB  9D 00 02    STA SPRITE_DATA, x
  393  06:C3AE  60          RTS
  394                       
  395  06:C3AF            SetSpriteXPosition:  
  396                       
  397  06:C3AF  48          PHA
  398  06:C3B0  A9 03       LDA #SPRITE_XPOS
  399  06:C3B2  20 C5 C3    JSR GetSpriteDataIndexInX
  400  06:C3B5  68          PLA
  401  06:C3B6  9D 00 02    STA SPRITE_DATA, x 
  402  06:C3B9  60          RTS
  403                     
  404  06:C3BA            SetSpriteImage:
  405                     
  406                     ;; A has sprite image index we want
  407                     ;; X has the sprite index
  408  06:C3BA  48          PHA
  409  06:C3BB  A9 01       LDA #SPRITE_ID
  410  06:C3BD  20 C5 C3    JSR GetSpriteDataIndexInX
  411  06:C3C0  68          PLA
  412  06:C3C1  9D 00 02    STA SPRITE_DATA, x
  413  06:C3C4  60          RTS
  414                       
  415  06:C3C5            GetSpriteDataIndexInX:
  416                     
  417                       ;; A has data index we want to get
  418                       ;; X has sprite index
  419  06:C3C5  8D 02 00    STA temp3
  420  06:C3C8  8A          TXA
  421  06:C3C9  0A          ASL A
  422  06:C3CA  0A          ASL A
  423  06:C3CB  18          CLC
  424  06:C3CC  6D 02 00    ADC temp3
  425  06:C3CF  AA          TAX
  426                       
  427  06:C3D0  60          RTS  
  428  06:C3D1            GetSpriteData:
  429                     
  430                       ;;A is data we want
  431                       ;;X is Sprite
  432  06:C3D1  20 C5 C3    JSR GetSpriteDataIndexInX
  433  06:C3D4  BD 00 02    LDA SPRITE_DATA, x
  434  06:C3D7  60          RTS
  435                       
  436                       
  437           0000      DELTA_MOVE = temp1
  438           0001      OPTIONS_MAX_IDX = temp2
  439  06:C3D8            UpdateBankPointer:
  440                      
  441                       ;;bank pointer is 1D, will loop between 0->3
  442  06:C3D8  AD 26 00    LDA gamepadPressed
  443  06:C3DB  D0 01       BNE .continue
  444  06:C3DD            .leaveEarly:
  445  06:C3DD  60          RTS
  446                       
  447  06:C3DE            .continue:
  448  06:C3DE  A9 00       LDA #$00
  449  06:C3E0  8D 00 00    STA DELTA_MOVE
  450                       
  451  06:C3E3  A9 02       LDA #$02
  452  06:C3E5  8D 01 00    STA OPTIONS_MAX_IDX
  453                       
  454  06:C3E8  AD 00 70    LDA hasContinue
  455  06:C3EB  F0 05       BEQ .parseInputs
  456  06:C3ED  A9 03       LDA #$03
  457  06:C3EF  8D 01 00    STA OPTIONS_MAX_IDX
  458                       
  459  06:C3F2            .parseInputs:
  460  06:C3F2  AD 26 00    LDA gamepadPressed
  461  06:C3F5  29 30       AND #GAMEPAD_VERT
  462  06:C3F7  F0 E4       BEQ .leaveEarly
  463  06:C3F9  0A          ASL A
  464  06:C3FA  0A          ASL A
  465  06:C3FB            .checkDown:
  466  06:C3FB  0A          ASL A
  467  06:C3FC  90 03       BCC .checkUp
  468  06:C3FE  EE 00 00    INC DELTA_MOVE
  469  06:C401            .checkUp:
  470  06:C401  0A          ASL A
  471  06:C402  90 03       BCC .move
  472  06:C404  CE 00 00    DEC DELTA_MOVE
  473  06:C407            .move:
  474                       
  475  06:C407  AD D5 00    LDA mouse_index
  476  06:C40A  18          CLC
  477  06:C40B  6D 00 00    ADC DELTA_MOVE
  478  06:C40E  CD 01 00    CMP OPTIONS_MAX_IDX
  479  06:C411  F0 0C       BEQ .setIndex
  480  06:C413  90 0A       BCC .setIndex
  481  06:C415  30 05       BMI .setUnder
  482  06:C417  A9 00       LDA #$00
  483  06:C419  4C 1F C4    JMP .setIndex
  484  06:C41C            .setUnder:
  485  06:C41C  AD 01 00    LDA OPTIONS_MAX_IDX
  486  06:C41F            .setIndex:
  487  06:C41F  8D D5 00    STA mouse_index
  488                       ;; mult mouse_index by 16
  489  06:C422            SetBankPointerFromIndex:
  490                     
  491  06:C422  0A          ASL A
  492  06:C423  0A          ASL A
  493  06:C424  0A          ASL A
  494  06:C425  0A          ASL A
  495  06:C426  18          CLC
  496  06:C427  69 A0       ADC #$A0
  497  06:C429  A2 01       LDX #$01
  498  06:C42B  20 A4 C3    JSR SetSpriteYPosition
  499                       
  500  06:C42E  20 21 C6    JSR PlayMenuCursorSound
  501                     
  502  06:C431            .leave:
  503                       
  504  06:C431  60          RTS
  505                       
  506  06:C432            UpdatePuzzlePointer:
  507                     
  508                       ;;puzzle pointer is 2D, will loop between 0-9 and 0-2
  509  06:C432  AD 26 00    LDA gamepadPressed
  510  06:C435  F0 2A       BEQ .leave 
  511                       
  512  06:C437  A9 00       LDA #$00
  513  06:C439  8D 00 00    STA temp1
  514  06:C43C  8D 01 00    STA temp2
  515                       
  516  06:C43F            .parseInputs:
  517  06:C43F  AD 26 00    LDA gamepadPressed
  518  06:C442  29 F0       AND #GAMEPAD_MOVE
  519  06:C444  F0 1B       BEQ .leave
  520  06:C446  0A          ASL A
  521  06:C447  90 03       BCC .checkLeft
  522  06:C449  EE 00 00    INC temp1
  523  06:C44C            .checkLeft:
  524  06:C44C  0A          ASL A
  525  06:C44D  90 03       BCC .checkDown
  526  06:C44F  CE 00 00    DEC temp1
  527  06:C452            .checkDown:
  528  06:C452  0A          ASL A
  529  06:C453  90 03       BCC .checkUp
  530  06:C455  EE 01 00    INC temp2
  531  06:C458            .checkUp:
  532  06:C458  0A          ASL A
  533  06:C459  90 07       BCC .move
  534  06:C45B  CE 01 00    DEC temp2
  535                     
  536  06:C45E  4C 62 C4    JMP .move
  537                     
  538  06:C461            .leave:
  539  06:C461  60          RTS
  540                       
  541  06:C462            .move:
  542                     
  543  06:C462            UpdatePuzzlePointerSprite:
  544                     
  545  06:C462  AD D5 00    LDA mouse_index
  546  06:C465  18          CLC
  547  06:C466  6D 01 00    ADC temp2
  548  06:C469  C9 02       CMP #$02
  549  06:C46B  F0 0B       BEQ .skipYMod
  550  06:C46D  90 09       BCC .skipYMod
  551  06:C46F  30 05       BMI .setYUnder
  552  06:C471  A9 00       LDA #$00
  553  06:C473  4C 78 C4    JMP .skipYMod
  554  06:C476            .setYUnder:
  555  06:C476  A9 02       LDA #$02
  556  06:C478            .skipYMod:
  557  06:C478  8D D5 00    STA mouse_index
  558                       ;; mult mouse_index by 16
  559  06:C47B  0A          ASL A
  560  06:C47C  0A          ASL A
  561  06:C47D  0A          ASL A
  562  06:C47E  0A          ASL A
  563  06:C47F  18          CLC
  564  06:C480  69 AE       ADC #$AE
  565  06:C482  A2 01       LDX #$01
  566  06:C484  20 A4 C3    JSR SetSpriteYPosition
  567                       
  568  06:C487  AD D6 00    LDA mouse_index+1
  569  06:C48A  18          CLC
  570  06:C48B  6D 00 00    ADC temp1
  571  06:C48E  C9 08       CMP #$08
  572  06:C490  F0 0B       BEQ .skipXMod
  573  06:C492  90 09       BCC .skipXMod
  574  06:C494  30 05       BMI .setXUnder
  575  06:C496  A9 00       LDA #$00
  576  06:C498  4C 9D C4    JMP .skipXMod
  577  06:C49B            .setXUnder:
  578  06:C49B  A9 08       LDA #$08
  579  06:C49D            .skipXMod:
  580  06:C49D  8D D6 00    STA mouse_index+1
  581                       ;; we need to move 3 tiles each- so index * 3 * 8,
  582  06:C4A0  18          CLC
  583  06:C4A1  6D D6 00    ADC mouse_index+1
  584  06:C4A4  6D D6 00    ADC mouse_index+1
  585  06:C4A7  0A          ASL A
  586  06:C4A8  0A          ASL A
  587  06:C4A9  0A          ASL A
  588  06:C4AA  18          CLC
  589  06:C4AB  69 10       ADC #$10
  590  06:C4AD  A2 01       LDX #$01
  591  06:C4AF  20 AF C3    JSR SetSpriteXPosition
  592  06:C4B2  20 21 C6    JSR PlayMenuCursorSound
  593                       
  594  06:C4B5            .leave:
  595                       
  596  06:C4B5  60          RTS
  597                     
  598  06:C4B6            LoadBank:
  599                     
  600                       ;;load bank
  601  06:C4B6  20 E0 D5    JSR ResetMapper
  602  06:C4B9  AD 07 70    LDA bank_index
  603  06:C4BC  8D B3 00    STA currentPRGBank
  604  06:C4BF  20 EF D5    JSR LoadPRGBank
  605  06:C4C2  60          RTS
  606                       
  607  06:C4C3            UpdatePuzzleInfo:
  608                     
  609  06:C4C3            .drawCont:
  610                     
  611  06:C4C3  AD 00 70    LDA hasContinue
  612  06:C4C6  F0 33       BEQ .drawBlank
  613  06:C4C8  AD 07 70    LDA bank_index
  614  06:C4CB  CD B5 00    CMP tempBank
  615  06:C4CE  D0 2B       BNE .drawBlank
  616  06:C4D0  AD 08 70    LDA puzzle_index
  617  06:C4D3  CD B6 00    CMP tempPuzz
  618  06:C4D6  D0 23       BNE .drawBlank
  619                       
  620                       MACROAddPPUStringEntryTable #$26, #$97, #DRAW_HORIZONTAL, ContinueText
                           
       06:C4D8  A9 01       LDA #$01
       06:C4DA  8D 2D 00    STA PPU_PendingWrite
       06:C4DD  A9 26       LDA #$26
       06:C4DF  20 83 D4    JSR WriteToPPUString
       06:C4E2  A9 97       LDA #$97
       06:C4E4  20 83 D4    JSR WriteToPPUString
       06:C4E7  A9 20       LDA #$20
       06:C4E9  09 00       ORA #DRAW_HORIZONTAL
       06:C4EB  20 83 D4    JSR WriteToPPUString
       06:C4EE  A9 60       LDA #LOW(ContinueText)
       06:C4F0  20 83 D4    JSR WriteToPPUString
       06:C4F3  A9 C6       LDA #HIGH(ContinueText)
       06:C4F5  20 83 D4    JSR WriteToPPUString
                           
  621  06:C4F8  4C 18 C5    JMP .drawLabel
  622  06:C4FB            .drawBlank:
  623                     
  624                       MACROAddPPUStringEntryRepeat #$26, #$97, #DRAW_HORIZONTAL, #$05, #$24
                          
       06:C4FB  A9 01       LDA #$01
       06:C4FD  8D 2D 00    STA PPU_PendingWrite
       06:C500  A9 26       LDA #$26
       06:C502  20 83 D4    JSR WriteToPPUString
       06:C505  A9 97       LDA #$97
       06:C507  20 83 D4    JSR WriteToPPUString
       06:C50A  A9 40       LDA #$40
       06:C50C  09 00       ORA #DRAW_HORIZONTAL
       06:C50E  09 05       ORA #$05
       06:C510  20 83 D4    JSR WriteToPPUString
       06:C513  A9 24       LDA #$24
       06:C515  20 83 D4    JSR WriteToPPUString
                            
  625                      
  626  06:C518            .drawLabel:
  627                     
  628                       MACROGetLabelPointer PuzzleSaveLocations, table_address
                          
       06:C518  A9 CF             LDA #HIGH(PuzzleSaveLocations)
       06:C51A  A2 4D             LDX #LOW(PuzzleSaveLocations)
                                  
       06:C51C  8E 18 00          STX table_address
       06:C51F  8D 19 00          STA table_address+1
                                  
  629  06:C522  AD B5 00    LDA tempBank
  630  06:C525  0A          ASL A
  631  06:C526  A8          TAY
  632  06:C527  20 E9 D2    JSR GetTableAtIndex
  633                       
  634                       ;;load title/time
  635                       ;;time first, we haven't done titles
  636  06:C52A  A2 00       LDX #$00
  637  06:C52C  BD 59 E4    LDA SelectDefaultTime,x
  638  06:C52F  8D 01 00    STA temp2
  639  06:C532  E8          INX
  640  06:C533  BD 59 E4    LDA SelectDefaultTime,x
  641  06:C536  8D 00 00    STA temp1
  642                       
  643  06:C539  AD B6 00    LDA tempPuzz
  644  06:C53C  0A          ASL A
  645  06:C53D  0A          ASL A
  646  06:C53E  A8          TAY
  647  06:C53F  B1 18       LDA [table_address], y
  648  06:C541  10 43       BPL .loadDefaultTime
  649                       
  650                       ;;time exists!
  651  06:C543  29 0F       AND #$0F
  652  06:C545  8D 02 00    STA temp3
  653  06:C548  C8          INY
  654  06:C549  C8          INY
  655  06:C54A  C8          INY
  656                       MACROAddPPUStringEntryRawData temp1, temp2, #DRAW_HORIZONTAL, #$05
                          
       06:C54B  A9 01       LDA #$01
       06:C54D  8D 2D 00    STA PPU_PendingWrite
       06:C550  AD 00 00    LDA temp1
       06:C553  20 83 D4    JSR WriteToPPUString
       06:C556  AD 01 00    LDA temp2
       06:C559  20 83 D4    JSR WriteToPPUString
       06:C55C  A9 00       LDA #DRAW_HORIZONTAL
       06:C55E  20 83 D4    JSR WriteToPPUString
       06:C561  A9 05       LDA #$05 
       06:C563  20 83 D4    JSR WriteToPPUString
                            
  657  06:C566  B1 18       LDA [table_address], y
  658  06:C568  20 83 D4    JSR WriteToPPUString
  659  06:C56B  88          DEY
  660  06:C56C  B1 18       LDA [table_address], y
  661  06:C56E  20 83 D4    JSR WriteToPPUString
  662  06:C571  A9 61       LDA #$61
  663  06:C573  20 83 D4    JSR WriteToPPUString
  664  06:C576  88          DEY
  665  06:C577  B1 18       LDA [table_address], y
  666  06:C579  20 83 D4    JSR WriteToPPUString
  667  06:C57C  88          DEY
  668  06:C57D  AD 02 00    LDA temp3
  669  06:C580  20 83 D4    JSR WriteToPPUString  
  670  06:C583  4C CD C5    JMP .drawTitle
  671                     
  672  06:C586            .loadDefaultTime:
  673                       
  674                       MACROAddPPUStringEntryRepeat #$26, #$47, #DRAW_HORIZONTAL, #$10, #$63
                          
       06:C586  A9 01       LDA #$01
       06:C588  8D 2D 00    STA PPU_PendingWrite
       06:C58B  A9 26       LDA #$26
       06:C58D  20 83 D4    JSR WriteToPPUString
       06:C590  A9 47       LDA #$47
       06:C592  20 83 D4    JSR WriteToPPUString
       06:C595  A9 40       LDA #$40
       06:C597  09 00       ORA #DRAW_HORIZONTAL
       06:C599  09 10       ORA #$10
       06:C59B  20 83 D4    JSR WriteToPPUString
       06:C59E  A9 63       LDA #$63
       06:C5A0  20 83 D4    JSR WriteToPPUString
                            
  675                       MACROAddPPUStringEntryTable temp1, temp2, #DRAW_HORIZONTAL, DefaultTimeString
                           
       06:C5A3  A9 01       LDA #$01
       06:C5A5  8D 2D 00    STA PPU_PendingWrite
       06:C5A8  AD 00 00    LDA temp1
       06:C5AB  20 83 D4    JSR WriteToPPUString
       06:C5AE  AD 01 00    LDA temp2
       06:C5B1  20 83 D4    JSR WriteToPPUString
       06:C5B4  A9 20       LDA #$20
       06:C5B6  09 00       ORA #DRAW_HORIZONTAL
       06:C5B8  20 83 D4    JSR WriteToPPUString
       06:C5BB  A9 5B       LDA #LOW(DefaultTimeString)
       06:C5BD  20 83 D4    JSR WriteToPPUString
       06:C5C0  A9 E4       LDA #HIGH(DefaultTimeString)
       06:C5C2  20 83 D4    JSR WriteToPPUString
                           
  676                       ;;also set the display sprite to all FF
  677  06:C5C5  A9 FF       LDA #$FF
  678  06:C5C7  20 3C C6    JSR SetPuzzleDisplaySprite
  679  06:C5CA  4C 20 C6    JMP .leave
  680                     
  681  06:C5CD            .drawTitle:
  682                       MACROAddPPUStringEntryRepeat #$26, #$47, #DRAW_HORIZONTAL, #$10, #$24
                          
       06:C5CD  A9 01       LDA #$01
       06:C5CF  8D 2D 00    STA PPU_PendingWrite
       06:C5D2  A9 26       LDA #$26
       06:C5D4  20 83 D4    JSR WriteToPPUString
       06:C5D7  A9 47       LDA #$47
       06:C5D9  20 83 D4    JSR WriteToPPUString
       06:C5DC  A9 40       LDA #$40
       06:C5DE  09 00       ORA #DRAW_HORIZONTAL
       06:C5E0  09 10       ORA #$10
       06:C5E2  20 83 D4    JSR WriteToPPUString
       06:C5E5  A9 24       LDA #$24
       06:C5E7  20 83 D4    JSR WriteToPPUString
                            
  683                       
  684                       MACROGetLabelPointer NAMES_TABLE, table_address
                          
       06:C5EA  A9 A0             LDA #HIGH(NAMES_TABLE)
       06:C5EC  A2 36             LDX #LOW(NAMES_TABLE)
                                  
       06:C5EE  8E 18 00          STX table_address
       06:C5F1  8D 19 00          STA table_address+1
                                  
  685                       MACROGetDoubleIndex tempPuzz
                          
       06:C5F4  AD B6 00          LDA tempPuzz
       06:C5F7  0A                ASL A
       06:C5F8  A8                TAY
                                  
  686  06:C5F9  20 E9 D2    JSR GetTableAtIndex
  687                       MACROGetPointer table_address, title_address
                          
       06:C5FC  AD 18 00          LDA table_address
       06:C5FF  8D BB 00          STA title_address
       06:C602  AD 19 00          LDA table_address+1
       06:C605  8D BC 00          STA title_address+1
                          
  688                     
  689                       ;draw title at 264F
  690  06:C608  A9 4F       LDA #$4F 
  691  06:C60A  8D C5 00    STA title_draw_address
  692  06:C60D  A9 26       LDA #$26
  693  06:C60F  8D C6 00    STA title_draw_address+1
  694                       
  695  06:C612  20 91 D9    JSR DrawTitle
  696                     
  697  06:C615  AD B6 00    LDA tempPuzz
  698  06:C618  0A          ASL A
  699  06:C619  0A          ASL A
  700  06:C61A  18          CLC 
  701  06:C61B  69 10       ADC #$10
  702  06:C61D  20 3C C6    JSR SetPuzzleDisplaySprite
  703                       
  704  06:C620            .leave:
  705  06:C620  60          RTS
  706                     
  707  06:C621            PlayMenuCursorSound:
  708                         
  709  06:C621  A9 05       LDA #$05
  710  06:C623  8D E3 00    STA current_song
  711  06:C626  20 C7 E4    JSR sound_load
  712  06:C629  60          RTS 
  713                     
  714  06:C62A            PlayPuzzleCursorSound:
  715  06:C62A  A9 06       LDA #$06
  716  06:C62C  8D E3 00    STA current_song
  717  06:C62F  20 C7 E4    JSR sound_load
  718  06:C632  60          RTS 
  719                       
  720  06:C633            PlayNoiseBlipSound:
  721                      
  722  06:C633  A9 07       LDA #$07
  723  06:C635  8D E3 00    STA current_song
  724  06:C638  20 C7 E4    JSR sound_load
  725  06:C63B  60          RTS 
  726                       
  727  06:C63C            SetPuzzleDisplaySprite:
  728                     
  729                       ;;A has starting sprite index, will never go over FF
  730  06:C63C  A2 02       LDX #$02
  731  06:C63E  48          PHA
  732  06:C63F  A9 01       LDA #SPRITE_ID
  733  06:C641  20 C5 C3    JSR GetSpriteDataIndexInX
  734  06:C644  68          PLA
  735  06:C645  9D 00 02    STA SPRITE_DATA, x 
  736  06:C648  A0 01       LDY #$01
  737                             
  738  06:C64A            .loop:
  739  06:C64A  C0 04       CPY #$04
  740  06:C64C  F0 11       BEQ .leave
  741  06:C64E  C9 FF       CMP #$FF
  742  06:C650  F0 03       BEQ .skipSpriteInc
  743  06:C652  18          CLC
  744  06:C653  69 01       ADC #1
  745  06:C655            .skipSpriteInc:
  746                       ;;increment to the next sprite data, by adding 4 to x
  747  06:C655  E8          INX
  748  06:C656  E8          INX
  749  06:C657  E8          INX
  750  06:C658  E8          INX
  751  06:C659  9D 00 02    STA SPRITE_DATA, x
  752  06:C65C  C8          INY
  753  06:C65D  D0 EB       BNE .loop     ;;should never get to 0 again
  754                       
  755  06:C65F            .leave:
  756  06:C65F  60          RTS
  757                     
  758  06:C660            ContinueText:
  759                     
  760  06:C660  05 0C 18    .db $05, $0C, $18, $17, $1D, $24
       06:C663  17 1D 24  
  761                       
  762                     
  763                       
#[1]   Source/PictoPuzzler.asm
#[2]   Source/Routines/Modes/GameModes/UpdateGame.asm
  178                       .include "Source/Routines/Modes/GameModes/UpdateGame.asm"
    1                     ;;VERT_CLUES = $206E
    2                     ;;HORI_CLUES = $2145
    3                     
    4           214E      VERT_CLUES = $214E
    5           218C      HORI_CLUES = $218C
    6           20A8      BANK_LEVEL = $20A8
    7           20E5      TIMER_LOC = $20E5
    8                     
    9           618E      MOUSE_START = $618E
   10                     
   11           0010      HOLD_TIME = $10
   12           0004      HOLD_FREQ = $04
   13                     
   14  06:C666            UpdateGame:
   15                     
   16  06:C666  20 6A C6    JSR DoUpdateGame
   17  06:C669  60          RTS
   18                       
   19  06:C66A            DoUpdateGame:
   20                     
   21  06:C66A  AD 11 00    LDA mode_state
   22  06:C66D  20 C3 D2    JSR Dynamic_Jump
   23                       
   24  06:C670            UpdateGameJumpTable:
   25                     
   26  06:C670  84 C6       .word UpdateGameInit
   27  06:C672  0F C7       .word UpdateDrawVertClues
   28  06:C674  3C C7       .word UpdateDrawHoriClues
   29  06:C676  67 C7       .word UpdateGamePlay
   30  06:C678  58 C9       .word UpdateClearPuzzle
   31  06:C67A  6B C9       .word UpdateMoveScreen
   32  06:C67C  E4 C9       .word UpdateDrawImage
   33  06:C67E  46 CA       .word UpdateWaitInput
   34  06:C680  5C CA       .word UpdateGameFadeOut
   35  06:C682  82 CA       .word UpdateGameExit
   36                     
   37  06:C684            UpdateGameInit:
   38                     
   39                       ;;start bank song
   40                       
   41  06:C684  A9 01       lda #$01
   42  06:C686  8D E3 00    sta current_song
   43  06:C689  AD E3 00    lda current_song
   44  06:C68C  20 C7 E4    jsr sound_load
   45                       
   46                       ;; get the puzzle table in the puzzle address
   47  06:C68F  20 19 CF    JSR SetupPuzzleTable
   48                       MACROGetLabelPointer MOUSE_START, mouse_location
                          
       06:C692  A9 61             LDA #HIGH(MOUSE_START)
       06:C694  A2 8E             LDX #LOW(MOUSE_START)
                                  
       06:C696  8E D3 00          STX mouse_location
       06:C699  8D D4 00          STA mouse_location+1
                                  
   49                     
   50                       ;;for clues, we need to get past the header- for a 15x15 puzzle, that's 34 bytes ahead
   51  06:C69C  A0 00       LDY #$00
   52  06:C69E  B1 B7       LDA [puzzle_address], y
   53  06:C6A0  AA          TAX
   54  06:C6A1  BD 4A CF    LDA PuzzleHeaderSkips, x
   55  06:C6A4  8D 00 00    STA temp1
   56                       
   57  06:C6A7  AD B7 00    LDA puzzle_address
   58  06:C6AA  18          CLC
   59  06:C6AB  6D 00 00    ADC temp1
   60  06:C6AE  8D B9 00    STA clues_address
   61  06:C6B1  A9 00       LDA #$00
   62  06:C6B3  6D B8 00    ADC puzzle_address+1
   63  06:C6B6  8D BA 00    STA clues_address+1
   64                     
   65  06:C6B9  A9 00       LDA #$00
   66  06:C6BB  8D CB 00    STA clueTableIndex
   67  06:C6BE  8D CC 00    STA clueLineIndex
   68  06:C6C1  8D D2 00    STA clueParity
   69  06:C6C4  8D CD 00    STA clueOffsetShift
   70  06:C6C7  8D D5 00    STA mouse_index
   71  06:C6CA  8D D6 00    STA mouse_index+1
   72                       
   73  06:C6CD  A9 01       LDA #$01
   74  06:C6CF  8D D9 00    STA pauseInputLock 
   75                      
   76  06:C6D2  AD 00 70    LDA hasContinue
   77  06:C6D5  D0 14       BNE .skipSolutionReset
   78                       
   79  06:C6D7  A9 00       LDA #$00
   80  06:C6D9  8D 01 70    STA solutionCount
   81  06:C6DC  8D 02 70    STA nonSolutionCount
   82  06:C6DF  8D 03 70    STA GameTime
   83  06:C6E2  8D 04 70    STA GameTime+1
   84  06:C6E5  8D 05 70    STA GameTime+2
   85  06:C6E8  8D 06 70    STA GameTime+3
   86                       
   87  06:C6EB            .skipSolutionReset:     
   88                       
   89  06:C6EB  A9 20       LDA #$20
   90  06:C6ED  8D CE 00    STA clueDrawAdd
   91                      
   92                       MACROGetLabelPointer VERT_CLUES, clue_start_address
                          
       06:C6F0  A9 21             LDA #HIGH(VERT_CLUES)
       06:C6F2  A2 4E             LDX #LOW(VERT_CLUES)
                                  
       06:C6F4  8E C7 00          STX clue_start_address
       06:C6F7  8D C8 00          STA clue_start_address+1
                                  
   93  06:C6FA  20 E0 D6    JSR ResetClueDrawAddress
   94                     
   95  06:C6FD  A9 20       LDA #HIGH(BANK_LEVEL)
   96  06:C6FF  A2 A8       LDX #LOW(BANK_LEVEL)
   97  06:C701  20 0F DA    JSR ApplyPuzzleLevelToPPUString
   98                       
   99                       MACROSetFlags PPU_Mask, #%00011000
                          
       06:C704  AD 28 00    LDA PPU_Mask
       06:C707  09 18       ORA ##%00011000
       06:C709  8D 28 00    STA PPU_Mask
                                  
  100                       
  101  06:C70C  EE 11 00    INC mode_state
  102                     
  103  06:C70F            UpdateDrawVertClues:
  104                       
  105  06:C70F  AD 00 70    LDA hasContinue
  106  06:C712  D0 05       BNE .changeModeState
  107  06:C714  20 37 D6    JSR PopulateClues
  108                       
  109  06:C717  90 22       BCC .leave
  110                       
  111  06:C719            .changeModeState:
  112                     
  113  06:C719  A9 00       LDA #$00
  114  06:C71B  8D CC 00    STA clueLineIndex
  115  06:C71E  8D D2 00    STA clueParity
  116                       
  117  06:C721  A9 05       LDA #$05
  118  06:C723  8D CD 00    STA clueOffsetShift
  119                       
  120  06:C726  A9 01       LDA #$01
  121  06:C728  8D CE 00    STA clueDrawAdd
  122                        
  123                       MACROGetLabelPointer HORI_CLUES, clue_start_address
                          
       06:C72B  A9 21             LDA #HIGH(HORI_CLUES)
       06:C72D  A2 8C             LDX #LOW(HORI_CLUES)
                                  
       06:C72F  8E C7 00          STX clue_start_address
       06:C732  8D C8 00          STA clue_start_address+1
                                  
  124  06:C735  20 E0 D6    JSR ResetClueDrawAddress
  125                     
  126  06:C738  EE 11 00    INC mode_state
  127  06:C73B            .leave:
  128  06:C73B  60          RTS
  129                       
  130  06:C73C            UpdateDrawHoriClues:
  131                     
  132  06:C73C  AD 00 70    LDA hasContinue
  133  06:C73F  D0 0B       BNE .changeModeState
  134  06:C741  20 37 D6    JSR PopulateClues
  135  06:C744  AD CB 00    LDA clueTableIndex
  136  06:C747  8D 09 70    STA image_table_offset
  137  06:C74A  90 1A       BCC .leave
  138                     
  139  06:C74C            .changeModeState:
  140  06:C74C  20 31 D5    JSR TurnOnSprites
  141                       
  142                       ;;set the timer to 00
  143  06:C74F  A9 20       LDA #HIGH(TIMER_LOC)
  144  06:C751  A2 E5       LDX #LOW(TIMER_LOC)
  145  06:C753  20 D0 D9    JSR ApplyGameTimeToPPUString
  146                       
  147                       ;;reset time
  148  06:C756  A9 00       LDA #$00
  149  06:C758  8D 0C 00    STA time
  150  06:C75B  8D 0D 00    STA scaledTime
  151                       
  152                       ;;clear has continue
  153  06:C75E  A9 00       LDA #$00
  154  06:C760  8D 00 70    STA hasContinue 
  155                       
  156                       
  157  06:C763  EE 11 00    INC mode_state
  158  06:C766            .leave:
  159  06:C766  60          RTS
  160                       
  161  06:C767            UpdateGamePlay:
  162                         
  163  06:C767  AD D8 00    LDA pauseState
  164  06:C76A  F0 04       BEQ .checkPause
  165  06:C76C  20 67 CC    JSR UpdatePause
  166  06:C76F  60          RTS
  167                       
  168  06:C770            .checkPause:
  169                       
  170  06:C770  AD 26 00    LDA gamepadPressed
  171  06:C773  29 08       AND #GAMEPAD_START
  172  06:C775  F0 33       BEQ .updatePlay
  173  06:C777  A9 01       LDA #$01
  174  06:C779  8D D8 00    STA pauseState
  175  06:C77C  A9 00       LDA #$00
  176  06:C77E  8D CC 00    STA clueLineIndex 
  177  06:C781  8D CD 00    STA clueOffsetShift   
  178                     
  179  06:C784  A9 FF       LDA #$FF
  180  06:C786  A2 00       LDX #$00
  181  06:C788  20 BA C3    JSR SetSpriteImage
  182                     
  183                       ;;we need the pause screen table loaded
  184                       MACROGetLabelPointer Pause_Window, pause_address
                          
       06:C78B  A9 E3             LDA #HIGH(Pause_Window)
       06:C78D  A2 5D             LDX #LOW(Pause_Window)
                                  
       06:C78F  8E BD 00          STX pause_address
       06:C792  8D BE 00          STA pause_address+1
                                  
  185                       MACROGetLabelPointer $210A, pause_draw_address
                          
       06:C795  A9 21             LDA #HIGH($210A)
       06:C797  A2 0A             LDX #LOW($210A)
                                  
       06:C799  8E C1 00          STX pause_draw_address
       06:C79C  8D C2 00          STA pause_draw_address+1
                                  
  186  06:C79F  A9 06       LDA #$06 
  187  06:C7A1  8D C3 00    STA pause_draw_height
  188  06:C7A4  A9 0D       LDA #13
  189  06:C7A6  8D C4 00    STA pause_draw_width
  190                       
  191                       
  192  06:C7A9  60          RTS
  193                     
  194  06:C7AA            .updatePlay:
  195                     
  196  06:C7AA  20 17 CC    JSR UpdateTimeDisplay
  197                             
  198  06:C7AD  A9 00       LDA #$00
  199  06:C7AF  8D 00 00    STA temp1
  200  06:C7B2  8D 01 00    STA temp2
  201  06:C7B5  8D 02 00    STA temp3
  202                       
  203  06:C7B8            .checkPressed:  
  204                     
  205  06:C7B8  AD 26 00    LDA gamepadPressed
  206  06:C7BB  29 F0       AND #GAMEPAD_MOVE
  207  06:C7BD  F0 0B       BEQ .checkHeld
  208                       
  209  06:C7BF  A9 10       LDA #HOLD_TIME
  210  06:C7C1  8D DA 00    STA holdTimer 
  211  06:C7C4  AD 26 00    LDA gamepadPressed
  212  06:C7C7  4C DE C7    JMP .parseInputs
  213                       
  214  06:C7CA            .checkHeld:
  215                       
  216  06:C7CA  AD 24 00    LDA gamepad
  217  06:C7CD  29 F0       AND #GAMEPAD_MOVE
  218  06:C7CF  F0 2F       BEQ .checkPaintPress
  219                       
  220                       ;;decrement the hold timer
  221  06:C7D1  CE DA 00    DEC holdTimer
  222  06:C7D4  D0 2A       BNE .checkPaintPress
  223  06:C7D6  A9 04       LDA #HOLD_FREQ
  224  06:C7D8  8D DA 00    STA holdTimer
  225  06:C7DB  AD 24 00    LDA gamepad
  226                     
  227  06:C7DE            .parseInputs:
  228                     
  229  06:C7DE  29 F0       AND #GAMEPAD_MOVE
  230  06:C7E0  F0 1E       BEQ .checkPaintPress
  231  06:C7E2  0A          ASL A
  232  06:C7E3  90 03       BCC .checkLeft
  233  06:C7E5  EE 00 00    INC temp1
  234  06:C7E8            .checkLeft:
  235  06:C7E8  0A          ASL A
  236  06:C7E9  90 03       BCC .checkDown
  237  06:C7EB  CE 00 00    DEC temp1
  238  06:C7EE            .checkDown:
  239  06:C7EE  0A          ASL A
  240  06:C7EF  90 03       BCC .checkUp
  241  06:C7F1  EE 01 00    INC temp2
  242  06:C7F4            .checkUp:
  243  06:C7F4  0A          ASL A
  244  06:C7F5  90 03       BCC .move
  245  06:C7F7  CE 01 00    DEC temp2
  246                       
  247  06:C7FA            .move:
  248                      
  249  06:C7FA  20 A9 CA    JSR MoveMouse
  250  06:C7FD  20 A3 CB    JSR UpdateMouseScreenPos
  251                       
  252  06:C800            .checkPaintPress:
  253                     
  254  06:C800  AD 26 00    LDA gamepadPressed
  255  06:C803  29 03       AND #GAMEPAD_AB
  256  06:C805  F0 41       BEQ .updatePaint
  257                       ;;A or B pressed, get current tile
  258                       
  259  06:C807  8D 00 00    STA temp1
  260                       
  261  06:C80A  A0 00       LDY #$00
  262  06:C80C  B1 D3       LDA [mouse_location], y
  263  06:C80E  8D 01 00    STA temp2
  264                       
  265                         ;;A treats X and Clear as clear
  266                             ;;B treats mark and clear as clear
  267                             ;;clear->mark->x
  268                             
  269                     
  270  06:C811  C9 7C       CMP #$7C      ;check if this is a marked tile
  271  06:C813  B0 0F       BCS .getClearTile
  272                       ;;cleared tile- store off marked tile to paint with instead
  273                       ;;not a clear tile- a mark or an x - check A or B  
  274  06:C815  4E 00 00    LSR temp1
  275  06:C818  B0 05       BCS .getMarkTile
  276                       
  277  06:C81A            .getXTile:
  278  06:C81A  A9 80       LDA #$80
  279  06:C81C  4C 42 C8    JMP .finishGetTile
  280                       
  281  06:C81F            .getMarkTile:
  282  06:C81F  A9 70       LDA #$70
  283  06:C821  4C 42 C8    JMP .finishGetTile
  284                     
  285  06:C824            .getClearTile:
  286                       
  287  06:C824  4E 00 00    LSR temp1
  288  06:C827  90 0A       BCC .checkB
  289  06:C829  AD 01 00    LDA temp2
  290  06:C82C  C9 8C       CMP #$8C                      ;; check if in X tiles - will be if >=
  291  06:C82E  90 0D       BCC .clearTile
  292  06:C830  4C 1F C8    JMP .getMarkTile
  293                       
  294  06:C833            .checkB:
  295                       
  296  06:C833  AD 01 00   LDA temp2
  297  06:C836  C9 8C      CMP #$8C
  298  06:C838  B0 03      BCS .clearTile
  299  06:C83A  4C 1A C8   JMP .getXTile
  300                       
  301  06:C83D            .clearTile:
  302  06:C83D  A9 60       LDA #$60
  303  06:C83F  4C 42 C8    JMP .finishGetTile
  304                       
  305  06:C842            .finishGetTile:
  306  06:C842  8D D7 00    STA currentPaintTile
  307  06:C845  4C 5A C8    JMP .setTile
  308                     
  309                     ;;we'll keep a copy of the puzzle tiles in memory, since we can't easily access tiles in the PPU
  310                     ;;might be best to just keep an entire copy of the nametable instead of trying to index it and deal with 16 bit math
  311                     ;;we can load the nametable into memory as we draw it
  312                     
  313  06:C848            .updatePaint:
  314                     
  315  06:C848  AD 24 00    LDA gamepad
  316  06:C84B  29 03       AND #GAMEPAD_AB
  317  06:C84D  D0 06       BNE .checkInputLock
  318                       
  319  06:C84F  A9 00       LDA #$00
  320  06:C851  8D D9 00    STA pauseInputLock
  321                       
  322  06:C854            .leaveEarly:
  323  06:C854  60          RTS  
  324                     
  325  06:C855            .checkInputLock:
  326                     
  327                       ;;check if the input lock is on
  328  06:C855  2D D9 00    AND pauseInputLock
  329  06:C858  D0 FA       BNE .leaveEarly
  330                       
  331  06:C85A            .setTile:
  332                       
  333  06:C85A  AD D5 00    LDA mouse_index
  334  06:C85D  0D D6 00    ORA mouse_index+1
  335  06:C860  29 10       AND #$10
  336  06:C862  F0 22       BEQ .getPuzzleTile
  337                       
  338  06:C864  AD 26 00    LDA gamepadPressed ; only draw on click
  339  06:C867  29 03       AND #GAMEPAD_AB
  340  06:C869  F0 E9       BEQ .leaveEarly
  341                       
  342  06:C86B  A0 00       LDY #$00
  343  06:C86D  B1 D3       LDA [mouse_location], y
  344  06:C86F  C9 40       CMP #$40
  345  06:C871  90 E1       BCC .leaveEarly
  346  06:C873  C9 5F       CMP #$5F
  347  06:C875  F0 02       BEQ .toggleClue
  348  06:C877  B0 DB       BCS .leaveEarly
  349                     
  350  06:C879            .toggleClue:
  351  06:C879  8D 02 00    STA temp3
  352  06:C87C  29 F0       AND #$F0
  353  06:C87E  49 10       EOR #$10
  354  06:C880  8D D7 00    STA currentPaintTile
  355  06:C883  4C 90 C8    JMP .overwriteTile
  356                       
  357  06:C886            .getPuzzleTile:
  358  06:C886  AD D7 00    LDA currentPaintTile
  359  06:C889  C9 60       CMP #$60
  360  06:C88B  90 C7       BCC .leaveEarly
  361  06:C88D  20 9E CE    JSR CheckAgainstSolution
  362                       
  363  06:C890            .overwriteTile:
  364                       ;;overwrite tile
  365                        
  366  06:C890  AD 02 00    LDA temp3                                     ;tile taken from current mouse location
  367  06:C893  29 F0       AND #$F0
  368  06:C895  CD D7 00    CMP currentPaintTile
  369  06:C898  F0 03       BEQ .skipSound
  370  06:C89A  20 21 C6    JSR PlayMenuCursorSound
  371  06:C89D            .skipSound:                                     
  372  06:C89D  AD 02 00    LDA temp3
  373  06:C8A0  29 0F       AND #$0F
  374  06:C8A2  0D D7 00    ORA currentPaintTile
  375  06:C8A5  A0 00       LDY #$00
  376  06:C8A7  91 D3       STA [mouse_location], y
  377  06:C8A9  8D 00 00    STA temp1
  378                       
  379  06:C8AC  AD D4 00    LDA mouse_location+1
  380  06:C8AF  29 3F       AND #$3F
  381  06:C8B1  8D 01 00    STA temp2
  382                         
  383                       MACROAddPPUStringEntryRawData temp2, mouse_location, #DRAW_HORIZONTAL, #$01
                          
       06:C8B4  A9 01       LDA #$01
       06:C8B6  8D 2D 00    STA PPU_PendingWrite
       06:C8B9  AD 01 00    LDA temp2
       06:C8BC  20 83 D4    JSR WriteToPPUString
       06:C8BF  AD D3 00    LDA mouse_location
       06:C8C2  20 83 D4    JSR WriteToPPUString
       06:C8C5  A9 00       LDA #DRAW_HORIZONTAL
       06:C8C7  20 83 D4    JSR WriteToPPUString
       06:C8CA  A9 01       LDA #$01 
       06:C8CC  20 83 D4    JSR WriteToPPUString
                            
  384  06:C8CF  AD 00 00    LDA temp1
  385  06:C8D2  20 83 D4    JSR WriteToPPUString
  386                       
  387                       ;;also copy to save copy
  388  06:C8D5  AD D3 00    LDA mouse_location
  389  06:C8D8  8D BF 00    STA copy_address
  390  06:C8DB  AD D4 00    LDA mouse_location+1
  391  06:C8DE  29 0F       AND #$0F
  392  06:C8E0  09 60       ORA #$60
  393  06:C8E2  18          CLC
  394  06:C8E3  69 08       ADC #$08
  395  06:C8E5  8D C0 00    STA copy_address+1
  396                       
  397  06:C8E8  AD 00 00    LDA temp1
  398  06:C8EB  A0 00       LDY #$00
  399  06:C8ED  91 BF       STA [copy_address],y
  400                       
  401  06:C8EF            .checkSolution: 
  402                     
  403  06:C8EF  A0 01       LDY #$01
  404  06:C8F1  B1 B7       LDA [puzzle_address], y
  405  06:C8F3  CD 01 70    CMP solutionCount
  406  06:C8F6  D0 5F       BNE .leave
  407  06:C8F8  AD 02 70    LDA nonSolutionCount
  408  06:C8FB  F0 03       BEQ .changeModeState
  409                       
  410  06:C8FD  4C 57 C9    JMP .leave
  411                       
  412                       ;;update the painting
  413  06:C900            .changeModeState:
  414                      
  415  06:C900  20 3A D5    JSR TurnOffSprites
  416                        
  417  06:C903  A9 00       LDA #$00
  418  06:C905  8D C9 00    STA clue_draw_address
  419  06:C908  8D CC 00    STA clueLineIndex
  420  06:C90B  A9 20       LDA #$20
  421  06:C90D  8D CA 00    STA clue_draw_address+1
  422                       
  423  06:C910  EE 11 00    INC mode_state
  424                       
  425  06:C913  A9 00       lda #$00
  426  06:C915  8D E3 00    sta current_song
  427  06:C918  AD E3 00    lda current_song
  428  06:C91B  20 C7 E4    jsr sound_load
  429                       
  430                       ;;the puzzle is solved, store the time and solved bit in memory
  431                       ;;if the puzzle was solved before, only update the time
  432                       
  433                       MACROGetLabelPointer PuzzleSaveLocations, table_address
                          
       06:C91E  A9 CF             LDA #HIGH(PuzzleSaveLocations)
       06:C920  A2 4D             LDX #LOW(PuzzleSaveLocations)
                                  
       06:C922  8E 18 00          STX table_address
       06:C925  8D 19 00          STA table_address+1
                                  
  434  06:C928  AD 07 70    LDA bank_index
  435  06:C92B  0A          ASL A
  436  06:C92C  A8          TAY
  437  06:C92D  20 E9 D2    JSR GetTableAtIndex
  438                       
  439  06:C930  20 50 CE    JSR CheckNewBestTime
  440                       
  441  06:C933  AD DD 00    LDA recordSet
  442  06:C936  F0 1F       BEQ .leave
  443                       
  444  06:C938  AD 08 70    LDA puzzle_index
  445  06:C93B  0A          ASL A
  446  06:C93C  0A          ASL A
  447  06:C93D  A8          TAY
  448  06:C93E  AD 03 70    LDA GameTime
  449  06:C941  09 80       ORA #$80
  450  06:C943  91 18       STA [table_address], y
  451  06:C945  C8          INY
  452  06:C946  AD 04 70    LDA GameTime+1
  453  06:C949  91 18       STA [table_address], y
  454  06:C94B  C8          INY
  455  06:C94C  AD 05 70    LDA GameTime+2
  456  06:C94F  91 18       STA [table_address], y
  457  06:C951  C8          INY
  458  06:C952  AD 06 70    LDA GameTime+3
  459  06:C955  91 18       STA [table_address],y
  460                     
  461                      
  462                       
  463  06:C957            .leave:
  464                     
  465  06:C957  60          RTS
  466                       
  467  06:C958            UpdateClearPuzzle:
  468                     
  469  06:C958  20 54 D7    JSR ClearPuzzle
  470  06:C95B  AD CC 00    LDA clueLineIndex
  471  06:C95E  C9 1E       CMP #30
  472  06:C960  D0 08       BNE .leave
  473                       
  474  06:C962            .changeModeState:
  475                     
  476  06:C962  A9 00       LDA #$00
  477  06:C964  8D CC 00    STA clueLineIndex ;using this as a scroller
  478  06:C967  EE 11 00    INC mode_state
  479                     
  480  06:C96A            .leave:
  481                      
  482  06:C96A  60          RTS
  483  06:C96B            UpdateMoveScreen:
  484                       
  485                       ;for 15x15, move 5 tiles left and 5 tiles up- let's do 1 at a time
  486                       ;we'll take the lower nibble of the clue line index as our scroll counter, and the higher nibble as the x/y flag
  487                       
  488  06:C96B  A0 00       LDY #$00
  489  06:C96D  B1 B7       LDA [puzzle_address], y
  490  06:C96F  AA          TAX
  491  06:C970  BD 44 CF    LDA PuzzleScrollHori, x
  492  06:C973  8D 00 00    STA temp1
  493  06:C976  BD 47 CF    LDA PuzzleScrollVert, x
  494  06:C979  8D 01 00    STA temp2
  495                       
  496  06:C97C  AD CC 00    LDA clueLineIndex
  497  06:C97F  29 10       AND #$10
  498  06:C981  D0 1E       BNE .scrollY
  499                       
  500                       ;;scroll X over
  501  06:C983  AD CC 00    LDA clueLineIndex
  502  06:C986  29 0F       AND #$0F
  503  06:C988  0A          ASL A
  504  06:C989  0A          ASL A
  505  06:C98A  0A          ASL A ;mult by 8
  506  06:C98B  8D 29 00    STA PPU_ScrollX
  507                       
  508  06:C98E  EE CC 00    INC clueLineIndex
  509  06:C991  AD CC 00    LDA clueLineIndex
  510  06:C994  CD 00 00    CMP temp1
  511  06:C997  D0 4A       BNE .leave
  512  06:C999  A9 10       LDA #$10
  513  06:C99B  8D CC 00    STA clueLineIndex
  514  06:C99E  4C E3 C9    JMP .leave
  515                       
  516  06:C9A1            .scrollY:
  517                     
  518  06:C9A1  AD CC 00    LDA clueLineIndex
  519  06:C9A4  29 0F       AND #$0F
  520  06:C9A6  0A          ASL A
  521  06:C9A7  0A          ASL A
  522  06:C9A8  0A          ASL A ;mult by 8
  523  06:C9A9  8D 2A 00    STA PPU_ScrollY
  524                     
  525  06:C9AC  EE CC 00    INC clueLineIndex
  526  06:C9AF  AD CC 00    LDA clueLineIndex
  527  06:C9B2  29 0F       AND #$0F
  528  06:C9B4  CD 01 00    CMP temp2
  529  06:C9B7  D0 2A       BNE .leave
  530                       
  531  06:C9B9            .changeModeState:
  532                     
  533  06:C9B9  A9 8E       LDA #$8E
  534  06:C9BB  8D C9 00    STA clue_draw_address
  535  06:C9BE  A9 21       LDA #$21
  536  06:C9C0  8D CA 00    STA clue_draw_address+1
  537                       
  538  06:C9C3  AD B9 00    LDA clues_address
  539  06:C9C6  18          CLC
  540  06:C9C7  6D 09 70    ADC image_table_offset
  541  06:C9CA  8D B9 00    STA clues_address
  542  06:C9CD  AD BA 00    LDA clues_address+1
  543  06:C9D0  69 00       ADC #$00
  544  06:C9D2  8D BA 00    STA clues_address+1
  545                       
  546  06:C9D5  A9 00       LDA #$00
  547  06:C9D7  8D CB 00    STA clueTableIndex
  548  06:C9DA  8D CC 00    STA clueLineIndex
  549  06:C9DD  8D CD 00    STA clueOffsetShift
  550                     
  551  06:C9E0  EE 11 00    INC mode_state
  552                     
  553  06:C9E3            .leave:
  554                      
  555  06:C9E3  60          RTS
  556  06:C9E4            UpdateDrawImage:
  557                     
  558                       ;run it twice for a faster draw
  559  06:C9E4  AD 0C 00    LDA time
  560  06:C9E7  29 01       AND #$01
  561  06:C9E9  D0 0B       BNE .leaveEarly
  562  06:C9EB  20 3A D8    JSR DrawImage
  563  06:C9EE  AD CB 00    LDA clueTableIndex
  564  06:C9F1  CD 0B 00    CMP tempy
  565                     
  566  06:C9F4  F0 01       BEQ .changeModeState
  567  06:C9F6            .leaveEarly:
  568  06:C9F6  60          RTS
  569                       
  570  06:C9F7            .changeModeState:
  571                     
  572                       ;;do a palette draw
  573                       ;;puzzle address + 03 has the desired palette offset
  574                     
  575                       MACROAddPPUStringEntryRawData #$3F, #$01, #DRAW_HORIZONTAL, #03
                          
       06:C9F7  A9 01       LDA #$01
       06:C9F9  8D 2D 00    STA PPU_PendingWrite
       06:C9FC  A9 3F       LDA #$3F
       06:C9FE  20 83 D4    JSR WriteToPPUString
       06:CA01  A9 01       LDA #$01
       06:CA03  20 83 D4    JSR WriteToPPUString
       06:CA06  A9 00       LDA #DRAW_HORIZONTAL
       06:CA08  20 83 D4    JSR WriteToPPUString
       06:CA0B  A9 03       LDA #03 
       06:CA0D  20 83 D4    JSR WriteToPPUString
                            
  576  06:CA10  A0 03       LDY #$03
  577  06:CA12  B1 B7       LDA [puzzle_address],y
  578  06:CA14  99 FE 6B    STA Palette_Copy-2, y
  579  06:CA17  20 83 D4    JSR WriteToPPUString
  580  06:CA1A  C8          INY
  581  06:CA1B  B1 B7       LDA [puzzle_address],y
  582  06:CA1D  99 FE 6B    STA Palette_Copy-2, y
  583  06:CA20  20 83 D4    JSR WriteToPPUString
  584  06:CA23  C8          INY
  585  06:CA24  B1 B7       LDA [puzzle_address],y
  586  06:CA26  99 FE 6B    STA Palette_Copy-2, y
  587  06:CA29  20 83 D4    JSR WriteToPPUString
  588                       
  589  06:CA2C  A0 00       LDY #$00
  590  06:CA2E  B1 B7       LDA [puzzle_address], y
  591  06:CA30  0A          ASL A
  592  06:CA31  AA          TAX
  593  06:CA32  BD 6B DA    LDA ImageTitleLowerHalfPos, x
  594  06:CA35  8D C5 00    STA title_draw_address
  595  06:CA38  E8          INX
  596  06:CA39  BD 6B DA    LDA ImageTitleLowerHalfPos, x
  597  06:CA3C  8D C6 00    STA title_draw_address+1
  598                       
  599  06:CA3F  20 91 D9    JSR DrawTitle
  600                       
  601  06:CA42  EE 11 00    INC mode_state
  602                     
  603  06:CA45            .leave:
  604                      
  605  06:CA45  60          RTS
  606                       
  607  06:CA46            UpdateWaitInput:
  608                     
  609  06:CA46  AD 26 00    LDA gamepadPressed
  610  06:CA49  F0 10       BEQ .leave
  611                       
  612  06:CA4B            .changeModeState:
  613  06:CA4B  A9 00       LDA #$00
  614  06:CA4D  8D 0C 00    STA time
  615  06:CA50  8D 0D 00    STA scaledTime
  616  06:CA53  A9 02       LDA #GAMEOVER_IDX
  617  06:CA55  8D DB 00    STA targetGameMode
  618  06:CA58  EE 11 00    INC mode_state
  619                     
  620  06:CA5B            .leave:
  621                      
  622  06:CA5B  60          RTS
  623                       
  624  06:CA5C            UpdateGameFadeOut:
  625                     
  626  06:CA5C  AD 0C 00    LDA time
  627  06:CA5F  29 07       AND #$07
  628  06:CA61  D0 1E       BNE .leave
  629                       ;;every 8 frames, decrement the palettes
  630  06:CA63  20 76 D5    JSR FadeOutPalettes
  631  06:CA66  B0 19       BCS .leave
  632                     
  633  06:CA68            .changeModeState:
  634  06:CA68  A9 00       LDA #$00
  635  06:CA6A  8D 0C 00    STA time
  636  06:CA6D  EE 11 00    INC mode_state
  637                       
  638                       ;;don't need to turn all the sprites off, just need to
  639                       ;;clear them out   
  640  06:CA70  A9 FF       LDA #$FF
  641  06:CA72  A2 00       LDX #$00
  642  06:CA74  20 BA C3    JSR SetSpriteImage
  643                       
  644  06:CA77  A9 FF       LDA #$FF
  645  06:CA79  A2 01       LDX #$01
  646  06:CA7B  20 BA C3    JSR SetSpriteImage
  647                       
  648  06:CA7E  20 31 D5    JSR TurnOnSprites     ;turn sprite rendering back on
  649                       
  650  06:CA81            .leave:
  651  06:CA81  60          RTS  
  652                     
  653  06:CA82            UpdateGameExit:
  654                     
  655  06:CA82  AD 0C 00    LDA time
  656  06:CA85  29 0F       AND #$0F
  657  06:CA87  D0 1F       BNE .leave
  658                     
  659  06:CA89  A9 00       LDA #$00
  660  06:CA8B  8D 29 00    STA PPU_ScrollX
  661  06:CA8E  8D 2A 00    STA PPU_ScrollY
  662  06:CA91  8D 2B 00    STA PPU_ScrollNT
  663                       
  664  06:CA94  AD DB 00    LDA targetGameMode
  665  06:CA97  C9 01       CMP #GAME_IDX
  666  06:CA99  D0 0A       BNE .changeMode
  667  06:CA9B  A0 00       LDY #$00
  668  06:CA9D  B1 B7       LDA [puzzle_address], y
  669  06:CA9F  09 28       ORA #%00101000
  670  06:CAA1  AA          TAX
  671                      
  672  06:CAA2  AD DB 00    LDA targetGameMode
  673                       
  674  06:CAA5            .changeMode:
  675  06:CAA5  20 A4 D1    JSR ChangeGameMode
  676  06:CAA8            .leave:
  677  06:CAA8  60          RTS
  678                       
  679  06:CAA9            MoveMouse:
  680                     
  681  06:CAA9  20 2A C6    JSR PlayPuzzleCursorSound
  682                     
  683  06:CAAC  AD 00 00    LDA temp1                             ;horizontal move 
  684  06:CAAF  0E 00 00    ASL temp1
  685  06:CAB2  0E 00 00    ASL temp1
  686  06:CAB5  0E 00 00    ASL temp1
  687                       
  688  06:CAB8  AD 01 00    LDA temp2                             ;vertical move
  689  06:CABB  0E 01 00    ASL temp2 
  690  06:CABE  0E 01 00    ASL temp2
  691  06:CAC1  0E 01 00    ASL temp2
  692                       
  693                       
  694  06:CAC4  A0 00       LDY #$00
  695  06:CAC6  B1 B7       LDA [puzzle_address], y ;puzzle size 0 = 5, 1 = 10, 2 = 15  
  696  06:CAC8  0A          ASL A
  697  06:CAC9  AA          TAX
  698                     
  699  06:CACA  AD D6 00    LDA mouse_index+1             ;horizontal index
  700  06:CACD  29 10       AND #$10                              ;check clue flag
  701  06:CACF  8D 0B 00    STA tempy                             ;store clue flag
  702  06:CAD2  AD D5 00    LDA mouse_index               ;horizontal index
  703  06:CAD5  29 10       AND #$10                              ;check clue flag
  704  06:CAD7  8D 0A 00    STA tempx                             ;store clue flag
  705                       
  706  06:CADA  F0 0D       BEQ .puzzleHoriMin
  707  06:CADC  A9 22       LDA #HORI_CLUE_MIN
  708  06:CADE  8D 02 00    STA temp3 
  709  06:CAE1  A9 6A       LDA #HORI_CLUE_MAX
  710  06:CAE3  8D 03 00    STA temp4
  711  06:CAE6  4C F5 CA    JMP .checkHoriBorder
  712                       
  713  06:CAE9            .puzzleHoriMin:
  714  06:CAE9  BD 38 CF    LDA MouseMinimums, x
  715  06:CAEC  8D 02 00    STA temp3 
  716  06:CAEF  BD 3E CF    LDA MouseMaximums, x
  717  06:CAF2  8D 03 00    STA temp4
  718                       
  719  06:CAF5            .checkHoriBorder:
  720  06:CAF5  8A          TXA
  721  06:CAF6  48          PHA
  722                       
  723  06:CAF7  A9 00       LDA #$00
  724  06:CAF9  8D 06 00    STA temp7
  725                       
  726  06:CAFC  A2 03       LDX #SPRITE_XPOS
  727  06:CAFE  BD 00 02    LDA SPRITE_DATA, x
  728  06:CB01  18          CLC
  729  06:CB02  6D 00 00    ADC temp1
  730                       ;;check against borders
  731  06:CB05  CD 02 00    CMP temp3
  732  06:CB08  D0 18       BNE .checkHoriMax
  733                       ;;equal - check if mouse index is in clue area
  734  06:CB0A  8D 05 00    STA temp6
  735  06:CB0D  AD 0A 00    LDA tempx
  736  06:CB10  0D 0B 00    ORA tempy
  737  06:CB13  D0 27       BNE .moveVert
  738  06:CB15  EE 06 00    INC temp7
  739  06:CB18  AD 05 00    LDA temp6
  740  06:CB1B  18          CLC
  741  06:CB1C  6D 00 00    ADC temp1
  742  06:CB1F  4C 39 CB    JMP .moveSpriteHori
  743                       
  744  06:CB22            .checkHoriMax:
  745  06:CB22  CD 03 00    CMP temp4
  746  06:CB25  D0 12       BNE .moveSpriteHori
  747                       
  748  06:CB27  8D 05 00    STA temp6
  749  06:CB2A  AD 0A 00    LDA tempx
  750  06:CB2D  F0 0D       BEQ .moveVert
  751  06:CB2F  EE 06 00    INC temp7
  752  06:CB32  AD 05 00    LDA temp6
  753  06:CB35  18          CLC
  754  06:CB36  6D 00 00    ADC temp1
  755                       
  756  06:CB39            .moveSpriteHori:
  757  06:CB39  9D 00 02    STA SPRITE_DATA, x
  758                     
  759  06:CB3C            .moveVert:
  760                     
  761  06:CB3C  68          PLA
  762  06:CB3D  AA          TAX
  763  06:CB3E  E8          INX
  764                       
  765  06:CB3F  AD 0B 00    LDA tempy
  766  06:CB42  F0 0D       BEQ .puzzleVertMin
  767  06:CB44  A9 12       LDA #VERT_CLUE_MIN
  768  06:CB46  8D 02 00    STA temp3 
  769  06:CB49  A9 5A       LDA #VERT_CLUE_MAX
  770  06:CB4B  8D 03 00    STA temp4
  771  06:CB4E  4C 5D CB    JMP .checkVertBorder
  772                       
  773  06:CB51            .puzzleVertMin:
  774  06:CB51  BD 38 CF    LDA MouseMinimums, x
  775  06:CB54  8D 02 00    STA temp3
  776  06:CB57  BD 3E CF    LDA MouseMaximums, x
  777  06:CB5A  8D 03 00    STA temp4
  778                     
  779                     
  780  06:CB5D            .checkVertBorder:
  781                     
  782  06:CB5D  A9 00       LDA #$00
  783  06:CB5F  8D 07 00    STA temp8
  784                     
  785  06:CB62  A2 00       LDX #SPRITE_YPOS
  786  06:CB64  BD 00 02    LDA SPRITE_DATA, x
  787  06:CB67  18          CLC
  788  06:CB68  6D 01 00    ADC temp2
  789                       ;;check against borders
  790  06:CB6B  CD 02 00    CMP temp3
  791  06:CB6E  D0 18       BNE .checkVertMax
  792                       ;;equal - check if mouse index is in clue area
  793  06:CB70  8D 05 00    STA temp6
  794  06:CB73  AD 0B 00    LDA tempy
  795  06:CB76  0D 0A 00    ORA tempx
  796  06:CB79  D0 27       BNE .leave
  797  06:CB7B  EE 07 00    INC temp8
  798  06:CB7E  AD 05 00    LDA temp6
  799  06:CB81  18          CLC
  800  06:CB82  6D 01 00    ADC temp2
  801  06:CB85  4C 9F CB    JMP .moveSpriteVert
  802                       
  803  06:CB88            .checkVertMax:
  804  06:CB88  CD 03 00    CMP temp4
  805  06:CB8B  D0 12       BNE .moveSpriteVert
  806  06:CB8D  8D 05 00    STA temp6
  807  06:CB90  AD 0B 00    LDA tempy
  808  06:CB93  F0 0D       BEQ .leave
  809  06:CB95  EE 07 00    INC temp8
  810  06:CB98  AD 05 00    LDA temp6
  811  06:CB9B  18          CLC
  812  06:CB9C  6D 01 00    ADC temp2
  813                       
  814  06:CB9F            .moveSpriteVert:
  815  06:CB9F  9D 00 02    STA SPRITE_DATA, x
  816                     
  817  06:CBA2            .leave:
  818  06:CBA2  60          RTS
  819                             
  820  06:CBA3            UpdateMouseScreenPos:
  821                     
  822  06:CBA3  AD 06 00    LDA temp7
  823  06:CBA6  F0 08       BEQ .skipHoriFlip
  824                       
  825  06:CBA8  AD 0A 00    LDA tempx
  826  06:CBAB  49 10       EOR #$10
  827  06:CBAD  8D 0A 00    STA tempx
  828                       
  829  06:CBB0            .skipHoriFlip:
  830                     
  831  06:CBB0  AD 07 00    LDA temp8
  832  06:CBB3  F0 08       BEQ .skipVertFlip
  833                     
  834  06:CBB5  AD 0B 00    LDA tempy
  835  06:CBB8  49 10       EOR #$10
  836  06:CBBA  8D 0B 00    STA tempy
  837                     
  838  06:CBBD            .skipVertFlip:
  839                     
  840                     
  841  06:CBBD  A2 00       LDX #$00
  842  06:CBBF  BD 00 02    LDA SPRITE_DATA, x;ypos       ;yyyy y...
  843  06:CBC2  4A          LSR A                                         ;0yyy yy..
  844  06:CBC3  4A          LSR A                                         ;00yy yyy.
  845  06:CBC4  4A          LSR A                                         ;000y yyyy
  846  06:CBC5  8D 00 00    STA temp1
  847  06:CBC8  8D D6 00    STA mouse_index+1                     ;vertical
  848  06:CBCB  E8          INX
  849  06:CBCC  E8          INX
  850  06:CBCD  E8          INX   
  851  06:CBCE  BD 00 02    LDA SPRITE_DATA, x ;xpos  ;  xxxx x...
  852  06:CBD1  29 F8       AND #$F8                       ;              ;  xxxx x000
  853  06:CBD3  8D 01 00    STA temp2                      ;      ;  
  854  06:CBD6  4E 00 00    LSR temp1                      ;              ;  0000 yyyy y
  855  06:CBD9  6E 01 00    ROR temp2                      ;      ;  yxxx xx00
  856  06:CBDC  4E 00 00    LSR temp1                      ;              ;  0000 0yyy y
  857  06:CBDF  6E 01 00    ROR temp2                      ;              ;  yyxx xxx0
  858  06:CBE2  4E 00 00    LSR temp1              ;              ;  0000 00yy y
  859  06:CBE5  6E 01 00    ROR temp2                      ;              ;  yyyx xxxx
  860  06:CBE8  AD 01 00    LDA temp2
  861  06:CBEB  29 1F       AND #$1F
  862  06:CBED  8D D5 00    STA mouse_index                       ;horizontal
  863                       
  864  06:CBF0  AD D5 00    LDA mouse_index
  865  06:CBF3  38          SEC 
  866  06:CBF4  E9 0E       SBC #$0E
  867  06:CBF6  0D 0A 00    ORA tempx
  868  06:CBF9  8D D5 00    STA mouse_index
  869                       
  870  06:CBFC  AD D6 00    LDA mouse_index+1
  871  06:CBFF  38          SEC 
  872  06:CC00  E9 0C       SBC #$0C
  873  06:CC02  0D 0B 00    ORA tempy
  874  06:CC05  8D D6 00    STA mouse_index+1
  875                       
  876                       ;subtract starting offsets for mouse index
  877                       
  878  06:CC08  AD 00 00    LDA temp1                      ;              ;  0000 00yy
  879  06:CC0B  09 60       ORA #$60                       ;              ;  0110 00yy
  880                       
  881  06:CC0D  8D D4 00    STA mouse_location+1
  882  06:CC10  AD 01 00    LDA temp2
  883  06:CC13  8D D3 00    STA mouse_location
  884                       
  885  06:CC16            .leave:
  886  06:CC16  60          RTS
  887                       
  888  06:CC17            UpdateTimeDisplay:
  889                     
  890  06:CC17  AD 0D 00    LDA scaledTime
  891  06:CC1A  C9 3C       CMP #60
  892  06:CC1C  D0 48       BNE .leave
  893                       
  894  06:CC1E  A9 00       LDA #$00
  895  06:CC20  8D 0D 00    STA scaledTime
  896                       
  897  06:CC23  EE 03 70    INC GameTime
  898  06:CC26  AD 03 70    LDA GameTime
  899  06:CC29  C9 0A       CMP #10
  900  06:CC2B  D0 32       BNE .printTime
  901                       
  902  06:CC2D  A9 00       LDA #$00
  903  06:CC2F  8D 03 70    STA GameTime
  904  06:CC32  EE 04 70    INC GameTime+1
  905  06:CC35  AD 04 70    LDA GameTime+1
  906  06:CC38  C9 06       CMP #6
  907  06:CC3A  D0 23       BNE .printTime
  908                       
  909  06:CC3C  A9 00       LDA #$00
  910  06:CC3E  8D 04 70    STA GameTime+1
  911  06:CC41  EE 05 70    INC GameTime+2
  912  06:CC44  AD 05 70    LDA GameTime+2
  913  06:CC47  C9 0A       CMP #10
  914  06:CC49  D0 14       BNE .printTime
  915                       
  916  06:CC4B  A9 00       LDA #$00
  917  06:CC4D  8D 05 70    STA GameTime+2
  918  06:CC50  EE 06 70    INC GameTime+3
  919  06:CC53  AD 06 70    LDA GameTime+3
  920  06:CC56  C9 0A       CMP #10
  921  06:CC58  D0 05       BNE .printTime
  922                       
  923  06:CC5A  A9 00       LDA #$00
  924  06:CC5C  8D 06 70    STA GameTime+3
  925                         
  926                       
  927  06:CC5F            .printTime:
  928                     
  929  06:CC5F  A9 20       LDA #HIGH(TIMER_LOC)
  930  06:CC61  A2 E5       LDX #LOW(TIMER_LOC)
  931                     
  932  06:CC63  20 D0 D9    JSR ApplyGameTimeToPPUString
  933                       
  934                       
  935  06:CC66            .leave: 
  936  06:CC66  60          RTS  
  937                       
  938           0004      PAUSE_CURSOR_POS = temp5  
  939           0008      PAUSE_CURSOR_DELTA = temp9
  940                     
  941  06:CC67            UpdatePause:
  942                     
  943                     ;;load screen
  944                     ;;update selection
  945                     ;; close - remove screen, then upause
  946                     ;; quit - jump to fade out
  947  06:CC67  AD D8 00    LDA pauseState
  948  06:CC6A  20 C3 D2    JSR Dynamic_Jump
  949                     
  950  06:CC6D            UpdatePauseJumpTable:  
  951                     
  952  06:CC6D  4F CE       .word ExitPause                       ;fail safe
  953  06:CC6F  7B CC       .word UpdateLoadPauseScreen
  954  06:CC71  B0 CC       .word UpdateLoadMenu
  955  06:CC73  DB CC       .word UpdateMenu
  956  06:CC75  25 CD       .word UpdateLoadQuit
  957  06:CC77  48 CD       .word UpdateQuit
  958  06:CC79  32 CE       .word UpdateUnloadPauseScreen
  959                       
  960  06:CC7B            UpdateLoadPauseScreen:
  961                       
  962  06:CC7B  20 9B D7    JSR LoadPauseScreen
  963  06:CC7E  AD CD 00    LDA clueOffsetShift
  964  06:CC81  CD C3 00    CMP pause_draw_height
  965  06:CC84  D0 29       BNE .leave
  966                       
  967  06:CC86            .changePauseState:
  968                     
  969                       ;;we need the pause screen table loaded
  970                       MACROGetLabelPointer Pause_Menu, pause_address
                          
       06:CC86  A9 E3             LDA #HIGH(Pause_Menu)
       06:CC88  A2 AB             LDX #LOW(Pause_Menu)
                                  
       06:CC8A  8E BD 00          STX pause_address
       06:CC8D  8D BE 00          STA pause_address+1
                                  
  971                       MACROGetLabelPointer $212B, pause_draw_address
                          
       06:CC90  A9 21             LDA #HIGH($212B)
       06:CC92  A2 2B             LDX #LOW($212B)
                                  
       06:CC94  8E C1 00          STX pause_draw_address
       06:CC97  8D C2 00          STA pause_draw_address+1
                                  
  972  06:CC9A  A9 04       LDA #$04
  973  06:CC9C  8D C3 00    STA pause_draw_height
  974  06:CC9F  A9 0B       LDA #11
  975  06:CCA1  8D C4 00    STA pause_draw_width
  976                         
  977  06:CCA4  A9 00       LDA #$00
  978  06:CCA6  8D CC 00    STA clueLineIndex
  979  06:CCA9  8D CD 00    STA clueOffsetShift
  980                       
  981  06:CCAC  EE D8 00    INC pauseState
  982  06:CCAF            .leave:
  983  06:CCAF  60          RTS
  984                       
  985  06:CCB0            UpdateLoadMenu:
  986                       
  987  06:CCB0  20 9B D7    JSR LoadPauseScreen
  988  06:CCB3  AD CD 00    LDA clueOffsetShift
  989  06:CCB6  CD C3 00    CMP pause_draw_height
  990  06:CCB9  D0 20       BNE .leave
  991                       
  992  06:CCBB            .changePauseState:
  993                     
  994  06:CCBB  A9 60       LDA #PAUSE_MENUX
  995  06:CCBD  A2 01       LDX #$01
  996  06:CCBF  20 AF C3    JSR SetSpriteXPosition  
  997  06:CCC2  A9 4F       LDA #PAUSE_RESUME
  998  06:CCC4  A2 01       LDX #$01
  999  06:CCC6  20 A4 C3    JSR SetSpriteYPosition
 1000  06:CCC9  A9 01       LDA #$01
 1001  06:CCCB  A2 01       LDX #$01
 1002  06:CCCD  20 BA C3    JSR SetSpriteImage
 1003                       
 1004  06:CCD0  A9 00       LDA #$00
 1005  06:CCD2  8D 04 00    STA PAUSE_CURSOR_POS
 1006  06:CCD5  8D 08 00    STA PAUSE_CURSOR_DELTA
 1007                       
 1008  06:CCD8  EE D8 00    INC pauseState
 1009                               
 1010  06:CCDB            .leave:
 1011  06:CCDB            RTS
 1012                     
 1013  06:CCDB            UpdateMenu:
 1014  06:CCDB  AD 26 00    LDA gamepadPressed
 1015  06:CCDE  C9 08       CMP #GAMEPAD_START
 1016  06:CCE0  F0 3D       BEQ .unPause
 1017  06:CCE2  C9 02       CMP #GAMEPAD_B
 1018  06:CCE4  F0 39       BEQ .unPause
 1019  06:CCE6  C9 01       CMP #GAMEPAD_A
 1020  06:CCE8  F0 38       BEQ .checkA
 1021                     
 1022  06:CCEA  AD 26 00    LDA gamepadPressed
 1023  06:CCED  29 30       AND #GAMEPAD_VERT
 1024  06:CCEF  F0 2D       BEQ .leave
 1025                       ;; need to handle up, down, and looping... unfortch.
 1026  06:CCF1  C9 10       CMP #GAMEPAD_UP
 1027  06:CCF3  F0 05       BEQ .upPressed
 1028  06:CCF5  A9 01       LDA #$01
 1029  06:CCF7  4C FC CC    JMP .moveCursor
 1030                       ;;down pressed
 1031  06:CCFA            .upPressed:
 1032  06:CCFA  A9 FF       LDA #$FF
 1033                       
 1034  06:CCFC            .moveCursor:
 1035                       
 1036                       ;; add cursor delta to cursor position
 1037  06:CCFC  18          CLC
 1038  06:CCFD  6D 04 00    ADC PAUSE_CURSOR_POS
 1039  06:CD00  C9 03       CMP #3
 1040  06:CD02  D0 05       BNE .checkUnder
 1041  06:CD04  A9 00       LDA #$00
 1042                       
 1043  06:CD06  4C 0F CD    JMP .updateCursor
 1044  06:CD09            .checkUnder:
 1045  06:CD09  C9 FF       CMP #$FF
 1046  06:CD0B  D0 02       BNE .updateCursor
 1047  06:CD0D  A9 02       LDA #2
 1048  06:CD0F            .updateCursor:
 1049  06:CD0F  8D 04 00    STA PAUSE_CURSOR_POS
 1050                       ;; we have the index, move to x
 1051  06:CD12  AA          TAX
 1052  06:CD13  BD 53 CF    LDA PauseMenuPosition, x
 1053  06:CD16  A2 01       LDX #$01
 1054  06:CD18  20 A4 C3    JSR SetSpriteYPosition  
 1055                       
 1056  06:CD1B  20 21 C6    JSR PlayMenuCursorSound
 1057                      
 1058  06:CD1E            .leave:
 1059  06:CD1E  60          RTS
 1060                       
 1061  06:CD1F            .unPause:
 1062  06:CD1F  4C 7C CD    JMP UnPause
 1063                       
 1064  06:CD22            .checkA:
 1065  06:CD22  4C AF CD    JMP CheckA
 1066                       
 1067  06:CD25            UpdateLoadQuit:
 1068                       
 1069  06:CD25  20 9B D7    JSR LoadPauseScreen
 1070  06:CD28  AD CD 00    LDA clueOffsetShift
 1071  06:CD2B  C9 04       CMP #$04
 1072  06:CD2D  D0 18       BNE .leave
 1073                       
 1074  06:CD2F            .changePauseState:
 1075                     
 1076  06:CD2F  A9 60       LDA #PAUSE_YES
 1077  06:CD31  A2 01       LDX #$01
 1078  06:CD33  20 AF C3    JSR SetSpriteXPosition  
 1079  06:CD36  A9 5F       LDA #PAUSE_RESET
 1080  06:CD38  A2 01       LDX #$01
 1081  06:CD3A  20 A4 C3    JSR SetSpriteYPosition
 1082  06:CD3D  A9 01       LDA #$01
 1083  06:CD3F  A2 01       LDX #$01
 1084  06:CD41  20 BA C3    JSR SetSpriteImage
 1085                       
 1086  06:CD44  EE D8 00    INC pauseState
 1087  06:CD47            .leave:
 1088  06:CD47  60          RTS
 1089                         
 1090  06:CD48            UpdateQuit:
 1091                       
 1092  06:CD48  AD 26 00    LDA gamepadPressed
 1093  06:CD4B  C9 08       CMP #GAMEPAD_START
 1094  06:CD4D  F0 2D       BEQ .unPause
 1095  06:CD4F  C9 02       CMP #GAMEPAD_B
 1096  06:CD51  F0 29       BEQ .unPause
 1097  06:CD53  C9 01       CMP #GAMEPAD_A
 1098  06:CD55  F0 22       BEQ .checkA
 1099                       
 1100                       ;;update pointer
 1101                       
 1102  06:CD57  AD 26 00    LDA gamepadPressed
 1103  06:CD5A  29 C0       AND #GAMEPAD_HORI
 1104                       ;;binary system- left and right don't really matter, we'll just toggle the position
 1105  06:CD5C  F0 1A       BEQ .leave
 1106                       
 1107  06:CD5E  20 21 C6    JSR PlayMenuCursorSound
 1108                       
 1109  06:CD61  A9 03       LDA #SPRITE_XPOS
 1110  06:CD63  A2 01       LDX #$01
 1111  06:CD65  20 D1 C3    JSR GetSpriteData
 1112                       
 1113  06:CD68  C9 60       CMP #PAUSE_YES
 1114  06:CD6A  F0 05       BEQ .loadNo
 1115                       
 1116  06:CD6C  A9 60       LDA #PAUSE_YES
 1117  06:CD6E  4C 73 CD    JMP .setPosition
 1118                       
 1119  06:CD71            .loadNo:
 1120  06:CD71  A9 88       LDA #PAUSE_NO
 1121                     
 1122  06:CD73            .setPosition:
 1123                       
 1124  06:CD73  A2 01       LDX #$01
 1125  06:CD75  20 AF C3    JSR SetSpriteXPosition  
 1126                     
 1127  06:CD78            .leave:
 1128  06:CD78  60          RTS
 1129                     
 1130  06:CD79            .checkA:
 1131  06:CD79  4C AF CD    JMP CheckA
 1132                       
 1133  06:CD7C            .unPause:
 1134                       
 1135  06:CD7C            UnPause:
 1136                       
 1137  06:CD7C  A9 FF       LDA #$FF
 1138  06:CD7E  A2 01       LDX #$01
 1139  06:CD80  20 BA C3    JSR SetSpriteImage
 1140                     
 1141                       MACROGetLabelPointer $610A, pause_address
                          
       06:CD83  A9 61             LDA #HIGH($610A)
       06:CD85  A2 0A             LDX #LOW($610A)
                                  
       06:CD87  8E BD 00          STX pause_address
       06:CD8A  8D BE 00          STA pause_address+1
                                  
 1142                       MACROGetLabelPointer $210A, pause_draw_address
                          
       06:CD8D  A9 21             LDA #HIGH($210A)
       06:CD8F  A2 0A             LDX #LOW($210A)
                                  
       06:CD91  8E C1 00          STX pause_draw_address
       06:CD94  8D C2 00          STA pause_draw_address+1
                                  
 1143  06:CD97  A9 06       LDA #$06
 1144  06:CD99  8D C3 00    STA pause_draw_height
 1145  06:CD9C  A9 0D       LDA #13
 1146  06:CD9E  8D C4 00    STA pause_draw_width
 1147                       
 1148  06:CDA1  A9 00       LDA #$00
 1149  06:CDA3  8D CC 00    STA clueLineIndex
 1150  06:CDA6  8D CD 00    STA clueOffsetShift
 1151                     
 1152  06:CDA9  A9 06       LDA #$06
 1153  06:CDAB  8D D8 00    STA pauseState
 1154  06:CDAE  60          RTS
 1155                      
 1156  06:CDAF            CheckA:
 1157                       
 1158  06:CDAF  A9 03       LDA #SPRITE_XPOS
 1159  06:CDB1  A2 01       LDX #$01
 1160  06:CDB3  20 D1 C3    JSR GetSpriteData
 1161                       
 1162  06:CDB6  C9 88       CMP #PAUSE_NO
 1163  06:CDB8  F0 C2       BEQ UnPause
 1164                       
 1165  06:CDBA  AD D8 00    LDA pauseState 
 1166  06:CDBD  C9 03       CMP #$03
 1167  06:CDBF  D0 13       BNE .quit
 1168                       
 1169  06:CDC1  A9 00       LDA #SPRITE_YPOS
 1170  06:CDC3  A2 01       LDX #$01
 1171  06:CDC5  20 D1 C3    JSR GetSpriteData
 1172                       
 1173  06:CDC8  C9 4F       CMP #PAUSE_RESUME
 1174  06:CDCA  F0 B0       BEQ UnPause
 1175                       
 1176  06:CDCC  C9 5F       CMP #PAUSE_RESET
 1177  06:CDCE  F0 1E       BEQ .reset
 1178                       
 1179  06:CDD0  C9 57       CMP #PAUSE_QUIT
 1180  06:CDD2  F0 34       BEQ .openQuit
 1181                      
 1182                     ;;TODO: make this not so copy/paste
 1183  06:CDD4            .quit:
 1184                             
 1185  06:CDD4  A9 01       LDA #$01
 1186  06:CDD6  8D 00 70    STA hasContinue
 1187  06:CDD9  A9 00       LDA #$00
 1188  06:CDDB  8D D8 00    STA pauseState
 1189  06:CDDE  8D 0C 00    STA time
 1190  06:CDE1  A9 02       LDA #GAMEOVER_IDX
 1191  06:CDE3  8D DB 00    STA targetGameMode
 1192  06:CDE6  A9 08       LDA #$08
 1193  06:CDE8  8D 11 00    STA mode_state
 1194  06:CDEB  4C 31 CE    JMP .leave
 1195                     
 1196  06:CDEE            .reset:
 1197  06:CDEE  A9 00       LDA #$00
 1198  06:CDF0  8D 00 70    STA hasContinue
 1199  06:CDF3  A9 00       LDA #$00
 1200  06:CDF5  8D D8 00    STA pauseState
 1201  06:CDF8  8D 0C 00    STA time
 1202  06:CDFB  A9 01       LDA #GAME_IDX
 1203  06:CDFD  8D DB 00    STA targetGameMode
 1204  06:CE00  A9 08       LDA #$08
 1205  06:CE02  8D 11 00    STA mode_state
 1206                      
 1207  06:CE05  4C 31 CE    JMP .leave
 1208                     
 1209  06:CE08            .openQuit:
 1210                     
 1211                       MACROGetLabelPointer Pause_Quit, pause_address
                          
       06:CE08  A9 E3             LDA #HIGH(Pause_Quit)
       06:CE0A  A2 D7             LDX #LOW(Pause_Quit)
                                  
       06:CE0C  8E BD 00          STX pause_address
       06:CE0F  8D BE 00          STA pause_address+1
                                  
 1212                       MACROGetLabelPointer $212B, pause_draw_address
                          
       06:CE12  A9 21             LDA #HIGH($212B)
       06:CE14  A2 2B             LDX #LOW($212B)
                                  
       06:CE16  8E C1 00          STX pause_draw_address
       06:CE19  8D C2 00          STA pause_draw_address+1
                                  
 1213  06:CE1C  A9 04       LDA #$04
 1214  06:CE1E  8D C3 00    STA pause_draw_height
 1215  06:CE21  A9 0B       LDA #11
 1216  06:CE23  8D C4 00    STA pause_draw_width 
 1217                       
 1218  06:CE26  A9 00       LDA #$00
 1219  06:CE28  8D CC 00    STA clueLineIndex
 1220  06:CE2B  8D CD 00    STA clueOffsetShift
 1221                     
 1222  06:CE2E  EE D8 00    INC pauseState
 1223                     
 1224  06:CE31            .leave:
 1225  06:CE31  60          RTS
 1226                     
 1227                       
 1228  06:CE32            UpdateUnloadPauseScreen:
 1229                       
 1230  06:CE32  20 E4 D7    JSR ClearPauseScreen
 1231  06:CE35  AD CD 00    LDA clueOffsetShift
 1232  06:CE38  CD C3 00    CMP pause_draw_height
 1233  06:CE3B  D0 11       BNE .leave
 1234  06:CE3D            .changePauseState:
 1235                     
 1236  06:CE3D  A9 02       LDA #$02
 1237  06:CE3F  A2 00       LDX #$00
 1238  06:CE41  20 BA C3    JSR SetSpriteImage
 1239                       
 1240  06:CE44  A9 03       LDA #GAMEPAD_AB
 1241  06:CE46  8D D9 00    STA pauseInputLock 
 1242                       
 1243  06:CE49  A9 00       LDA #$00
 1244  06:CE4B  8D D8 00    STA pauseState
 1245  06:CE4E            .leave:
 1246  06:CE4E  60          RTS
 1247                       
 1248  06:CE4F            ExitPause:
 1249  06:CE4F  60          RTS
 1250                       
 1251  06:CE50            CheckNewBestTime:
 1252                     
 1253                       ;let's say we already have the save data in the table address
 1254  06:CE50  A9 00       LDA #$00
 1255  06:CE52  8D DD 00    STA recordSet
 1256                       
 1257                       
 1258  06:CE55  AD 08 70    LDA puzzle_index
 1259  06:CE58  0A          ASL A
 1260  06:CE59  0A          ASL A
 1261  06:CE5A  A8          TAY
 1262  06:CE5B  B1 18       LDA [table_address], y
 1263  06:CE5D  29 80       AND #$80
 1264  06:CE5F  F0 39       BEQ .updateTime
 1265                       ;MACROGetLabelPointer PuzzleSaveLocations, table_address
 1266                       ;LDA bank_index
 1267                       ;ASL A
 1268                       ;TAY
 1269                       ;JSR GetTableAtIndex
 1270                     
 1271  06:CE61  C8          INY 
 1272  06:CE62  C8          INY
 1273  06:CE63  C8          INY   ;start at highest time loc
 1274  06:CE64  AD 06 70    LDA GameTime+3
 1275  06:CE67  D1 18       CMP [table_address], y
 1276  06:CE69  90 2F       BCC .updateTime
 1277  06:CE6B  F0 02       BEQ .checkSingleMinutes
 1278  06:CE6D  B0 2E       BCS .leave
 1279  06:CE6F            .checkSingleMinutes:
 1280  06:CE6F  88          DEY
 1281  06:CE70  AD 05 70    LDA GameTime+2
 1282  06:CE73  D1 18       CMP [table_address], y
 1283  06:CE75  90 23       BCC .updateTime
 1284  06:CE77  F0 02       BEQ .checkTenSeconds
 1285  06:CE79  B0 22       BCS .leave
 1286  06:CE7B            .checkTenSeconds:
 1287  06:CE7B  88          DEY
 1288  06:CE7C  AD 04 70    LDA GameTime+1
 1289  06:CE7F  D1 18       CMP [table_address], y
 1290  06:CE81  90 17       BCC .updateTime
 1291  06:CE83  F0 02       BEQ .checkSingleSeconds
 1292  06:CE85  B0 16       BCS .leave
 1293  06:CE87            .checkSingleSeconds:
 1294  06:CE87  88          DEY
 1295  06:CE88  B1 18       LDA [table_address], y
 1296  06:CE8A  29 0F       AND #$0F
 1297  06:CE8C  8D 00 00    STA temp1
 1298  06:CE8F  AD 03 70    LDA GameTime
 1299  06:CE92  CD 00 00    CMP temp1
 1300  06:CE95  90 03       BCC .updateTime
 1301  06:CE97  4C 9D CE    JMP .leave
 1302                       
 1303  06:CE9A            .updateTime:
 1304                     
 1305  06:CE9A  EE DD 00    INC recordSet
 1306                       
 1307  06:CE9D            .leave:
 1308  06:CE9D  60          RTS
 1309                         
 1310                     
 1311  06:CE9E            CheckAgainstSolution:
 1312                       ;;take Y position, mult by 2 to get starting index in puzzle solution
 1313  06:CE9E  AD D6 00    LDA mouse_index+1
 1314                     ;;if the puzzle is a 5x5, we only have one byte per row, so no need to double this
 1315  06:CEA1  8D 00 00    STA temp1
 1316  06:CEA4  A0 00       LDY #$00
 1317  06:CEA6  B1 B7       LDA [puzzle_address], y
 1318  06:CEA8  F0 03       BEQ .skipDouble
 1319  06:CEAA  0E 00 00    ASL temp1
 1320  06:CEAD            .skipDouble:
 1321  06:CEAD  AD 00 00    LDA temp1
 1322  06:CEB0  18          CLC
 1323  06:CEB1  69 06       ADC #$06 ;; add to get past header
 1324  06:CEB3  8D 00 00    STA temp1
 1325                       
 1326                       ;;div X position by 8 to get the byte index
 1327  06:CEB6  AD D5 00    LDA mouse_index
 1328  06:CEB9  4A          LSR A
 1329  06:CEBA  4A          LSR A
 1330  06:CEBB  4A          LSR A
 1331  06:CEBC  F0 03       BEQ .getMask
 1332                       
 1333  06:CEBE  EE 00 00    INC temp1
 1334                       
 1335  06:CEC1            .getMask:
 1336                       
 1337  06:CEC1  AD D5 00    LDA mouse_index
 1338  06:CEC4  29 07       AND #$07
 1339  06:CEC6  AA          TAX
 1340  06:CEC7  A9 80       LDA #$80
 1341  06:CEC9  E0 00       CPX #$00
 1342  06:CECB  F0 04       BEQ .storeMask
 1343                     
 1344  06:CECD            .maskLoop:
 1345  06:CECD  4A          LSR A
 1346  06:CECE  CA          DEX
 1347  06:CECF  D0 FC       BNE .maskLoop
 1348  06:CED1            .storeMask:
 1349  06:CED1  8D 01 00    STA temp2
 1350                     
 1351  06:CED4  AC 00 00    LDY temp1
 1352  06:CED7  B1 B7       LDA [puzzle_address], y
 1353  06:CED9  2D 01 00    AND temp2
 1354  06:CEDC  8D 00 00    STA temp1     ;get the 0/non zero solution flag 
 1355                     
 1356  06:CEDF  A0 00       LDY #$00
 1357  06:CEE1  B1 D3       LDA [mouse_location], y
 1358  06:CEE3  8D 02 00    STA temp3
 1359  06:CEE6  29 F0       AND #$F0
 1360  06:CEE8  CD D7 00    CMP currentPaintTile
 1361  06:CEEB  D0 01       BNE .diffTiles
 1362  06:CEED  60          RTS
 1363                       
 1364  06:CEEE            .diffTiles:
 1365                       ;;tiles are different- check if the current tile is marked as a solution tile
 1366  06:CEEE  C9 70       CMP #$70
 1367  06:CEF0  D0 0B       BNE .checkNewMark
 1368                       ;;if erasing a mark, check if the tile was part of the solution
 1369  06:CEF2  AD 00 00    LDA temp1
 1370  06:CEF5  D0 18       BNE .antiMark
 1371  06:CEF7  CE 02 70    DEC nonSolutionCount
 1372  06:CEFA  4C 18 CF    JMP .leave
 1373                       
 1374  06:CEFD            .checkNewMark:
 1375                     
 1376  06:CEFD  AD D7 00    LDA currentPaintTile
 1377  06:CF00  C9 70       CMP #$70
 1378  06:CF02  D0 14       BNE .leave
 1379                       
 1380  06:CF04  AD 00 00    LDA temp1
 1381  06:CF07  D0 0C       BNE .proMark
 1382  06:CF09  EE 02 70    INC nonSolutionCount 
 1383  06:CF0C  4C 18 CF    JMP .leave 
 1384                       
 1385  06:CF0F            .antiMark:
 1386  06:CF0F  CE 01 70    DEC solutionCount
 1387  06:CF12  4C 18 CF    JMP .leave
 1388  06:CF15            .proMark:   
 1389                       
 1390  06:CF15  EE 01 70    INC solutionCount
 1391  06:CF18            .leave:
 1392  06:CF18  60          RTS   
 1393                     
 1394  06:CF19            SetupPuzzleTable:
 1395                       MACROGetLabelPointer PUZZLE_TABLE, table_address
                          
       06:CF19  A9 A0             LDA #HIGH(PUZZLE_TABLE)
       06:CF1B  A2 00             LDX #LOW(PUZZLE_TABLE)
                                  
       06:CF1D  8E 18 00          STX table_address
       06:CF20  8D 19 00          STA table_address+1
                                  
 1396                       MACROGetDoubleIndex puzzle_index
                          
       06:CF23  AD 08 70          LDA puzzle_index
       06:CF26  0A                ASL A
       06:CF27  A8                TAY
                                  
 1397  06:CF28  20 E9 D2    JSR GetTableAtIndex
 1398                       MACROGetPointer table_address, puzzle_address
                          
       06:CF2B  AD 18 00          LDA table_address
       06:CF2E  8D B7 00          STA puzzle_address
       06:CF31  AD 19 00          LDA table_address+1
       06:CF34  8D B8 00          STA puzzle_address+1
                          
 1399  06:CF37  60          RTS
 1400                     
 1401                     ;hori, vert
 1402  06:CF38            MouseMinimums:
 1403  06:CF38  6A 5A       .db $6A, $5A
 1404  06:CF3A  6A 5A       .db $6A, $5A
 1405  06:CF3C  6A 5A       .db $6A, $5A
 1406  06:CF3E            MouseMaximums:
 1407  06:CF3E  9A 8A       .db $9A, $8A
 1408  06:CF40  C2 B2       .db $C2, $B2
 1409  06:CF42  EA DA       .db $EA, $DA
 1410                       
 1411           0012      VERT_CLUE_MIN = $12
 1412           0022      HORI_CLUE_MIN = $22
 1413           006A      HORI_CLUE_MAX = $6A
 1414           005A      VERT_CLUE_MAX = $5A
 1415                       
 1416  06:CF44            PuzzleScrollHori:
 1417  06:CF44  01 04 06    .db $01, $04, $06
 1418  06:CF47            PuzzleScrollVert:
 1419  06:CF47  01 03 05    .db $01, $03, $05
 1420                       
 1421  06:CF4A            PuzzleHeaderSkips:
 1422                     
 1423  06:CF4A  0B 1A 24    .db $0B, $1A, $24
 1424                       
 1425  06:CF4D            PuzzleSaveLocations:
 1426  06:CF4D  0A 70       .word puzzle_clear_bank0, puzzle_clear_bank1, puzzle_clear_bank2
       06:CF4F  76 70     
       06:CF51  E2 70     
 1427                     
 1428  06:CF53            PauseMenuPosition:
 1429  06:CF53  4F 57 5F    .db PAUSE_RESUME, PAUSE_QUIT, PAUSE_RESET
 1430                       
 1431           0060      PAUSE_YES = $60
 1432           0088      PAUSE_NO = $88
 1433           0060      PAUSE_MENUX = $60
 1434           004F      PAUSE_RESUME = $4F
 1435           0057      PAUSE_QUIT = $57
 1436           005F      PAUSE_RESET = $5F
 1437                     
 1438                       
#[1]   Source/PictoPuzzler.asm
#[2]   Source/Routines/Modes/GameModes/UpdateGameOver.asm
  179                       .include "Source/Routines/Modes/GameModes/UpdateGameOver.asm"
    1  06:CF56            UpdateGameOver:
    2                     
    3  06:CF56  20 5A CF    JSR DoUpdateGameOver 
    4  06:CF59  60          RTS
    5                       
    6  06:CF5A            DoUpdateGameOver:
    7                     
    8  06:CF5A  AD 11 00    LDA mode_state
    9  06:CF5D  20 C3 D2    JSR Dynamic_Jump
   10                         
   11  06:CF60            UpdateGameOverJumpTable:
   12                     
   13  06:CF60  6A CF       .word UpdateGameOverInit
   14  06:CF62  C1 CF       .word UpdateDrawMessage
   15  06:CF64  E6 CF       .word UpdateGameOverWaitInput
   16  06:CF66  AB D0       .word UpdateGameOverFadeOut
   17  06:CF68  C0 D0       .word UpdateGameOverExit
   18                       
   19  06:CF6A            UpdateGameOverInit:
   20                     
   21                       ;load the hasContinue flag
   22                       ;choose the message to print based on the flag
   23  06:CF6A  A9 04       lda #$04
   24  06:CF6C  8D E3 00    sta current_song
   25  06:CF6F  AD E3 00    lda current_song
   26  06:CF72  20 C7 E4    jsr sound_load
   27                       
   28                       MACROGetLabelPointer EndScreens, table_address
                          
       06:CF75  A9 E4             LDA #HIGH(EndScreens)
       06:CF77  A2 03             LDX #LOW(EndScreens)
                                  
       06:CF79  8E 18 00          STX table_address
       06:CF7C  8D 19 00          STA table_address+1
                                  
   29  06:CF7F  AD 00 70    LDA hasContinue
   30  06:CF82  0A          ASL A
   31  06:CF83  A8          TAY
   32  06:CF84  20 E9 D2    JSR GetTableAtIndex
   33                       MACROGetPointer table_address, clues_address
                          
       06:CF87  AD 18 00          LDA table_address
       06:CF8A  8D B9 00          STA clues_address
       06:CF8D  AD 19 00          LDA table_address+1
       06:CF90  8D BA 00          STA clues_address+1
                          
   34                       
   35                       ;this gets us the pointer to the table- now we'll set up the starting draw address
   36  06:CF93  A0 00       LDY #$00
   37  06:CF95  B1 B9       LDA [clues_address], y
   38  06:CF97  8D C9 00    STA clue_draw_address
   39  06:CF9A  C8          INY
   40  06:CF9B  B1 B9       LDA [clues_address], y
   41  06:CF9D  8D CA 00    STA clue_draw_address+1 
   42                     
   43  06:CFA0  AD B9 00    LDA clues_address
   44  06:CFA3  18          CLC
   45  06:CFA4  69 02       ADC #$02
   46  06:CFA6  8D B9 00    STA clues_address
   47  06:CFA9  AD BA 00    LDA clues_address+1
   48  06:CFAC  69 00       ADC #$00
   49  06:CFAE  8D BA 00    STA clues_address+1
   50                       
   51  06:CFB1  A9 00       LDA #$00
   52  06:CFB3  8D CC 00    STA clueLineIndex
   53                       ;;table address is now at the first string to draw
   54                       
   55                       MACROSetFlags PPU_Mask, #%00011000
                          
       06:CFB6  AD 28 00    LDA PPU_Mask
       06:CFB9  09 18       ORA ##%00011000
       06:CFBB  8D 28 00    STA PPU_Mask
                                  
   56                       
   57  06:CFBE  EE 11 00    INC mode_state
   58                     
   59                     ;no RTS, just update a line immediately
   60                     
   61  06:CFC1            UpdateDrawMessage:
   62                     
   63  06:CFC1  AD 00 70    LDA hasContinue
   64                       
   65  06:CFC4  F0 06       BEQ .drawClear
   66                       
   67  06:CFC6  20 4D D1    JSR DrawSaveText
   68                     
   69  06:CFC9  4C CF CF    JMP .checkLeave
   70                       
   71  06:CFCC            .drawClear
   72                     
   73  06:CFCC  20 E4 D0    JSR DrawClearText 
   74                       
   75  06:CFCF            .checkLeave:
   76  06:CFCF  90 14       BCC .leave
   77                     
   78  06:CFD1            .changeModeState:
   79                     
   80  06:CFD1  AD 00 70    LDA hasContinue
   81  06:CFD4  D0 07       BNE .skipSpriteSet
   82                       
   83  06:CFD6  A9 01       LDA #$01
   84  06:CFD8  A2 00       LDX #$00
   85  06:CFDA  20 BA C3    JSR SetSpriteImage
   86                       
   87  06:CFDD            .skipSpriteSet:
   88  06:CFDD  EE 11 00    INC mode_state
   89  06:CFE0  A9 00       LDA #$00
   90  06:CFE2  8D 0C 00    STA time
   91  06:CFE5            .leave:
   92  06:CFE5  60          RTS
   93                       
   94                       
   95  06:CFE6            UpdateGameOverWaitInput:
   96                     
   97                       ;;if there was a record set, flash the time
   98  06:CFE6  AD DD 00    LDA recordSet
   99  06:CFE9  F0 03       BEQ .updateWait
  100  06:CFEB  20 73 D1    JSR FlashTime
  101                     
  102  06:CFEE            .updateWait:
  103  06:CFEE  AD 00 70    LDA hasContinue
  104  06:CFF1  F0 06       BEQ .checkOption
  105                       
  106  06:CFF3  AD 26 00    LDA gamepadPressed
  107  06:CFF6  D0 37       BNE .loadTitle
  108  06:CFF8            .leaveEarly:
  109  06:CFF8  60          RTS
  110                       
  111  06:CFF9            .checkOption:
  112  06:CFF9  AD 26 00    LDA gamepadPressed
  113  06:CFFC  C9 01       CMP #GAMEPAD_A
  114  06:CFFE  F0 24       BEQ .checkA
  115                       
  116                       ;;update pointer
  117                       
  118  06:D000  AD 26 00    LDA gamepadPressed
  119  06:D003  29 C0       AND #GAMEPAD_HORI
  120                       ;;binary system- left and right don't really matter, we'll just toggle the position
  121  06:D005  F0 F1       BEQ .leaveEarly
  122  06:D007  20 21 C6    JSR PlayMenuCursorSound
  123  06:D00A  A9 03       LDA #SPRITE_XPOS
  124  06:D00C  A2 00       LDX #$00
  125  06:D00E  20 D1 C3    JSR GetSpriteData
  126                       
  127  06:D011  C9 58       CMP #GO_YES
  128  06:D013  F0 05       BEQ .loadNo
  129                       
  130  06:D015  A9 58       LDA #GO_YES
  131  06:D017  4C 1C D0    JMP .setPosition
  132                       
  133  06:D01A            .loadNo:
  134  06:D01A  A9 80       LDA #GO_NO
  135                     
  136  06:D01C            .setPosition:
  137                       
  138  06:D01C  A2 00       LDX #$00
  139  06:D01E  20 AF C3    JSR SetSpriteXPosition  
  140                     
  141  06:D021  4C AA D0    JMP .leave 
  142                       
  143  06:D024            .checkA:
  144                       
  145  06:D024  A9 03       LDA #SPRITE_XPOS
  146  06:D026  A2 00       LDX #$00
  147  06:D028  20 D1 C3    JSR GetSpriteData
  148                       
  149  06:D02B  C9 80       CMP #GO_NO
  150                       
  151                       ;no? go to main menu
  152                       ;yes? update puzzle index and go to game
  153                       ;if puzzle index is the last of the bank, return to menu anyways- we'll polish with a different message later
  154  06:D02D  D0 0D       BNE .loadNext
  155                       
  156                       ;load the title as the next screen
  157  06:D02F            .loadTitle:
  158  06:D02F  A9 00       LDA #TITLE_IDX
  159  06:D031  8D DB 00    STA targetGameMode
  160  06:D034  A9 00       LDA #$00
  161  06:D036  8D DC 00    STA targetScreenLoad
  162  06:D039  4C A2 D0    JMP .changeModeState
  163                      
  164  06:D03C            .loadNext:  
  165                     
  166  06:D03C  EE 08 70    INC puzzle_index
  167  06:D03F  AD 08 70    LDA puzzle_index
  168  06:D042  C9 1B       CMP #27
  169  06:D044  D0 12       BNE .goToNextPuzzle
  170                     
  171                       ;; load a new bank, first
  172  06:D046  EE 07 70    INC bank_index
  173  06:D049  AD 07 70    LDA bank_index
  174  06:D04C  C9 03       CMP #03
  175  06:D04E  F0 DF       BEQ .loadTitle
  176                       
  177  06:D050  A9 00       LDA #$00
  178  06:D052  8D 08 70    STA puzzle_index
  179  06:D055  20 B6 C4    JSR LoadBank
  180                       
  181                       
  182  06:D058            .goToNextPuzzle:
  183                     
  184                       MACROGetLabelPointer PUZZLE_TABLE, table_address
                          
       06:D058  A9 A0             LDA #HIGH(PUZZLE_TABLE)
       06:D05A  A2 00             LDX #LOW(PUZZLE_TABLE)
                                  
       06:D05C  8E 18 00          STX table_address
       06:D05F  8D 19 00          STA table_address+1
                                  
  185                       MACROGetDoubleIndex puzzle_index
                          
       06:D062  AD 08 70          LDA puzzle_index
       06:D065  0A                ASL A
       06:D066  A8                TAY
                                  
  186  06:D067  20 E9 D2    JSR GetTableAtIndex
  187                       MACROGetPointer table_address, puzzle_address
                          
       06:D06A  AD 18 00          LDA table_address
       06:D06D  8D B7 00          STA puzzle_address
       06:D070  AD 19 00          LDA table_address+1
       06:D073  8D B8 00          STA puzzle_address+1
                          
  188                       
  189                       MACROGetLabelPointer NAMES_TABLE, table_address
                          
       06:D076  A9 A0             LDA #HIGH(NAMES_TABLE)
       06:D078  A2 36             LDX #LOW(NAMES_TABLE)
                                  
       06:D07A  8E 18 00          STX table_address
       06:D07D  8D 19 00          STA table_address+1
                                  
  190                       MACROGetDoubleIndex puzzle_index
                          
       06:D080  AD 08 70          LDA puzzle_index
       06:D083  0A                ASL A
       06:D084  A8                TAY
                                  
  191  06:D085  20 E9 D2    JSR GetTableAtIndex
  192                       MACROGetPointer table_address, title_address
                          
       06:D088  AD 18 00          LDA table_address
       06:D08B  8D BB 00          STA title_address
       06:D08E  AD 19 00          LDA table_address+1
       06:D091  8D BC 00          STA title_address+1
                          
  193                     
  194  06:D094  A9 01       LDA #GAME_IDX
  195  06:D096  8D DB 00    STA targetGameMode
  196                       
  197  06:D099  A0 00       LDY #$00
  198  06:D09B  B1 B7       LDA [puzzle_address], y
  199  06:D09D  09 20       ORA #%00100000
  200  06:D09F  8D DC 00    STA targetScreenLoad
  201                     
  202  06:D0A2            .changeModeState:
  203                     
  204  06:D0A2  A9 00       LDA #$00
  205  06:D0A4  8D 0C 00    STA time
  206  06:D0A7  EE 11 00    INC mode_state
  207  06:D0AA            .leave:
  208  06:D0AA  60          RTS
  209                     
  210  06:D0AB            UpdateGameOverFadeOut:
  211                     
  212  06:D0AB  AD 0C 00    LDA time
  213  06:D0AE  29 07       AND #$07
  214  06:D0B0  D0 0D       BNE .leave
  215                       ;;every 8 frames, decrement the palettes
  216  06:D0B2  20 76 D5    JSR FadeOutPalettes
  217  06:D0B5  B0 08       BCS .leave
  218                     
  219  06:D0B7            .changeModeState:
  220  06:D0B7  A9 00       LDA #$00
  221  06:D0B9  8D 0C 00    STA time
  222  06:D0BC  EE 11 00    INC mode_state
  223  06:D0BF            .leave:
  224  06:D0BF  60          RTS
  225                     
  226  06:D0C0            UpdateGameOverExit:
  227                     
  228  06:D0C0  AD 0C 00    LDA time
  229  06:D0C3  29 0F       AND #$0F
  230  06:D0C5  D0 1C       BNE .leave
  231                     
  232  06:D0C7  A9 01       LDA #$01
  233  06:D0C9  8D DE 00    STA startOnBankTable
  234                     
  235  06:D0CC  AD DC 00    LDA targetScreenLoad
  236  06:D0CF  09 08       ORA #%00001000
  237  06:D0D1  AA          TAX
  238  06:D0D2  AD DB 00    LDA targetGameMode
  239                     
  240                       
  241  06:D0D5  20 A4 D1    JSR ChangeGameMode
  242                       
  243  06:D0D8  A9 02       lda #$02
  244  06:D0DA  8D E3 00    sta current_song
  245  06:D0DD  AD E3 00    lda current_song
  246  06:D0E0  20 C7 E4    jsr sound_load
  247                       
  248  06:D0E3            .leave:
  249  06:D0E3  60          RTS
  250                       
  251  06:D0E4            DrawClearText:
  252                     
  253                       ;;for the clear, we draw multiple lines
  254                       ;;table address location is the print loation
  255                       MACROAddPPUStringEntryTablePtr clue_draw_address+1, clue_draw_address, #DRAW_HORIZONTAL, clues_address
                           
       06:D0E4  A9 01       LDA #$01
       06:D0E6  8D 2D 00    STA PPU_PendingWrite
       06:D0E9  AD CA 00    LDA clue_draw_address+1
       06:D0EC  20 83 D4    JSR WriteToPPUString
       06:D0EF  AD C9 00    LDA clue_draw_address
       06:D0F2  20 83 D4    JSR WriteToPPUString
       06:D0F5  A9 20       LDA #$20
       06:D0F7  09 00       ORA #DRAW_HORIZONTAL
       06:D0F9  20 83 D4    JSR WriteToPPUString
       06:D0FC  AD B9 00    LDA clues_address
       06:D0FF  20 83 D4    JSR WriteToPPUString
       06:D102  AD BA 00    LDA clues_address+1
       06:D105  20 83 D4    JSR WriteToPPUString
                           
  256  06:D108  EE CC 00    INC clueLineIndex
  257  06:D10B  AD CC 00    LDA clueLineIndex
  258  06:D10E  C9 02       CMP #$02
  259  06:D110  F0 07       BEQ .printTime
  260  06:D112  C9 04       CMP #$04
  261  06:D114  F0 35       BEQ .finish
  262  06:D116  4C 20 D1    JMP .updateClueAddress
  263                       
  264  06:D119            .printTime:
  265                     
  266  06:D119  A9 21       LDA #$21
  267  06:D11B  A2 31       LDX #$31  
  268  06:D11D  20 D0 D9    JSR ApplyGameTimeToPPUString
  269                     
  270  06:D120            .updateClueAddress:
  271  06:D120  AD C9 00    LDA clue_draw_address
  272  06:D123  18          CLC
  273  06:D124  69 40       ADC #$40
  274  06:D126  8D C9 00    STA clue_draw_address
  275  06:D129  AD CA 00    LDA clue_draw_address+1
  276  06:D12C  69 00       ADC #$00
  277  06:D12E  8D CA 00    STA clue_draw_address+1
  278                       
  279  06:D131  A0 00       LDY #$00
  280  06:D133  B1 B9       LDA [clues_address],y
  281  06:D135  AA          TAX
  282  06:D136  E8          INX
  283  06:D137  8A          TXA
  284  06:D138  18          CLC
  285  06:D139  6D B9 00    ADC clues_address
  286  06:D13C  8D B9 00    STA clues_address
  287  06:D13F  AD BA 00    LDA clues_address+1
  288  06:D142  69 00       ADC #$00
  289  06:D144  8D BA 00    STA clues_address+1
  290                       
  291  06:D147  18          CLC
  292  06:D148  4C 4C D1    JMP .leave
  293  06:D14B            .finish:
  294                     
  295  06:D14B  38          SEC
  296  06:D14C            .leave
  297  06:D14C  60          RTS
  298                       
  299  06:D14D            DrawSaveText:
  300                     
  301                       MACROAddPPUStringEntryTablePtr clue_draw_address+1, clue_draw_address, #DRAW_HORIZONTAL, clues_address
                           
       06:D14D  A9 01       LDA #$01
       06:D14F  8D 2D 00    STA PPU_PendingWrite
       06:D152  AD CA 00    LDA clue_draw_address+1
       06:D155  20 83 D4    JSR WriteToPPUString
       06:D158  AD C9 00    LDA clue_draw_address
       06:D15B  20 83 D4    JSR WriteToPPUString
       06:D15E  A9 20       LDA #$20
       06:D160  09 00       ORA #DRAW_HORIZONTAL
       06:D162  20 83 D4    JSR WriteToPPUString
       06:D165  AD B9 00    LDA clues_address
       06:D168  20 83 D4    JSR WriteToPPUString
       06:D16B  AD BA 00    LDA clues_address+1
       06:D16E  20 83 D4    JSR WriteToPPUString
                           
  302  06:D171  38          SEC
  303  06:D172  60          RTS
  304                      
  305  06:D173            FlashTime:
  306                     
  307  06:D173  AD 0C 00    LDA time
  308  06:D176  29 03       AND #$03
  309  06:D178  D0 27       BNE .leave
  310                       
  311                       MACROAddPPUStringEntryRawData #$3F, #$02, #DRAW_HORIZONTAL, #$01
                          
       06:D17A  A9 01       LDA #$01
       06:D17C  8D 2D 00    STA PPU_PendingWrite
       06:D17F  A9 3F       LDA #$3F
       06:D181  20 83 D4    JSR WriteToPPUString
       06:D184  A9 02       LDA #$02
       06:D186  20 83 D4    JSR WriteToPPUString
       06:D189  A9 00       LDA #DRAW_HORIZONTAL
       06:D18B  20 83 D4    JSR WriteToPPUString
       06:D18E  A9 01       LDA #$01 
       06:D190  20 83 D4    JSR WriteToPPUString
                            
  312  06:D193  AD 0C 00    LDA time
  313  06:D196  4A          LSR A
  314  06:D197  4A          LSR A
  315  06:D198  29 01       AND #$01
  316  06:D19A  AA          TAX
  317  06:D19B  BD A2 D1    LDA FlashColors, x
  318  06:D19E  20 83 D4    JSR WriteToPPUString
  319                      
  320  06:D1A1            .leave
  321  06:D1A1  60          RTS 
  322                     
  323  06:D1A2            FlashColors:
  324                     
  325  06:D1A2  2C 16       .db $2C, $16
  326                     
  327                        
  328                     
  329           0058      GO_YES = $58
  330           0080      GO_NO = $80
#[1]   Source/PictoPuzzler.asm
  180                       
  181                     ;;;;;;;;;;;;;;;;;;;;;;;;;;;;;;
  182                     ;;     Routines             ;;
  183                     ;;;;;;;;;;;;;;;;;;;;;;;;;;;;;;
  184                     
  185                     
#[2]   Source/Routines/Common/GameModeLoader.asm
  186                       .include "Source/Routines/Common/GameModeLoader.asm"
    1  06:D1A4            ChangeGameMode:
    2                       ;A - game mode index
    3                       ;X - high nibble: palette start flag, low nibble: screen index
    4  06:D1A4  8D 10 00    STA game_mode
    5  06:D1A7  8E 0F 00    STX mode_loadFlags
    6                       MACROSetFlags mode_loadFlags, $80
                          
       06:D1AA  AD 0F 00    LDA mode_loadFlags
       06:D1AD  09 80       ORA #$80
       06:D1AF  8D 0F 00    STA mode_loadFlags
                                  
    7  06:D1B2  A9 00       LDA #$00
    8  06:D1B4  8D 11 00    STA mode_state
    9  06:D1B7  20 97 D4    JSR ClearPPUString
   10  06:D1BA  20 BE D1    JSR LoadGameModeScreen
   11  06:D1BD  60          RTS
   12                       
   13  06:D1BE            LoadGameModeScreen:
   14                     
   15                       MACROClearFlags PPU_CTRL, #%10000000  ;; disable NMI
                          
       06:D1BE  A9 80       LDA ##%10000000
       06:D1C0  49 FF       EOR #$FF
       06:D1C2  2D 00 20    AND PPU_CTRL  
       06:D1C5  8D 00 20    STA PPU_CTRL
                          
   16  06:D1C8  A9 00       LDA #$00
   17  06:D1CA  8D 01 20    STA PPU_MASK    ; disable rendering- reenable on NMI when not updating
   18                     
   19  06:D1CD  20 08 D2    JSR LoadGameModeBackground
   20  06:D1D0  20 A0 D2    JSR LoadGameModeSprites
   21                       
   22  06:D1D3  AD 0F 00    LDA mode_loadFlags
   23  06:D1D6  29 08       AND #%00001000
   24  06:D1D8  D0 08       BNE .skipRenderDeactivate
   25                     
   26                       MACROSetFlags PPU_Mask, #%00011000
                          
       06:D1DA  AD 28 00    LDA PPU_Mask
       06:D1DD  09 18       ORA ##%00011000
       06:D1DF  8D 28 00    STA PPU_Mask
                                  
   27                     
   28  06:D1E2            .skipRenderDeactivate:
   29                     
   30                       MACROSetFlags PPU_CTRL, #%10000000   ;;enable NMI
                          
       06:D1E2  AD 00 20    LDA PPU_CTRL
       06:D1E5  09 80       ORA ##%10000000
       06:D1E7  8D 00 20    STA PPU_CTRL
                                  
   31                       
   32                       ;; load the CHR bank for this mode
   33  06:D1EA  20 E0 D5    JSR ResetMapper
   34                       ;;remember, we're loading the SECOND set in each chr bank
   35                       ;;so we'll take the index from the game mode chr table and add one mult 2
   36  06:D1ED  AE 10 00    LDX game_mode
   37  06:D1F0  BD BD D2    LDA gameModeInitCHRROMB, x
   38  06:D1F3  0A          ASL A
   39  06:D1F4  18          CLC 
   40  06:D1F5  69 01       ADC #$01
   41  06:D1F7  20 05 D6    JSR LoadCHRBankB
   42                       
   43  06:D1FA  20 E0 D5    JSR ResetMapper
   44  06:D1FD  AE 10 00    LDX game_mode
   45  06:D200  BD C0 D2    LDA gameModeInitCHRROMA, x
   46  06:D203  0A          ASL A
   47  06:D204  20 FA D5    JSR LoadCHRBankA
   48                     
   49  06:D207  60          RTS
   50                       
   51           0000      GAMEMODE_WORDIDX = temp1
   52  06:D208            LoadGameModeBackground:
   53                             
   54                       MACROGetDoubleIndex game_mode
                          
       06:D208  AD 10 00          LDA game_mode
       06:D20B  0A                ASL A
       06:D20C  A8                TAY
                                  
   55  06:D20D  8C 00 00    STY GAMEMODE_WORDIDX
   56                             
   57                       MACROGetLabelPointer Palettes, table_address
                          
       06:D210  A9 E0             LDA #HIGH(Palettes)
       06:D212  A2 00             LDX #LOW(Palettes)
                                  
       06:D214  8E 18 00          STX table_address
       06:D217  8D 19 00          STA table_address+1
                                  
   58  06:D21A  20 E9 D2    JSR GetTableAtIndex
   59                     
   60  06:D21D  20 0A D3    JSR LoadFullPaletteFromTable
   61                             
   62  06:D220  AC 00 00    LDY GAMEMODE_WORDIDX
   63  06:D223  AD 0F 00    LDA mode_loadFlags
   64  06:D226  29 40       AND #%01000000 ; copy from saved screen
   65  06:D228  F0 14       BEQ .loadTable
   66                       MACROGetLabelPointer SaveScreen_Copy, table_address
                          
       06:D22A  A9 68             LDA #HIGH(SaveScreen_Copy)
       06:D22C  A2 00             LDX #LOW(SaveScreen_Copy)
                                  
       06:D22E  8E 18 00          STX table_address
       06:D231  8D 19 00          STA table_address+1
                                  
   67                       MACROClearFlags mode_loadFlags, $80
                          
       06:D234  A9 80       LDA #$80
       06:D236  49 FF       EOR #$FF
       06:D238  2D 0F 00    AND mode_loadFlags  
       06:D23B  8D 0F 00    STA mode_loadFlags
                          
   68                       
   69  06:D23E            .loadTable:
   70  06:D23E  A9 00       LDA #$00
   71  06:D240  20 39 D3    JSR LoadFullBackgroundFromTable
   72                     
   73                       MACROSetFlags mode_loadFlags, $80
                          
       06:D243  AD 0F 00    LDA mode_loadFlags
       06:D246  09 80       ORA #$80
       06:D248  8D 0F 00    STA mode_loadFlags
                                  
   74                       
   75  06:D24B  A9 01       LDA #$01
   76  06:D24D  20 39 D3    JSR LoadFullBackgroundFromTable
   77                     
   78  06:D250  AD 0F 00    LDA mode_loadFlags
   79  06:D253  29 40       AND #%01000000
   80  06:D255  D0 48       BNE .finish
   81                     
   82  06:D257  AE 10 00    LDX game_mode
   83  06:D25A  BD 6C E0    LDA ObjectCounts, x
   84  06:D25D  F0 40       BEQ .finish
   85  06:D25F  48          PHA
   86                       MACROGetLabelPointer Objects, table_address
                          
       06:D260  A9 E0             LDA #HIGH(Objects)
       06:D262  A2 66             LDX #LOW(Objects)
                                  
       06:D264  8E 18 00          STX table_address
       06:D267  8D 19 00          STA table_address+1
                                  
   87  06:D26A  AC 00 00    LDY GAMEMODE_WORDIDX
   88  06:D26D  20 E9 D2    JSR GetTableAtIndex 
   89                       MACROGetPointer table_address, objectTable_address
                          
       06:D270  AD 18 00          LDA table_address
       06:D273  8D 1A 00          STA objectTable_address
       06:D276  AD 19 00          LDA table_address+1
       06:D279  8D 1B 00          STA objectTable_address+1
                          
   90                        
   91  06:D27C            .loadObjectLoop:
   92                     
   93                             MACROGetPointer objectTable_address, table_address
                          
       06:D27C  AD 1A 00          LDA objectTable_address
       06:D27F  8D 18 00          STA table_address
       06:D282  AD 1B 00          LDA objectTable_address+1
       06:D285  8D 19 00          STA table_address+1
                          
   94  06:D288  68                PLA
   95  06:D289  A8                TAY
   96  06:D28A  48                PHA
   97  06:D28B  88                DEY
   98  06:D28C  98                TYA
   99  06:D28D  0A                ASL A
  100  06:D28E  A8                TAY
  101  06:D28F  20 E9 D2          JSR GetTableAtIndex
  102  06:D292  20 B6 DA          JSR DrawObject
  103                             
  104  06:D295  68                PLA
  105  06:D296  A8                TAY 
  106  06:D297  88                DEY
  107  06:D298  F0 05             BEQ .finish
  108  06:D29A  98                TYA
  109  06:D29B  48                PHA
  110  06:D29C  4C 7C D2          JMP .loadObjectLoop
  111                     
  112  06:D29F            .finish:
  113  06:D29F  60          RTS
  114                       
  115  06:D2A0            LoadGameModeSprites:
  116                     
  117                       MACROGetDoubleIndex game_mode  
                          
       06:D2A0  AD 10 00          LDA game_mode
       06:D2A3  0A                ASL A
       06:D2A4  A8                TAY
                                  
  118                       MACROGetLabelPointer Sprites, table_address
                          
       06:D2A5  A9 E4             LDA #HIGH(Sprites)
       06:D2A7  A2 61             LDX #LOW(Sprites)
                                  
       06:D2A9  8E 18 00          STX table_address
       06:D2AC  8D 19 00          STA table_address+1
                                  
  119  06:D2AF  20 E9 D2    JSR GetTableAtIndex
  120  06:D2B2  A0 00       LDY #$00
  121  06:D2B4  B1 18       LDA [table_address],y
  122  06:D2B6  EE 18 00    INC table_address
  123  06:D2B9  20 6C D4    JSR LoadSprites_impl
  124                       
  125  06:D2BC  60          RTS
  126                       
  127  06:D2BD            gameModeInitCHRROMB:
  128  06:D2BD  00 02 02          .db $00, $02, $02
  129  06:D2C0            gameModeInitCHRROMA:
  130  06:D2C0  00 02 02          .db $00, $02, $02
  131                             
#[1]   Source/PictoPuzzler.asm
#[2]   Source/Routines/Utils/PointerUtils.asm
  187                       .include "Source/Routines/Utils/PointerUtils.asm"
    1  06:D2C3            Dynamic_Jump:
    2                     
    3  06:D2C3  0A          ASL A                                 ;; double the index passed into A
    4  06:D2C4  8E 0A 00    STX tempx
    5  06:D2C7  8C 0B 00    STY tempy
    6  06:D2CA  A8          TAY
    7  06:D2CB  C8          INY  
    8  06:D2CC  68          PLA
    9  06:D2CD  8D 1C 00    STA jump_address
   10  06:D2D0  68          PLA 
   11  06:D2D1  8D 1D 00    STA jump_address+1            
   12  06:D2D4  B1 1C       LDA [jump_address], y
   13  06:D2D6  AA          TAX
   14  06:D2D7  C8          INY
   15  06:D2D8  B1 1C       LDA [jump_address], y
   16  06:D2DA  8E 1C 00    STX jump_address
   17  06:D2DD  8D 1D 00    STA jump_address+1
   18  06:D2E0  AE 0A 00    LDX tempx
   19  06:D2E3  AC 0B 00    LDY tempy
   20  06:D2E6  6C 1C 00    JMP [jump_address]
   21                       
   22  06:D2E9            GetTableAtIndex:
   23                     
   24  06:D2E9  B1 18             LDA [table_address], y
   25  06:D2EB  AA                TAX
   26  06:D2EC  C8                INY
   27  06:D2ED  B1 18             LDA [table_address], y
   28                             
   29  06:D2EF            SetTableAddress:
   30                             
   31                             ;;A is hi, X is lo
   32  06:D2EF  8E 18 00          STX table_address
   33  06:D2F2  8D 19 00          STA table_address+1
   34  06:D2F5  60                RTS
   35                             
   36  06:D2F6            Add32ToAddress:
   37                     
   38                             ;;A is hi, X is lo
   39  06:D2F6  8E 20 00          STX temp_addAddress
   40  06:D2F9  8D 21 00          STA temp_addAddress+1
   41                             
   42  06:D2FC  8A                TXA
   43  06:D2FD  18                CLC
   44  06:D2FE  69 20             ADC #$20
   45  06:D300  AA                TAX
   46  06:D301  AD 21 00          LDA temp_addAddress+1
   47  06:D304  69 00             ADC #$00
   48  06:D306  8D 21 00          STA temp_addAddress+1
   49                             
   50                             ;;A is new hi, X is new low
   51  06:D309  60                RTS
   52                     
   53                     
   54                             
#[1]   Source/PictoPuzzler.asm
#[2]   Source/Routines/Utils/PPUUtils.asm
  188                       .include "Source/Routines/Utils/PPUUtils.asm"
    1  06:D30A            LoadFullPaletteFromTable:
    2                     
    3                       MACROSetPPUAddress $3F00
                          
       06:D30A  AD 02 20    LDA PPU_STATUS             ; read PPU status to reset the high/low latch
       06:D30D  A9 3F       LDA #HIGH($3F00)
       06:D30F  8D 06 20    STA PPU_ADDR            ; write the high byte of $2000 address
       06:D312  A9 00       LDA #LOW($3F00)
       06:D314  8D 06 20    STA PPU_ADDR           ; write the low byte of $2000 address
                            
    4  06:D317  A0 00       LDY #$00              ; start out at 0
    5  06:D319  A2 00       LDX #$00
    6  06:D31B            .loop:
    7  06:D31B  B1 18       LDA [table_address], y        ; load data from address (palette + the value in x)
    8  06:D31D  9D 00 6C    STA Palette_Copy, x
    9  06:D320  48          PHA 
   10  06:D321  AD 0F 00    LDA mode_loadFlags
   11  06:D324  29 10       AND #$10
   12  06:D326  D0 04       BNE .setBlack
   13  06:D328  68          PLA 
   14  06:D329  4C 2F D3    JMP .setPPUData
   15  06:D32C            .setBlack:
   16                     
   17  06:D32C  68          PLA 
   18  06:D32D  A9 0F       LDA #$0F
   19                       
   20  06:D32F            .setPPUData:
   21  06:D32F  8D 07 20    STA PPU_DATA            ; write to PPU
   22  06:D332  C8          INY                   ; X = X + 1
   23  06:D333  E8          INX
   24  06:D334  C0 20       CPY #$20              ; Compare X to hex $10, decimal 16 - copying 16 bytes = 4 sprites
   25  06:D336  D0 E3       BNE .loop  ; Branch to LoadPalettesLoop if compare was Not Equal to zero
   26  06:D338  60          RTS
   27                     
   28  06:D339            LoadFullBackgroundFromTable:
   29                     
   30                         ;;use A as an index for which nametable to write to
   31  06:D339  20 0E D5          JSR SetNametableFromIndex
   32  06:D33C  8A                TXA
   33  06:D33D  4A                LSR A
   34  06:D33E  29 01             AND #$01
   35  06:D340  D0 1C             BNE .copyScreenB
   36                             MACROGetLabelPointer Screen_Copy, pointer_address
                          
       06:D342  A9 60             LDA #HIGH(Screen_Copy)
       06:D344  A2 00             LDX #LOW(Screen_Copy)
                                  
       06:D346  8E 14 00          STX pointer_address
       06:D349  8D 15 00          STA pointer_address+1
                                  
   37                             MACROGetLabelPointer SaveScreen_Copy, pointerB_address
                          
       06:D34C  A9 68             LDA #HIGH(SaveScreen_Copy)
       06:D34E  A2 00             LDX #LOW(SaveScreen_Copy)
                                  
       06:D350  8E 16 00          STX pointerB_address
       06:D353  8D 17 00          STA pointerB_address+1
                                  
   38  06:D356  A9 20             LDA #%00100000
   39  06:D358  8D 01 00          STA temp2
   40  06:D35B  4C 6D D3          JMP .setCounters
   41                             
   42  06:D35E            .copyScreenB:
   43                             MACROGetLabelPointer ScreenB_Copy, pointer_address
                          
       06:D35E  A9 64             LDA #HIGH(ScreenB_Copy)
       06:D360  A2 00             LDX #LOW(ScreenB_Copy)
                                  
       06:D362  8E 14 00          STX pointer_address
       06:D365  8D 15 00          STA pointer_address+1
                                  
   44  06:D368  A9 00             LDA #$00
   45  06:D36A  8D 01 00          STA temp2
   46                             
   47                             ;;set pointer
   48                             ;; set counters
   49  06:D36D            .setCounters:
   50  06:D36D  A0 00             LDY #$00
   51  06:D36F  A2 00             LDX #$00
   52                             
   53                             ;;start loop
   54                     
   55  06:D371            .outerloop:
   56                     
   57  06:D371            .innerloop:
   58                     
   59  06:D371  AD 0F 00          LDA mode_loadFlags
   60  06:D374  29 80             AND #$80
   61  06:D376  F0 18             BEQ .fromTable
   62                             ;;if we're not in the att table, write a tile
   63                             ;;else, write 0
   64  06:D378  E0 03             CPX #$03
   65  06:D37A  90 0C             BCC .doTile
   66  06:D37C  C0 C0             CPY #$C0
   67  06:D37E  90 08             BCC .doTile 
   68  06:D380  A9 00             LDA #$00
   69  06:D382  8D 09 00          STA temp10
   70  06:D385  4C 95 D3          JMP .writeToScreen
   71  06:D388            .doTile:
   72  06:D388  A9 24             LDA #$24
   73  06:D38A  8D 09 00          STA temp10
   74  06:D38D  4C 95 D3          JMP .writeToScreen
   75  06:D390            .fromTable:
   76  06:D390  B1 18             LDA [table_address], y
   77  06:D392  8D 09 00          STA temp10
   78  06:D395            .writeToScreen:
   79  06:D395  AD 09 00          LDA temp10
   80  06:D398  8D 07 20          STA PPU_DATA
   81  06:D39B  91 14             STA [pointer_address],y
   82  06:D39D  AD 0F 00      LDA mode_loadFlags
   83  06:D3A0  29 20         AND #%00100000      ;check save flag
   84  06:D3A2  2D 01 00          AND temp2
   85  06:D3A5  F0 05             BEQ .skipSaveCopy
   86  06:D3A7  AD 09 00      LDA temp10
   87  06:D3AA  91 16             STA [pointerB_address],y
   88                     
   89  06:D3AC            .skipSaveCopy:
   90  06:D3AC  C8                INY
   91  06:D3AD  C0 00             CPY #$00
   92  06:D3AF  D0 C0             BNE .innerloop
   93                     
   94  06:D3B1  EE 15 00          INC pointer_address+1
   95  06:D3B4  EE 19 00          INC table_address+1
   96  06:D3B7  EE 17 00          INC pointerB_address+1
   97                             
   98  06:D3BA  E8                INX
   99  06:D3BB  E0 04             CPX #$04
  100  06:D3BD  D0 B2             BNE .outerloop
  101  06:D3BF  60                RTS
  102                     
  103           0000      DATA_LEN = temp1
  104           0001      WRITE_SETTINGS = temp2
  105                             
  106  06:D3C0            ProcessPPUString:
  107                     
  108  06:D3C0  AD 2D 00          LDA PPU_PendingWrite
  109  06:D3C3  D0 01             BNE .continueProcess
  110  06:D3C5  60                RTS
  111                             
  112  06:D3C6            .continueProcess:
  113  06:D3C6  A0 00             LDY #$00
  114                             
  115  06:D3C8  A9 2F             LDA #LOW(PPU_String)
  116  06:D3CA  8D 14 00          STA pointer_address
  117  06:D3CD  A9 00             LDA #HIGH(PPU_String)
  118  06:D3CF  8D 15 00          STA pointer_address + 1
  119                     
  120  06:D3D2            .outerloop:
  121  06:D3D2  AD 02 20          LDA PPU_STATUS
  122  06:D3D5  B1 14             LDA [pointer_address], y
  123  06:D3D7  F0 79             BEQ .finish
  124  06:D3D9  8D 06 20          STA PPU_ADDR
  125  06:D3DC  C8                INY
  126  06:D3DD  B1 14             LDA [pointer_address], y
  127  06:D3DF  8D 06 20          STA PPU_ADDR
  128  06:D3E2  C8            INY 
  129  06:D3E3  B1 14             LDA [pointer_address], y
  130  06:D3E5  8D 01 00          STA WRITE_SETTINGS
  131  06:D3E8  C8                INY
  132                             
  133  06:D3E9  AD 00 20          LDA PPU_CTRL
  134  06:D3EC  29 FB             AND #$FB
  135  06:D3EE  8D 00 20          STA PPU_CTRL
  136                             
  137  06:D3F1  AD 01 00          LDA WRITE_SETTINGS      ;check horizontal or vertical write
  138  06:D3F4  29 80             AND #%10000000
  139  06:D3F6  F0 06             BEQ .checkRepeat
  140  06:D3F8  0D 00 20          ORA PPU_CTRL 
  141  06:D3FB  8D 00 20          STA PPU_CTRL 
  142                             
  143                             
  144  06:D3FE            .checkRepeat:
  145  06:D3FE  AD 01 00    LDA WRITE_SETTINGS
  146  06:D401  29 40       AND #%01000000
  147  06:D403  F0 19       BEQ .checkTable
  148                       
  149  06:D405  AD 01 00    LDA WRITE_SETTINGS
  150  06:D408  29 3F       AND #$3F
  151  06:D40A  8D 00 00    STA DATA_LEN
  152                       ;;the usual data length byte is now the repeatable byte
  153  06:D40D  A2 00       LDX #$00
  154                       
  155  06:D40F            .repeatLoop:
  156  06:D40F  B1 14       LDA [pointer_address], y
  157  06:D411  8D 07 20    STA PPU_DATA
  158  06:D414  E8          INX 
  159  06:D415  EC 00 00    CPX DATA_LEN
  160  06:D418  D0 F5       BNE .repeatLoop
  161  06:D41A  C8          INY
  162  06:D41B  4C D2 D3    JMP .outerloop
  163                             
  164  06:D41E            .checkTable:
  165  06:D41E  AD 01 00          LDA WRITE_SETTINGS
  166  06:D421  29 20             AND #%00100000
  167  06:D423  F0 16             BEQ .rawData
  168                             
  169  06:D425  B1 14             LDA [pointer_address], y
  170  06:D427  8D 18 00          STA table_address
  171  06:D42A  C8                INY 
  172  06:D42B  B1 14             LDA [pointer_address], y
  173  06:D42D  8D 19 00          STA table_address + 1
  174  06:D430  C8                INY
  175  06:D431  98                TYA 
  176  06:D432  48                PHA
  177  06:D433  20 56 D4          JSR WriteToPPUFromTable
  178  06:D436  68                PLA
  179  06:D437  A8                TAY
  180  06:D438  4C D2 D3          JMP .outerloop
  181                             
  182  06:D43B            .rawData:
  183                     
  184  06:D43B  B1 14             LDA [pointer_address], y
  185  06:D43D  C8                INY
  186  06:D43E  8D 00 00          STA DATA_LEN
  187                     
  188  06:D441  A2 00             LDX #$00
  189                     
  190  06:D443            .innerloop:
  191                             
  192  06:D443  B1 14             LDA [pointer_address], y
  193  06:D445  8D 07 20          STA PPU_DATA
  194  06:D448  C8                INY
  195  06:D449  E8                INX
  196  06:D44A  EC 00 00          CPX DATA_LEN
  197  06:D44D  D0 F4             BNE .innerloop
  198  06:D44F  4C D2 D3          JMP .outerloop
  199                             
  200  06:D452            .finish:
  201  06:D452  20 97 D4          JSR ClearPPUString
  202  06:D455            .leave:
  203  06:D455  60                RTS
  204                             
  205  06:D456            WriteToPPUFromTable:
  206  06:D456  A0 00             LDY #$00
  207  06:D458  B1 18             LDA [table_address], y
  208  06:D45A  C8                INY
  209  06:D45B  8D 00 00          STA DATA_LEN
  210  06:D45E            .innerloop:
  211  06:D45E  B1 18             LDA [table_address], y
  212  06:D460  8D 07 20          STA PPU_DATA
  213  06:D463  C8                INY
  214  06:D464  CC 00 00          CPY DATA_LEN
  215  06:D467  90 F5             BCC .innerloop ;table should have the size in it, but since we count the byte count, we'll want to wait till we go over it
  216  06:D469  F0 F3             BEQ .innerloop
  217  06:D46B  60                RTS
  218                       
  219  06:D46C            LoadSprites_impl:
  220                       ;;A will be the amount of sprites to load
  221  06:D46C  8D 00 00    STA DATA_LEN
  222  06:D46F  0E 00 00    ASL DATA_LEN
  223  06:D472  0E 00 00    ASL DATA_LEN
  224                       
  225  06:D475  A0 00       LDY #$00              ; start at 0
  226                       
  227  06:D477            .loop:
  228  06:D477  B1 18       LDA [table_address], y; load data from address (sprites +  x)
  229  06:D479  99 00 02    STA SPRITE_DATA, y    ; store into RAM address ($0200 + x)
  230  06:D47C  C8          INY                   ; X = X + 1
  231  06:D47D  CC 00 00    CPY DATA_LEN             ; Compare X to hex $10, decimal 16
  232  06:D480  D0 F5       BNE .loop   ; Branch to LoadSpritesLoop if compare was Not Equal to zero
  233                                             ; if compare was equal to 16, keep going down   
  234  06:D482  60          RTS
  235                     
  236                     
  237  06:D483            WriteToPPUString:
  238                     
  239  06:D483  AE 2E 00          LDX PPU_StringIdx
  240  06:D486  E0 4F             CPX #PPU_STRINGMAX
  241  06:D488  F0 0C             BEQ .finish
  242                             
  243  06:D48A  9D 2F 00          STA PPU_String, x
  244  06:D48D  EE 2E 00          INC PPU_StringIdx
  245  06:D490  E8                INX
  246  06:D491  A9 00             LDA #$00
  247  06:D493  9D 2F 00          STA PPU_String, x
  248                                     
  249  06:D496            .finish:
  250  06:D496  60                RTS
  251                     
  252  06:D497            ClearPPUString:
  253                             
  254  06:D497  A9 00             LDA #$00
  255  06:D499  8D 2E 00          STA PPU_StringIdx
  256  06:D49C  8D 2F 00          STA PPU_String
  257  06:D49F  8D 2D 00          STA PPU_PendingWrite
  258  06:D4A2  60                RTS
  259                     
  260  06:D4A3            DetectSprite0:
  261                     
  262  06:D4A3  AD 01 20    LDA PPU_MASK
  263  06:D4A6  29 18       AND #%00011000
  264  06:D4A8  F0 13       BEQ LeaveDetect
  265                     
  266  06:D4AA            WaitNotSprite0:
  267  06:D4AA  AD 02 20    lda PPU_STATUS
  268  06:D4AD  29 40       and #SPRITE_0_MASK
  269  06:D4AF  D0 F9       bne WaitNotSprite0   ; wait until sprite 0 not hit
  270                     
  271  06:D4B1            WaitSprite0:
  272  06:D4B1  AD 02 20    lda $2002
  273  06:D4B4  29 40       and #SPRITE_0_MASK
  274  06:D4B6  F0 F9       beq WaitSprite0      ; wait until sprite 0 is hit
  275                     
  276  06:D4B8  A2 05       ldx #$05                              ;do a scanline wait
  277  06:D4BA            WaitScanline:
  278  06:D4BA  CA          dex
  279  06:D4BB  D0 FD       bne WaitScanline
  280                       
  281  06:D4BD            LeaveDetect:
  282  06:D4BD  60          RTS
  283                     
  284                             
  285  06:D4BE            StoreXYOffset:
  286                             ;;A = Y offset, X = X offset
  287  06:D4BE  8E 00 00          STX temp1
  288  06:D4C1  8D 01 00          STA temp2
  289  06:D4C4  A9 00             LDA #$00
  290  06:D4C6  8D 02 00          STA temp3
  291                             
  292  06:D4C9  0E 01 00          ASL temp2
  293  06:D4CC  2E 02 00          ROL temp3
  294  06:D4CF  0E 01 00          ASL temp2
  295  06:D4D2  2E 02 00          ROL temp3
  296  06:D4D5  0E 01 00          ASL temp2
  297  06:D4D8  2E 02 00          ROL temp3
  298  06:D4DB  0E 01 00          ASL temp2
  299  06:D4DE  2E 02 00          ROL temp3
  300  06:D4E1  0E 01 00          ASL temp2
  301  06:D4E4  2E 02 00          ROL temp3
  302                             
  303                             ;;add them together
  304  06:D4E7  AD 01 00          LDA temp2
  305  06:D4EA  18                CLC
  306  06:D4EB  6D 00 00          ADC temp1
  307  06:D4EE  8D 22 00          STA temp_offset
  308  06:D4F1  AD 02 00          LDA temp3
  309  06:D4F4  69 00             ADC #$00
  310  06:D4F6  8D 23 00          STA temp_offset+1
  311                     
  312  06:D4F9            GetAddressWithXYOffset:
  313                     
  314                             ;;A is hi, X is lo
  315  06:D4F9  8E 20 00          STX temp_addAddress
  316  06:D4FC  8D 21 00          STA temp_addAddress+1
  317                             
  318  06:D4FF  AD 20 00          LDA temp_addAddress
  319  06:D502  18                CLC
  320  06:D503  6D 22 00          ADC temp_offset
  321  06:D506  AA                TAX
  322  06:D507  AD 21 00          LDA temp_addAddress+1
  323  06:D50A  6D 23 00          ADC temp_offset+1
  324                             ;;A is new hi, X is new lo
  325                             
  326  06:D50D  60                RTS
  327                     
  328  06:D50E            SetNametableFromIndex:
  329                     
  330  06:D50E  48          PHA                                           ;; Store the index
  331  06:D50F  AD 02 20    LDA PPU_STATUS                        ;; load the PPU status to reset the write register
  332  06:D512  68          PLA                                           ;; Retrieve index
  333  06:D513  0A          ASL A                                         ;; double it (indexing a 2 byte table)
  334  06:D514  AA          TAX                                           ;; put it in X
  335  06:D515  BD C9 D5    LDA NameTableMemList+1, x     ;; get the nametable from the list, store it in the PPU Address
  336  06:D518  8D 06 20    STA PPU_ADDR                          
  337  06:D51B  BD C8 D5    LDA NameTableMemList, x
  338  06:D51E  8D 06 20    STA PPU_ADDR
  339  06:D521  60          RTS
  340                     
  341  06:D522            GetNametableFromIndex:
  342                     
  343  06:D522  0A          ASL A                                         ;; double it (indexing a 2 byte table)
  344  06:D523  AA          TAX                                           ;; put it in X
  345  06:D524  BD C9 D5    LDA NameTableMemList+1, x     ;; get the nametable from the list, store it in the PPU Address
  346  06:D527  8D 1F 00    STA ppu_startAddress+1                        
  347  06:D52A  BD C8 D5    LDA NameTableMemList, x
  348  06:D52D  8D 1E 00    STA ppu_startAddress
  349  06:D530  60          RTS
  350                       
  351  06:D531            TurnOnSprites:
  352                      
  353  06:D531  AD 28 00    LDA PPU_Mask
  354  06:D534  09 10       ORA #%00010000
  355  06:D536  8D 28 00    STA PPU_Mask
  356  06:D539  60          RTS
  357                       
  358  06:D53A            TurnOffSprites:
  359                       
  360  06:D53A  AD 28 00    LDA PPU_Mask
  361  06:D53D  29 EF       AND #%11101111
  362  06:D53F  8D 28 00    STA PPU_Mask
  363  06:D542  60          RTS
  364                     
  365  06:D543            DisableRendering:
  366                     
  367  06:D543  AD 28 00    LDA PPU_Mask
  368  06:D546  29 E7       AND #%11100111
  369  06:D548  8D 28 00    STA PPU_Mask
  370  06:D54B  60          RTS
  371                       
  372  06:D54C            EnableRendering:
  373                     
  374  06:D54C  AD 28 00    LDA PPU_Mask
  375  06:D54F  09 18       ORA #%00011000
  376  06:D551  8D 28 00    STA PPU_Mask
  377  06:D554  60          RTS
  378                     
  379  06:D555            UpdatePPUControl:
  380                     
  381  06:D555  AD 27 00    LDA PPU_Control
  382  06:D558  29 FC       AND #$FC
  383  06:D55A  0D 2C 00    ORA PPU_NT
  384  06:D55D  8D 00 20    STA PPU_CTRL
  385  06:D560  60          RTS
  386                       
  387  06:D561            UpdatePPUMask:
  388  06:D561  AD 28 00    LDA PPU_Mask
  389  06:D564  8D 01 20    STA PPU_MASK
  390  06:D567  60          RTS
  391                       
  392  06:D568            InitPPUControl:
  393                       
  394                       ; enable NMI, sprites from Pattern Table 0, background from Pattern Table 1
  395                       ; enable sprites, enable background, no clipping on left side
  396  06:D568  A9 90       LDA #%10010000
  397  06:D56A  8D 00 20    STA PPU_CTRL
  398  06:D56D  8D 27 00    STA PPU_Control
  399  06:D570  A9 1E       LDA #%00011110
  400                       ;;STA PPU_MASK
  401  06:D572  8D 28 00    STA PPU_Mask
  402  06:D575  60          RTS
  403                       
  404  06:D576            FadeOutPalettes:
  405                     
  406                     ;;take the current values, and decrement the lower nibbles
  407                     ;;we can access from the palette copy 
  408                     ;;we'll make this fade out one level per call
  409                     ;;once all the palettes are blacked out we'll return true, so we'll keep the carry flag as a return result
  410                     
  411                     ;;go through the palette copy, decrement, make a raw data PPU string and add all the bytes into it
  412                     ;;for any palette color already in the 0x range, change it to 0f to get black
  413                     
  414                       MACROGetLabelPointer Palette_Copy, table_address
                          
       06:D576  A9 6C             LDA #HIGH(Palette_Copy)
       06:D578  A2 00             LDX #LOW(Palette_Copy)
                                  
       06:D57A  8E 18 00          STX table_address
       06:D57D  8D 19 00          STA table_address+1
                                  
  415                     ;;palette copy address is now X accessable
  416                     
  417  06:D580  A0 00       LDY #$00
  418                       MACROAddPPUStringEntryRawData #$3F, #$00, #DRAW_HORIZONTAL, #$20  
                          
       06:D582  A9 01       LDA #$01
       06:D584  8D 2D 00    STA PPU_PendingWrite
       06:D587  A9 3F       LDA #$3F
       06:D589  20 83 D4    JSR WriteToPPUString
       06:D58C  A9 00       LDA #$00
       06:D58E  20 83 D4    JSR WriteToPPUString
       06:D591  A9 00       LDA #DRAW_HORIZONTAL
       06:D593  20 83 D4    JSR WriteToPPUString
       06:D596  A9 20       LDA #$20 
       06:D598  20 83 D4    JSR WriteToPPUString
                            
  419                     
  420  06:D59B  A9 00       LDA #$00
  421  06:D59D  8D 00 00    STA temp1
  422                       
  423  06:D5A0            .loop:
  424                     
  425  06:D5A0  B1 18       LDA [table_address], y
  426  06:D5A2  C9 0F       CMP #$0F
  427  06:D5A4  F0 15       BEQ .addToString
  428  06:D5A6  C9 10       CMP #$10
  429  06:D5A8  90 0D       BCC .setBlack
  430                       
  431  06:D5AA  A9 80       LDA #$80
  432  06:D5AC  8D 00 00    STA temp1
  433                       
  434  06:D5AF  B1 18       LDA [table_address], y
  435  06:D5B1  38          SEC
  436  06:D5B2  E9 10       SBC #$10
  437  06:D5B4  4C B9 D5    JMP .setColor
  438                     
  439  06:D5B7            .setBlack:
  440                     
  441  06:D5B7  A9 0F       LDA #$0F
  442                     
  443  06:D5B9            .setColor:
  444  06:D5B9  91 18       STA [table_address], y
  445                     
  446  06:D5BB            .addToString:
  447                     
  448  06:D5BB  20 83 D4    JSR WriteToPPUString
  449                     
  450  06:D5BE            .incY:
  451                       
  452  06:D5BE  C8          INY
  453  06:D5BF  C0 20       CPY #$20
  454  06:D5C1  D0 DD       BNE .loop
  455                     
  456  06:D5C3  0E 00 00    ASL temp1     ;get carry out, if we have one
  457                     
  458  06:D5C6  60          RTS
  459                       
  460  06:D5C7            FadeInPalettes:
  461                     
  462                     ;;need to be able to store off a target palette first
  463                     ;;we can use the palette copy we make during the game mode change as the target
  464  06:D5C7  60          RTS
  465                     
  466  06:D5C8            NameTableMemList:
  467  06:D5C8  00 20       .word $2000, $2400, $2800, $2C00
       06:D5CA  00 24     
       06:D5CC  00 28     
       06:D5CE  00 2C     
  468  06:D5D0            PalettesMemList:
  469  06:D5D0  00 3F       .word $3F00, $3F04, $3F08, $3F0C
       06:D5D2  04 3F     
       06:D5D4  08 3F     
       06:D5D6  0C 3F     
  470  06:D5D8  10 3F       .word $3F10, $3F14, $3F18, $3F1C  
       06:D5DA  14 3F     
       06:D5DC  18 3F     
       06:D5DE  1C 3F     
  471                       
  472           0024      BLANK_TILE = $24
#[1]   Source/PictoPuzzler.asm
#[2]   Source/Routines/Utils/MapperUtils.asm
  189                       .include "Source/Routines/Utils/MapperUtils.asm"
    1           0080      MAPPERCONTROL = $80
    2           00A0      CHRBANK1 = $A0
    3           00C0      CHRBANK2 = $C0
    4           00E0      PRGBANK = $E0
    5                     
    6  06:D5E0            ResetMapper:
    7  06:D5E0  EE E0 D5    inc ResetMapper
    8  06:D5E3  60          RTS
    9                       
   10                     ;;now, set up the controls for the mapper
   11                     ;;4bit0
   12                     ;;-----
   13                     ;;CPPMM
   14                     ;;|||||
   15                     ;;|||++- Mirroring (0: one-screen, lower bank; 1: one-screen, upper bank;
   16                     ;;|||               2: vertical; 3: horizontal)
   17                     ;;|++--- PRG ROM bank mode (0, 1: switch 32 KB at $8000, ignoring low bit of bank number;
   18                     ;;|                         2: fix first bank at $8000 and switch 16 KB bank at $C000;
   19                     ;;|                         3: fix last bank at $C000 and switch 16 KB bank at $8000)
   20                     ;;+----- CHR ROM bank mode (0: switch 8 KB at a time; 1: switch two separate 4 KB banks)
   21                        
   22  06:D5E4            SetMapperControls:
   23                       ;;A = controls
   24  06:D5E4  AA          TAX
   25  06:D5E5  A9 80       LDA #MAPPERCONTROL
   26  06:D5E7  8D B0 00    STA mapper_address+1
   27  06:D5EA  8A          TXA
   28  06:D5EB  20 10 D6    JSR SendMapperCommand
   29  06:D5EE  60          RTS
   30                     
   31  06:D5EF            LoadPRGBank:
   32                     
   33                             ;;A is the desired PRG number
   34  06:D5EF  AA                TAX
   35  06:D5F0  A9 E0             LDA #PRGBANK
   36  06:D5F2  8D B0 00          STA mapper_address+1
   37  06:D5F5  8A                TXA
   38  06:D5F6  20 10 D6          JSR SendMapperCommand
   39  06:D5F9  60                RTS
   40                             
   41  06:D5FA            LoadCHRBankA:
   42                             ;;A is the desired CHR bank
   43  06:D5FA  AA                TAX
   44  06:D5FB  A9 A0             LDA #CHRBANK1
   45  06:D5FD  8D B0 00          STA mapper_address+1
   46  06:D600  8A                TXA
   47  06:D601  20 10 D6          JSR SendMapperCommand
   48  06:D604  60                RTS
   49                             
   50  06:D605            LoadCHRBankB:
   51                             ;;A is the desired CHR bank
   52  06:D605  AA                TAX
   53  06:D606  A9 C0             LDA #CHRBANK2
   54  06:D608  8D B0 00          STA mapper_address+1
   55  06:D60B  8A                TXA
   56  06:D60C  20 10 D6          JSR SendMapperCommand
   57  06:D60F  60                RTS
   58                             
   59  06:D610            SendMapperCommand:
   60                     
   61  06:D610  A0 00             LDY #$00
   62                             
   63  06:D612  91 AF             STA [mapper_address], y
   64  06:D614  4A                LSR A
   65  06:D615  91 AF             STA [mapper_address], y
   66  06:D617  4A                LSR A
   67  06:D618  91 AF             STA [mapper_address], y
   68  06:D61A  4A                LSR A 
   69  06:D61B  91 AF             STA [mapper_address], y
   70  06:D61D  4A                LSR A
   71  06:D61E  91 AF             STA [mapper_address], y
   72                             
   73  06:D620  60                RTS
   74                             
   75  06:D621            ResetBanks:
   76                     
   77  06:D621  20 E0 D5          JSR ResetMapper
   78  06:D624  A9 00             LDA #$00
   79  06:D626  20 EF D5          JSR LoadPRGBank
   80                       
   81                             ;;as a test, load up the initial CHR banks
   82  06:D629  20 E0 D5          JSR ResetMapper
   83  06:D62C  A9 00             LDA #$00
   84  06:D62E  20 FA D5          JSR LoadCHRBankA
   85  06:D631  A9 01             LDA #$01
   86  06:D633  20 05 D6          JSR LoadCHRBankB
   87  06:D636  60                RTS
   88                             
   89                       
#[1]   Source/PictoPuzzler.asm
#[2]   Source/Routines/Common/DrawingRoutines.asm
  190                       .include "Source/Routines/Common/DrawingRoutines.asm"
    1  06:D637            PopulateClues:
    2                       
    3  06:D637  A0 00       LDY #$00
    4  06:D639  B1 B7       LDA [puzzle_address], y
    5  06:D63B  AA          TAX
    6  06:D63C  BD 62 DA    LDA PuzzleSizes, x
    7  06:D63F  8D 00 00    STA temp1
    8                       
    9  06:D642            .getByte:
   10  06:D642  AC CB 00    LDY clueTableIndex
   11  06:D645  B1 B9       LDA [clues_address], y
   12  06:D647  D0 07       BNE .checkNewLine
   13  06:D649  EE CB 00    INC clueTableIndex
   14  06:D64C  A9 00       LDA #$00
   15  06:D64E  F0 39       BEQ .drawClue
   16                       ;was 0, set up a draw
   17  06:D650            .checkNewLine
   18  06:D650  C9 FF       CMP #$FF
   19  06:D652  D0 18       BNE .getClue
   20                       
   21                       ;;was FF- need to inc stuff
   22  06:D654  EE CB 00    INC clueTableIndex
   23  06:D657  A9 00       LDA #$00
   24  06:D659  8D D2 00    STA clueParity
   25                       
   26  06:D65C  EE CC 00    INC clueLineIndex
   27  06:D65F  AD CC 00    LDA clueLineIndex
   28  06:D662  CD 00 00    CMP temp1
   29                       ;CMP #$01
   30  06:D665  F0 28       BEQ .leave    ;carry will be set
   31                       
   32  06:D667  20 26 D7    JSR CreateOffsetFromIndex
   33                      
   34  06:D66A  D0 D6       BNE .getByte
   35                       
   36  06:D66C            .getClue:
   37                       ;;clues go from high nibble to low nibble
   38  06:D66C  48          PHA 
   39  06:D66D  AD D2 00    LDA clueParity
   40  06:D670  D0 0A       BNE .getSecondClue
   41  06:D672  EE D2 00    INC clueParity
   42  06:D675  68          PLA
   43  06:D676  4A          LSR A
   44  06:D677  4A          LSR A
   45  06:D678  4A          LSR A
   46  06:D679  4A          LSR A         ;move clue over to lower nibble
   47  06:D67A  D0 0D       BNE .drawClue
   48                       
   49  06:D67C            .getSecondClue:
   50                     
   51  06:D67C  CE D2 00    DEC clueParity
   52  06:D67F  EE CB 00    INC clueTableIndex
   53  06:D682  68          PLA 
   54  06:D683  29 0F       AND #$0F
   55  06:D685  D0 02       BNE .drawClue
   56                       ;;if 0, skip
   57  06:D687  F0 B9       BEQ .getByte
   58                      
   59  06:D689            .drawClue:
   60                       
   61  06:D689  09 40       ORA #$40
   62  06:D68B  20 90 D6    JSR WriteClueByteToPPUString
   63  06:D68E  18          CLC
   64                       
   65  06:D68F            .leave:
   66  06:D68F  60          RTS
   67                       
   68  06:D690            WriteClueByteToPPUString:
   69                     
   70  06:D690  8D 00 00    STA temp1 ;store off the tile value
   71                     
   72                       MACROAddPPUStringEntryRawData clue_draw_address+1, clue_draw_address, #DRAW_HORIZONTAL, #$01
                          
       06:D693  A9 01       LDA #$01
       06:D695  8D 2D 00    STA PPU_PendingWrite
       06:D698  AD CA 00    LDA clue_draw_address+1
       06:D69B  20 83 D4    JSR WriteToPPUString
       06:D69E  AD C9 00    LDA clue_draw_address
       06:D6A1  20 83 D4    JSR WriteToPPUString
       06:D6A4  A9 00       LDA #DRAW_HORIZONTAL
       06:D6A6  20 83 D4    JSR WriteToPPUString
       06:D6A9  A9 01       LDA #$01 
       06:D6AB  20 83 D4    JSR WriteToPPUString
                            
   73  06:D6AE  AD 00 00    LDA temp1
   74  06:D6B1  20 83 D4    JSR WriteToPPUString
   75                       
   76                       ;;also copy to ... copy
   77  06:D6B4  AD C9 00    LDA clue_draw_address
   78  06:D6B7  8D BF 00    STA copy_address
   79  06:D6BA  AD CA 00    LDA clue_draw_address+1
   80  06:D6BD  29 0F       AND #$0F
   81  06:D6BF  09 60       ORA #$60
   82  06:D6C1  8D C0 00    STA copy_address+1
   83  06:D6C4  AD 00 00    LDA temp1
   84  06:D6C7  A0 00       LDY #$00
   85  06:D6C9  91 BF       STA [copy_address],y
   86  06:D6CB  AD C0 00    LDA copy_address+1
   87  06:D6CE  18          CLC
   88  06:D6CF  69 08       ADC #$08
   89  06:D6D1  8D C0 00    STA copy_address+1
   90  06:D6D4  AD 00 00    LDA temp1
   91  06:D6D7  91 BF       STA [copy_address],y
   92                       
   93  06:D6D9  AD CE 00    LDA clueDrawAdd
   94  06:D6DC  20 03 D7    JSR SubFromClueDrawAddress
   95                         
   96  06:D6DF  60          RTS
   97                       
   98  06:D6E0            ResetClueDrawAddress:
   99                     
  100                       MACROGetPointer clue_start_address, clue_draw_address
                          
       06:D6E0  AD C7 00          LDA clue_start_address
       06:D6E3  8D C9 00          STA clue_draw_address
       06:D6E6  AD C8 00          LDA clue_start_address+1
       06:D6E9  8D CA 00          STA clue_draw_address+1
                          
  101                       
  102  06:D6EC  60          RTS
  103                       
  104  06:D6ED            AddToClueDrawAddress:
  105                     
  106  06:D6ED  8D 00 00    STA temp1
  107                       
  108  06:D6F0  AD C9 00    LDA clue_draw_address
  109  06:D6F3  18          CLC
  110  06:D6F4  6D 00 00    ADC temp1
  111  06:D6F7  8D C9 00    STA clue_draw_address
  112  06:D6FA  AD CA 00    LDA clue_draw_address+1
  113  06:D6FD  69 00       ADC #$00
  114  06:D6FF  8D CA 00    STA clue_draw_address+1
  115                       
  116  06:D702  60          RTS
  117                         
  118  06:D703            SubFromClueDrawAddress:
  119                     
  120  06:D703  8D 00 00    STA temp1
  121                       
  122  06:D706  AD C9 00    LDA clue_draw_address
  123  06:D709  38          SEC
  124  06:D70A  ED 00 00    SBC temp1
  125  06:D70D  8D C9 00    STA clue_draw_address
  126  06:D710  AD CA 00    LDA clue_draw_address+1
  127  06:D713  E9 00       SBC #$00
  128  06:D715  8D CA 00    STA clue_draw_address+1
  129                       
  130  06:D718  60          RTS
  131                       
  132  06:D719            AddToClueDrawAddressHi:
  133                     
  134  06:D719  8D 00 00    STA temp1
  135                       
  136  06:D71C  AD CA 00    LDA clue_draw_address+1
  137  06:D71F  6D 00 00    ADC temp1
  138  06:D722  8D CA 00    STA clue_draw_address+1
  139                       
  140  06:D725  60          RTS
  141                       
  142  06:D726            CreateOffsetFromIndex:
  143                     
  144                       ;;would be this, but we need to be able to go further- so we'll make a doulbe offset
  145  06:D726  AD CC 00    LDA clueLineIndex
  146  06:D729  8D CF 00    STA clueDrawOffset
  147  06:D72C  A9 00       LDA #$00
  148  06:D72E  8D D0 00    STA clueDrawOffset+1
  149                       
  150  06:D731  AD CD 00    LDA clueOffsetShift   
  151  06:D734  F0 0E       BEQ .addOffset
  152                       
  153  06:D736  A2 00       LDX #$00
  154                       
  155  06:D738            .loopShift:
  156  06:D738  0E CF 00    ASL clueDrawOffset
  157  06:D73B  2E D0 00    ROL clueDrawOffset+1
  158  06:D73E  E8          INX
  159  06:D73F  EC CD 00    CPX clueOffsetShift
  160  06:D742  D0 F4       BNE .loopShift
  161                       
  162  06:D744            .addOffset:
  163                       
  164  06:D744  20 E0 D6    JSR ResetClueDrawAddress
  165  06:D747  AD CF 00    LDA clueDrawOffset
  166  06:D74A  20 ED D6    JSR AddToClueDrawAddress 
  167  06:D74D  AD D0 00    LDA clueDrawOffset+1
  168  06:D750  20 19 D7    JSR AddToClueDrawAddressHi
  169                       
  170  06:D753  60          RTS  
  171                       
  172  06:D754            ClearPuzzle:
  173                     
  174                       ;we'll assume clue draw address has been set to the top of the 1st nametable
  175                      
  176                       MACROGetLabelPointer ClearLineDefs, table_address
                          
       06:D754  A9 DA             LDA #HIGH(ClearLineDefs)
       06:D756  A2 44             LDX #LOW(ClearLineDefs)
                                  
       06:D758  8E 18 00          STX table_address
       06:D75B  8D 19 00          STA table_address+1
                                  
  177                     
  178  06:D75E  AC CC 00    LDY clueLineIndex
  179  06:D761  B1 18       LDA [table_address], y
  180  06:D763  8D 00 00    STA temp1
  181                       MACROAddPPUStringEntryRepeat clue_draw_address+1, clue_draw_address, #DRAW_HORIZONTAL, temp1, #$24
                          
       06:D766  A9 01       LDA #$01
       06:D768  8D 2D 00    STA PPU_PendingWrite
       06:D76B  AD CA 00    LDA clue_draw_address+1
       06:D76E  20 83 D4    JSR WriteToPPUString
       06:D771  AD C9 00    LDA clue_draw_address
       06:D774  20 83 D4    JSR WriteToPPUString
       06:D777  A9 40       LDA #$40
       06:D779  09 00       ORA #DRAW_HORIZONTAL
       06:D77B  0D 00 00    ORA temp1
       06:D77E  20 83 D4    JSR WriteToPPUString
       06:D781  A9 24       LDA #$24
       06:D783  20 83 D4    JSR WriteToPPUString
                            
  182                       ;;no need to load anything else
  183                       
  184  06:D786  AD C9 00    LDA clue_draw_address
  185  06:D789  18          CLC
  186  06:D78A  69 20       ADC #32
  187  06:D78C  8D C9 00    STA clue_draw_address
  188  06:D78F  AD CA 00    LDA clue_draw_address+1
  189  06:D792  69 00       ADC #$00
  190  06:D794  8D CA 00    STA clue_draw_address+1
  191                       
  192  06:D797  EE CC 00    INC clueLineIndex
  193  06:D79A  60          RTS
  194                       
  195  06:D79B            LoadPauseScreen:
  196                     
  197                     ;;use clue indexes again
  198                     ;;we want to draw one line at a time
  199                     ;;we have control codes, but those don't matter since we have to build ou the strings before hand
  200                     
  201                     ;load pause table
  202                     ;there are 6 lines of 13 tiles
  203                     ;one byte for the 6 lines, one byte to keep track of our index
  204                       ;STA clueLineIndex 
  205                       ;STA clueOffsetShift
  206                     
  207                     ;;pause_address has the table we want
  208                     ;;pause_draw_address will be the draw location
  209                     
  210                       MACROAddPPUStringEntryRawData pause_draw_address+1, pause_draw_address, #DRAW_HORIZONTAL, pause_draw_width
                          
       06:D79B  A9 01       LDA #$01
       06:D79D  8D 2D 00    STA PPU_PendingWrite
       06:D7A0  AD C2 00    LDA pause_draw_address+1
       06:D7A3  20 83 D4    JSR WriteToPPUString
       06:D7A6  AD C1 00    LDA pause_draw_address
       06:D7A9  20 83 D4    JSR WriteToPPUString
       06:D7AC  A9 00       LDA #DRAW_HORIZONTAL
       06:D7AE  20 83 D4    JSR WriteToPPUString
       06:D7B1  AD C4 00    LDA pause_draw_width 
       06:D7B4  20 83 D4    JSR WriteToPPUString
                            
  211                     
  212  06:D7B7  A2 00       LDX #$00
  213  06:D7B9  AC CC 00    LDY clueLineIndex
  214  06:D7BC            .loop:
  215                      
  216  06:D7BC  8A          TXA
  217  06:D7BD  48          PHA
  218  06:D7BE  B1 BD       LDA [pause_address],y
  219  06:D7C0  20 83 D4    JSR WriteToPPUString
  220  06:D7C3  68          PLA
  221  06:D7C4  AA          TAX
  222  06:D7C5  C8          INY
  223  06:D7C6  E8          INX 
  224  06:D7C7  EC C4 00    CPX pause_draw_width
  225  06:D7CA  D0 F0       BNE .loop
  226                       
  227  06:D7CC  8C CC 00    STY clueLineIndex
  228                       
  229  06:D7CF  AD C1 00    LDA pause_draw_address
  230  06:D7D2  18          CLC
  231  06:D7D3  69 20       ADC #$20
  232  06:D7D5  8D C1 00    STA pause_draw_address
  233  06:D7D8  AD C2 00    LDA pause_draw_address+1
  234  06:D7DB  69 00       ADC #$00
  235  06:D7DD  8D C2 00    STA pause_draw_address+1
  236                       
  237  06:D7E0  EE CD 00    INC clueOffsetShift
  238  06:D7E3  60          RTS
  239                       
  240                       
  241                     
  242                     
  243  06:D7E4            ClearPauseScreen:  
  244                     
  245                       MACROAddPPUStringEntryRawData pause_draw_address+1, pause_draw_address, #DRAW_HORIZONTAL, pause_draw_width
                          
       06:D7E4  A9 01       LDA #$01
       06:D7E6  8D 2D 00    STA PPU_PendingWrite
       06:D7E9  AD C2 00    LDA pause_draw_address+1
       06:D7EC  20 83 D4    JSR WriteToPPUString
       06:D7EF  AD C1 00    LDA pause_draw_address
       06:D7F2  20 83 D4    JSR WriteToPPUString
       06:D7F5  A9 00       LDA #DRAW_HORIZONTAL
       06:D7F7  20 83 D4    JSR WriteToPPUString
       06:D7FA  AD C4 00    LDA pause_draw_width 
       06:D7FD  20 83 D4    JSR WriteToPPUString
                            
  246                     
  247  06:D800  A2 00       LDX #$00
  248  06:D802  A0 00       LDY #$00
  249  06:D804            .loop:
  250                      
  251  06:D804  8A          TXA
  252  06:D805  48          PHA
  253  06:D806  B1 BD       LDA [pause_address],y
  254  06:D808  20 83 D4    JSR WriteToPPUString
  255  06:D80B  68          PLA
  256  06:D80C  AA          TAX
  257  06:D80D  C8          INY
  258  06:D80E  E8          INX 
  259  06:D80F  EC C4 00    CPX pause_draw_width
  260  06:D812  D0 F0       BNE .loop
  261                       
  262                       
  263  06:D814  AD C1 00    LDA pause_draw_address
  264  06:D817  18          CLC
  265  06:D818  69 20       ADC #$20
  266  06:D81A  8D C1 00    STA pause_draw_address
  267  06:D81D  AD C2 00    LDA pause_draw_address+1
  268  06:D820  69 00       ADC #$00
  269  06:D822  8D C2 00    STA pause_draw_address+1
  270                       
  271  06:D825  AD BD 00    LDA pause_address
  272  06:D828  18          CLC
  273  06:D829  69 20       ADC #$20
  274  06:D82B  8D BD 00    STA pause_address
  275  06:D82E  AD BE 00    LDA pause_address+1
  276  06:D831  69 00       ADC #$00
  277  06:D833  8D BE 00    STA pause_address+1
  278                       
  279  06:D836  EE CD 00    INC clueOffsetShift
  280  06:D839  60         RTS
  281  06:D83A            DrawImage:
  282                     
  283                       ;;we have clueTableIndex, which should be at the image bytes now
  284                       ;;clue line index will keep track of our place in a byte
  285                        
  286  06:D83A  A9 00       LDA #$00
  287  06:D83C  8D 00 00    STA temp1
  288  06:D83F  8D 01 00    STA temp2
  289  06:D842  8D 02 00    STA temp3
  290  06:D845  8D 03 00    STA temp4
  291  06:D848  8D 05 00    STA temp6
  292                       
  293  06:D84B  A9 04       LDA #$04
  294  06:D84D  8D 04 00    STA temp5
  295                       
  296  06:D850  A0 00       LDY #$00
  297  06:D852  B1 B7       LDA [puzzle_address], y
  298  06:D854  AA          TAX
  299  06:D855  BD 62 DA    LDA PuzzleSizes, x
  300  06:D858  8D 06 00    STA temp7
  301  06:D85B  BD 65 DA    LDA PuzzleImageSizes, x
  302  06:D85E  8D 07 00    STA temp8
  303  06:D861  4A          LSR A
  304  06:D862  4A          LSR A
  305  06:D863  8D 0B 00    STA tempy
  306  06:D866  AD 07 00    LDA temp8
  307  06:D869  29 03       AND #$03
  308  06:D86B  F0 03       BEQ .skipAdd1
  309  06:D86D  EE 0B 00    INC tempy  
  310  06:D870            .skipAdd1:
  311  06:D870  BD 68 DA    LDA ImageDrawWrapOffsets, x
  312  06:D873  8D 0A 00    STA tempx
  313                       
  314  06:D876  AC CB 00    LDY clueTableIndex
  315  06:D879  B1 B9       LDA [clues_address], y
  316                     
  317  06:D87B  0A          ASL A
  318  06:D87C  2E 00 00    ROL temp1
  319  06:D87F  0A          ASL A
  320  06:D880  2E 00 00    ROL temp1
  321  06:D883  0A          ASL A
  322  06:D884  2E 01 00    ROL temp2
  323  06:D887  0A          ASL A
  324  06:D888  2E 01 00    ROL temp2
  325  06:D88B  0A          ASL A
  326  06:D88C  2E 02 00    ROL temp3
  327  06:D88F  0A          ASL A
  328  06:D890  2E 02 00    ROL temp3
  329  06:D893  0A          ASL A
  330  06:D894  2E 03 00    ROL temp4
  331  06:D897  0A          ASL A
  332  06:D898  2E 03 00    ROL temp4
  333                       
  334                     
  335  06:D89B  A2 00       LDX #$00
  336  06:D89D            .moveUpTiles:
  337  06:D89D  BD 00 00    LDA temp1, x
  338  06:D8A0  09 24       ORA #$24
  339  06:D8A2  9D 00 00    STA temp1, x
  340  06:D8A5  E8          INX
  341  06:D8A6  E0 04       CPX #$04
  342  06:D8A8  D0 F3       BNE .moveUpTiles
  343                       
  344                       
  345  06:D8AA  AD CD 00    LDA clueOffsetShift
  346  06:D8AD  18          CLC
  347  06:D8AE  69 04       ADC #$04
  348                     
  349  06:D8B0  8D CD 00    STA clueOffsetShift
  350                       ;;clue offset shift + 4, check if we went over puzle row length
  351  06:D8B3  38          SEC
  352  06:D8B4  ED 06 00    SBC temp7 ;;subtract 15
  353  06:D8B7  90 12       BCC .makeStrings
  354  06:D8B9  F0 10       BEQ .makeStrings
  355                       
  356  06:D8BB  8D CD 00    STA clueOffsetShift ;loop offset over
  357  06:D8BE  8D 05 00    STA temp6 ; length of second string
  358  06:D8C1  AD 04 00    LDA temp5
  359  06:D8C4  38          SEC
  360  06:D8C5  ED 05 00    SBC temp6 
  361  06:D8C8  8D 04 00    STA temp5 ;length of first string 
  362                       
  363  06:D8CB            .makeStrings:
  364                       
  365  06:D8CB  A2 00       LDX #$00
  366                       
  367  06:D8CD  AD 04 00    LDA temp5
  368  06:D8D0  F0 51       BEQ .makeSecondString
  369  06:D8D2  8A          TXA
  370  06:D8D3  48          PHA
  371                       MACROAddPPUStringEntryRawData clue_draw_address+1, clue_draw_address, #DRAW_HORIZONTAL, temp5
                          
       06:D8D4  A9 01       LDA #$01
       06:D8D6  8D 2D 00    STA PPU_PendingWrite
       06:D8D9  AD CA 00    LDA clue_draw_address+1
       06:D8DC  20 83 D4    JSR WriteToPPUString
       06:D8DF  AD C9 00    LDA clue_draw_address
       06:D8E2  20 83 D4    JSR WriteToPPUString
       06:D8E5  A9 00       LDA #DRAW_HORIZONTAL
       06:D8E7  20 83 D4    JSR WriteToPPUString
       06:D8EA  AD 04 00    LDA temp5 
       06:D8ED  20 83 D4    JSR WriteToPPUString
                            
  372  06:D8F0  68          PLA
  373  06:D8F1  AA          TAX
  374                       
  375  06:D8F2            .firstStringLoop:
  376                       
  377  06:D8F2  8A          TXA 
  378  06:D8F3  48          PHA
  379  06:D8F4  BD 00 00    LDA temp1, x
  380  06:D8F7  20 83 D4    JSR WriteToPPUString
  381                       
  382  06:D8FA  EE CC 00    INC clueLineIndex
  383  06:D8FD  AD CC 00    LDA clueLineIndex
  384  06:D900  CD 07 00    CMP temp8
  385  06:D903  D0 04       BNE .continueLoop
  386  06:D905  68          PLA 
  387  06:D906  4C 8A D9    JMP .leave
  388                       
  389  06:D909            .continueLoop:
  390  06:D909  68          PLA
  391  06:D90A  AA          TAX
  392  06:D90B  E8          INX
  393  06:D90C  EC 04 00    CPX temp5
  394  06:D90F  D0 E1       BNE .firstStringLoop
  395                       
  396  06:D911  AD C9 00    LDA clue_draw_address
  397  06:D914  18          CLC
  398  06:D915  6D 04 00    ADC temp5
  399  06:D918  8D C9 00    STA clue_draw_address
  400  06:D91B  AD CA 00    LDA clue_draw_address+1
  401  06:D91E  69 00       ADC #$00
  402  06:D920  8D CA 00    STA clue_draw_address+1
  403                       
  404  06:D923            .makeSecondString:
  405                     
  406  06:D923  AD 05 00    LDA temp6
  407  06:D926  F0 62       BEQ .leave
  408                       
  409                       ;;loop draw address to next line
  410  06:D928  AD C9 00    LDA clue_draw_address
  411  06:D92B  18          CLC
  412  06:D92C  6D 0A 00    ADC tempx
  413  06:D92F  8D C9 00    STA clue_draw_address
  414  06:D932  AD CA 00    LDA clue_draw_address+1
  415  06:D935  69 00       ADC #$00
  416  06:D937  8D CA 00    STA clue_draw_address+1
  417  06:D93A  8A          TXA
  418  06:D93B  48          PHA
  419                       MACROAddPPUStringEntryRawData clue_draw_address+1, clue_draw_address, #DRAW_HORIZONTAL, temp6
                          
       06:D93C  A9 01       LDA #$01
       06:D93E  8D 2D 00    STA PPU_PendingWrite
       06:D941  AD CA 00    LDA clue_draw_address+1
       06:D944  20 83 D4    JSR WriteToPPUString
       06:D947  AD C9 00    LDA clue_draw_address
       06:D94A  20 83 D4    JSR WriteToPPUString
       06:D94D  A9 00       LDA #DRAW_HORIZONTAL
       06:D94F  20 83 D4    JSR WriteToPPUString
       06:D952  AD 05 00    LDA temp6 
       06:D955  20 83 D4    JSR WriteToPPUString
                            
  420  06:D958  68          PLA 
  421  06:D959  AA          TAX
  422                       
  423  06:D95A            .secondStringLoop:
  424                     
  425  06:D95A  8A          TXA
  426  06:D95B  48          PHA 
  427  06:D95C  BD 00 00    LDA temp1, x
  428  06:D95F  20 83 D4    JSR WriteToPPUString
  429                       
  430  06:D962  EE CC 00    INC clueLineIndex
  431  06:D965  AD CC 00    LDA clueLineIndex
  432  06:D968  CD 07 00    CMP temp8
  433  06:D96B  D0 04       BNE .continueSecondLoop
  434                       
  435  06:D96D  68          PLA 
  436  06:D96E  4C 8A D9    JMP .leave
  437                       
  438  06:D971            .continueSecondLoop:
  439  06:D971  68          PLA
  440  06:D972  AA          TAX
  441  06:D973  E8          INX
  442  06:D974  E0 04       CPX #$04
  443  06:D976  D0 E2       BNE .secondStringLoop
  444                       
  445  06:D978  AD C9 00    LDA clue_draw_address
  446  06:D97B  18          CLC
  447  06:D97C  6D 05 00    ADC temp6
  448  06:D97F  8D C9 00    STA clue_draw_address
  449  06:D982  AD CA 00    LDA clue_draw_address+1
  450  06:D985  69 00       ADC #$00
  451  06:D987  8D CA 00    STA clue_draw_address+1
  452                       
  453  06:D98A            .leave:
  454  06:D98A  20 33 C6    JSR PlayNoiseBlipSound
  455  06:D98D  EE CB 00    INC clueTableIndex
  456  06:D990  60          RTS
  457                       
  458  06:D991            DrawTitle:
  459                     
  460                       ;; title draw address is stored ahead of time, along with title address
  461                       ;; we can use temp1 - 8 to handle this
  462  06:D991  A0 00       LDY #$00
  463  06:D993  B1 BB       LDA [title_address],y
  464  06:D995  4A          LSR A
  465  06:D996  8D 0B 00    STA tempy
  466                       
  467  06:D999  AD C5 00    LDA title_draw_address
  468  06:D99C  38          SEC 
  469  06:D99D  ED 0B 00    SBC tempy
  470  06:D9A0  8D C5 00    STA title_draw_address
  471  06:D9A3  AD C6 00    LDA title_draw_address+1
  472  06:D9A6  E9 00       SBC #$00
  473  06:D9A8  8D C6 00    STA title_draw_address+1
  474                       
  475                       MACROAddPPUStringEntryTablePtr title_draw_address+1, title_draw_address, #DRAW_HORIZONTAL, title_address
                           
       06:D9AB  A9 01       LDA #$01
       06:D9AD  8D 2D 00    STA PPU_PendingWrite
       06:D9B0  AD C6 00    LDA title_draw_address+1
       06:D9B3  20 83 D4    JSR WriteToPPUString
       06:D9B6  AD C5 00    LDA title_draw_address
       06:D9B9  20 83 D4    JSR WriteToPPUString
       06:D9BC  A9 20       LDA #$20
       06:D9BE  09 00       ORA #DRAW_HORIZONTAL
       06:D9C0  20 83 D4    JSR WriteToPPUString
       06:D9C3  AD BB 00    LDA title_address
       06:D9C6  20 83 D4    JSR WriteToPPUString
       06:D9C9  AD BC 00    LDA title_address+1
       06:D9CC  20 83 D4    JSR WriteToPPUString
                           
  476                       
  477  06:D9CF            .leave:
  478  06:D9CF  60          RTS
  479                       
  480  06:D9D0            ApplyGameTimeToPPUString:
  481                     
  482  06:D9D0  8D 00 00    STA temp1
  483  06:D9D3  8E 01 00    STX temp2
  484                     
  485                       MACROAddPPUStringEntryRawData temp1, temp2, #DRAW_HORIZONTAL, #$05
                          
       06:D9D6  A9 01       LDA #$01
       06:D9D8  8D 2D 00    STA PPU_PendingWrite
       06:D9DB  AD 00 00    LDA temp1
       06:D9DE  20 83 D4    JSR WriteToPPUString
       06:D9E1  AD 01 00    LDA temp2
       06:D9E4  20 83 D4    JSR WriteToPPUString
       06:D9E7  A9 00       LDA #DRAW_HORIZONTAL
       06:D9E9  20 83 D4    JSR WriteToPPUString
       06:D9EC  A9 05       LDA #$05 
       06:D9EE  20 83 D4    JSR WriteToPPUString
                            
  486  06:D9F1  AD 06 70    LDA GameTime+3
  487  06:D9F4  20 83 D4    JSR WriteToPPUString
  488  06:D9F7  AD 05 70    LDA GameTime+2
  489  06:D9FA  20 83 D4    JSR WriteToPPUString
  490  06:D9FD  A9 61       LDA #$61
  491  06:D9FF  20 83 D4    JSR WriteToPPUString
  492  06:DA02  AD 04 70    LDA GameTime+1
  493  06:DA05  20 83 D4    JSR WriteToPPUString
  494  06:DA08  AD 03 70    LDA GameTime
  495  06:DA0B  20 83 D4    JSR WriteToPPUString
  496                       
  497  06:DA0E  60          RTS
  498                       
  499  06:DA0F            ApplyPuzzleLevelToPPUString:
  500                     
  501  06:DA0F  8D 00 00    STA temp1
  502  06:DA12  8E 01 00    STX temp2
  503                       
  504                       MACROAddPPUStringEntryRawData temp1, temp2, #DRAW_HORIZONTAL, #$03
                          
       06:DA15  A9 01       LDA #$01
       06:DA17  8D 2D 00    STA PPU_PendingWrite
       06:DA1A  AD 00 00    LDA temp1
       06:DA1D  20 83 D4    JSR WriteToPPUString
       06:DA20  AD 01 00    LDA temp2
       06:DA23  20 83 D4    JSR WriteToPPUString
       06:DA26  A9 00       LDA #DRAW_HORIZONTAL
       06:DA28  20 83 D4    JSR WriteToPPUString
       06:DA2B  A9 03       LDA #$03 
       06:DA2D  20 83 D4    JSR WriteToPPUString
                            
  505  06:DA30  AD 07 70    LDA bank_index
  506  06:DA33  20 83 D4    JSR WriteToPPUString
  507  06:DA36  A9 60       LDA #$60
  508  06:DA38  20 83 D4    JSR WriteToPPUString
  509  06:DA3B  AE 08 70    LDX puzzle_index
  510  06:DA3E  E8          INX
  511  06:DA3F  8A          TXA 
  512  06:DA40  20 83 D4    JSR WriteToPPUString
  513                       
  514  06:DA43  60          RTS
  515                     
  516                     
  517  06:DA44            ClearLineDefs:
  518                     
  519  06:DA44  20 20 20    .db $20, $20, $20, $20, $20, $20, $20, $20, $20, $20, $20
       06:DA47  20 20 20  
       06:DA4A  20 20 20  
       06:DA4D  20 20     
  520  06:DA4F  0D 0D 0D    .db $0D, $0D, $0D, $0D, $0D, $0D, $0D, $0D, $0D, $0D, $0D, $0D, $0D, $0D, $0D, $0D, $0D
       06:DA52  0D 0D 0D  
       06:DA55  0D 0D 0D  
       06:DA58  0D 0D 0D  
       06:DA5B  0D 0D 0D  
       06:DA5E  0D 0D     
  521  06:DA60  20 20       .db $20, $20
  522                       
  523  06:DA62            PuzzleSizes:
  524                       
  525  06:DA62  05 0A 0F    .db $05, $0A, $0F
  526                       
  527  06:DA65            PuzzleImageSizes:
  528                     
  529                       ;.db $05, $0A, $0F
  530  06:DA65  19 64 E1    .db $19, $64, $E1
  531                       
  532  06:DA68            ImageDrawWrapOffsets:
  533                     
  534  06:DA68  1B 16 11    .db $1B, $16, $11
  535                      
  536  06:DA6B            ImageTitleLowerHalfPos:
  537                      
  538  06:DA6B  70 22       .word $2270, $2313, $23B5
       06:DA6D  13 23     
       06:DA6F  B5 23     
#[1]   Source/PictoPuzzler.asm
#[2]   Source/Routines/Utils/ObjectDrawingRoutines.asm
  191                       .include "Source/Routines/Utils/ObjectDrawingRoutines.asm"
    1                     ;;Object drawing utils
    2                     ;;when loading objects, we have a few choices:
    3                     ;;0     raw object - load directly from a table, use commands in table to control addresses
    4                     ;;1     window Object - load a window from a small 3x3 table of data
    5                     ;;2     -puzzle widow - same as above, but with a special fill type
    6                     ;;3 separator - load a line across the screen of a given tile
    7                     
    8  06:DA71            DropLine:
    9                     
   10                             MACROAdd32ToPointer pointer_address
                          
       06:DA71  AD 15 00          LDA pointer_address+1
       06:DA74  AE 14 00          LDX pointer_address
       06:DA77  20 F6 D2          JSR Add32ToAddress
       06:DA7A  8D 15 00          STA pointer_address+1
       06:DA7D  8E 14 00          STX pointer_address
                                  
   11                             MACROAdd32ToPointer pointerB_address
                          
       06:DA80  AD 17 00          LDA pointerB_address+1
       06:DA83  AE 16 00          LDX pointerB_address
       06:DA86  20 F6 D2          JSR Add32ToAddress
       06:DA89  8D 17 00          STA pointerB_address+1
       06:DA8C  8E 16 00          STX pointerB_address
                                  
   12                             MACROAdd32ToPointer ppu_startAddress
                          
       06:DA8F  AD 1F 00          LDA ppu_startAddress+1
       06:DA92  AE 1E 00          LDX ppu_startAddress
       06:DA95  20 F6 D2          JSR Add32ToAddress
       06:DA98  8D 1F 00          STA ppu_startAddress+1
       06:DA9B  8E 1E 00          STX ppu_startAddress
                                  
   13                             MACROSetPPUAddressVariable ppu_startAddress
                          
       06:DA9E  AD 02 20    LDA PPU_STATUS
       06:DAA1  AD 1F 00    LDA ppu_startAddress+1
       06:DAA4  8D 06 20    STA PPU_ADDR
       06:DAA7  AD 1E 00    LDA ppu_startAddress
       06:DAAA  8D 06 20    STA PPU_ADDR
                          
   14  06:DAAD  60                RTS
   15                     
   16  06:DAAE            ReZeroTable:
   17                     
   18  06:DAAE  C8                INY
   19  06:DAAF  98                TYA
   20  06:DAB0  20 63 DC          JSR AddToTableAddress
   21  06:DAB3  A0 00             LDY #$00
   22  06:DAB5  60                RTS
   23                     
   24  06:DAB6            DrawObject:
   25                     
   26                       ;; table_address should contain the pointer to the beginning of an Object
   27                     
   28  06:DAB6  A0 00       LDY #$00
   29                       ;;0th = X position
   30  06:DAB8  B1 18       LDA [table_address], y
   31  06:DABA  AA          TAX
   32  06:DABB  C8          INY
   33                       ;;1st = Y position
   34  06:DABC  B1 18       LDA [table_address], y
   35  06:DABE  C8          INY
   36                       
   37  06:DABF  20 BE D4    JSR StoreXYOffset
   38                       
   39                       ;;2nd = nametable
   40  06:DAC2  B1 18       LDA [table_address], y
   41  06:DAC4  C8          INY
   42  06:DAC5  20 22 D5    JSR GetNametableFromIndex     ;;put nametable in PPU start
   43  06:DAC8  8A          TXA
   44  06:DAC9  4A          LSR A
   45  06:DACA  29 01       AND #$01
   46  06:DACC  D0 1C       BNE .loadScreenB
   47                       MACROGetLabelPointer Screen_Copy, pointer_address
                          
       06:DACE  A9 60             LDA #HIGH(Screen_Copy)
       06:DAD0  A2 00             LDX #LOW(Screen_Copy)
                                  
       06:DAD2  8E 14 00          STX pointer_address
       06:DAD5  8D 15 00          STA pointer_address+1
                                  
   48                       MACROGetLabelPointer SaveScreen_Copy, pointerB_address
                          
       06:DAD8  A9 68             LDA #HIGH(SaveScreen_Copy)
       06:DADA  A2 00             LDX #LOW(SaveScreen_Copy)
                                  
       06:DADC  8E 16 00          STX pointerB_address
       06:DADF  8D 17 00          STA pointerB_address+1
                                  
   49  06:DAE2  A9 20       LDA #%00100000
   50  06:DAE4  8D 00 00    STA temp1
   51  06:DAE7  4C F9 DA    JMP .initOffsets
   52                       
   53  06:DAEA            .loadScreenB:
   54                       MACROGetLabelPointer ScreenB_Copy, pointer_address
                          
       06:DAEA  A9 64             LDA #HIGH(ScreenB_Copy)
       06:DAEC  A2 00             LDX #LOW(ScreenB_Copy)
                                  
       06:DAEE  8E 14 00          STX pointer_address
       06:DAF1  8D 15 00          STA pointer_address+1
                                  
   55  06:DAF4  A9 00       LDA #$00
   56  06:DAF6  8D 00 00    STA temp1
   57                       
   58  06:DAF9            .initOffsets:
   59                     
   60                       ;;add offsets to copy data
   61                       MACROSAddXYOffset ppu_startAddress
                          
       06:DAF9  AD 1F 00    LDA ppu_startAddress+1
       06:DAFC  AE 1E 00    LDX ppu_startAddress
       06:DAFF  20 F9 D4    JSR GetAddressWithXYOffset
       06:DB02  8D 1F 00    STA ppu_startAddress+1
       06:DB05  8E 1E 00    STX ppu_startAddress
                                  
   62                       MACROSAddXYOffset pointer_address
                          
       06:DB08  AD 15 00    LDA pointer_address+1
       06:DB0B  AE 14 00    LDX pointer_address
       06:DB0E  20 F9 D4    JSR GetAddressWithXYOffset
       06:DB11  8D 15 00    STA pointer_address+1
       06:DB14  8E 14 00    STX pointer_address
                                  
   63                       MACROSAddXYOffset pointerB_address
                          
       06:DB17  AD 17 00    LDA pointerB_address+1
       06:DB1A  AE 16 00    LDX pointerB_address
       06:DB1D  20 F9 D4    JSR GetAddressWithXYOffset
       06:DB20  8D 17 00    STA pointerB_address+1
       06:DB23  8E 16 00    STX pointerB_address
                                  
   64                       MACROSetPPUAddressVariable ppu_startAddress
                          
       06:DB26  AD 02 20    LDA PPU_STATUS
       06:DB29  AD 1F 00    LDA ppu_startAddress+1
       06:DB2C  8D 06 20    STA PPU_ADDR
       06:DB2F  AD 1E 00    LDA ppu_startAddress
       06:DB32  8D 06 20    STA PPU_ADDR
                          
   65                       
   66                       ;;3rd = object type
   67  06:DB35  B1 18       LDA [table_address], y
   68  06:DB37  C8          INY
   69                       
   70  06:DB38  20 C3 D2    JSR Dynamic_Jump
   71                       
   72  06:DB3B            DrawObjectJumpTable:
   73                     
   74  06:DB3B  43 DB             .word DrawRaw
   75  06:DB3D  69 DB             .word DrawWindow
   76  06:DB3F  91 DB             .word DrawPuzzleWindow
   77  06:DB41  73 DC             .word DrawSeparator
   78                             
   79  06:DB43            DrawRaw:
   80                     
   81  06:DB43  A9 04             LDA #$04
   82  06:DB45  20 63 DC          JSR AddToTableAddress
   83  06:DB48  A0 00             LDY #$00
   84                       
   85  06:DB4A            .loop:
   86                     
   87  06:DB4A  B1 18             LDA [table_address], y  ;;load tile
   88  06:DB4C  C9 FF             CMP #$FF
   89  06:DB4E  F0 18             BEQ .finishObject
   90  06:DB50  C9 FE             CMP #$FE
   91  06:DB52  D0 09             BNE .drawTile
   92                             ;; wrap line - AKA, add 32 to addresses
   93                             
   94  06:DB54  20 71 DA          JSR DropLine
   95  06:DB57  20 AE DA          JSR ReZeroTable
   96  06:DB5A  4C 4A DB          JMP .loop
   97                             
   98  06:DB5D            .drawTile:
   99                             
  100  06:DB5D  B1 18             LDA [table_address], y
  101  06:DB5F  8D 03 00          STA temp4
  102  06:DB62  20 9F DC          JSR DrawObjectTile
  103  06:DB65  4C 4A DB          JMP .loop
  104                             
  105  06:DB68            .finishObject:
  106                             
  107  06:DB68  60                RTS
  108                             
  109                     
  110  06:DB69            DrawWindow:
  111                     
  112  06:DB69  B1 18             LDA [table_address], y
  113  06:DB6B  C8                INY
  114  06:DB6C  8D 04 00          STA temp5
  115  06:DB6F  EE 04 00          INC temp5
  116  06:DB72  B1 18             LDA [table_address], y
  117  06:DB74  8D 05 00          STA temp6
  118  06:DB77  EE 05 00          INC temp6
  119                             ;;trust the process!
  120                             
  121                     
  122                             ;;table address is about to be reset anyhow, just need to reset Y 
  123  06:DB7A  A0 00             LDY #$00
  124                             
  125  06:DB7C  A9 00             LDA #$00 
  126  06:DB7E  8D 0A 00          STA tempx
  127  06:DB81  8D 0B 00          STA tempy
  128                     
  129                             MACROGetLabelPointer WindowRows, table_address
                          
       06:DB84  A9 E3             LDA #HIGH(WindowRows)
       06:DB86  A2 36             LDX #LOW(WindowRows)
                                  
       06:DB88  8E 18 00          STX table_address
       06:DB8B  8D 19 00          STA table_address+1
                                  
  130  06:DB8E  4C C3 DB          JMP WindowsLoop
  131                             
  132  06:DB91            DrawPuzzleWindow:
  133                             
  134  06:DB91  A0 00             LDY #$00
  135  06:DB93  AD 0F 00          LDA mode_loadFlags      ;;turns out, puzzle size is in here!
  136  06:DB96  29 03             AND #$03                        ;;get first two bits
  137  06:DB98  AA                TAX
  138  06:DB99  BD 62 DA          LDA PuzzleSizes, x
  139  06:DB9C  8D 04 00          STA temp5
  140  06:DB9F  EE 04 00          INC temp5
  141  06:DBA2  8D 05 00          STA temp6
  142  06:DBA5  EE 05 00          INC temp6
  143                             
  144  06:DBA8  A9 00             LDA #$00
  145  06:DBAA  8D 0A 00          STA tempx
  146  06:DBAD  8D 0B 00          STA tempy
  147  06:DBB0  8D 06 00          STA temp7
  148  06:DBB3  8D 07 00          STA temp8
  149                             MACROGetLabelPointer PuzzleWindowRows, table_address
                          
       06:DBB6  A9 E3             LDA #HIGH(PuzzleWindowRows)
       06:DBB8  A2 3F             LDX #LOW(PuzzleWindowRows)
                                  
       06:DBBA  8E 18 00          STX table_address
       06:DBBD  8D 19 00          STA table_address+1
                                  
  150  06:DBC0  4C C3 DB          JMP WindowsLoop
  151                             
  152  06:DBC3            WindowsLoop:
  153  06:DBC3            .loop:
  154                     
  155  06:DBC3  98                TYA
  156  06:DBC4  48                PHA
  157                     
  158  06:DBC5  AD 0A 00          LDA tempx
  159  06:DBC8  D0 04             BNE .checkXEnd
  160  06:DBCA  A0 00             LDY #$00
  161  06:DBCC  F0 0B             BEQ .drawTile
  162  06:DBCE            .checkXEnd:
  163  06:DBCE  CD 04 00          CMP temp5
  164  06:DBD1  D0 04             BNE .getXFill
  165  06:DBD3  A0 02             LDY #$02
  166  06:DBD5  D0 02             BNE .drawTile
  167  06:DBD7            .getXFill:
  168  06:DBD7  A0 01             LDY #$01
  169  06:DBD9            .drawTile:
  170                     
  171  06:DBD9  B1 18             LDA [table_address], y
  172  06:DBDB  D0 03             BNE .storeTile
  173  06:DBDD  20 48 DC          JSR GetCurrentPuzzleFill
  174  06:DBE0            .storeTile
  175  06:DBE0  8D 03 00          STA temp4
  176                     
  177  06:DBE3  68                PLA
  178  06:DBE4  A8                TAY
  179                             
  180  06:DBE5  20 9F DC          JSR DrawObjectTile
  181  06:DBE8  EE 0A 00          INC tempx
  182  06:DBEB  20 38 DC          JSR IncHoriFill
  183  06:DBEE  AD 0A 00          LDA tempx
  184  06:DBF1  CD 04 00          CMP temp5
  185  06:DBF4  90 CD             BCC .loop
  186  06:DBF6  F0 CB             BEQ .loop
  187                     
  188  06:DBF8  A9 00             LDA #$00
  189  06:DBFA  8D 0A 00          STA tempx
  190  06:DBFD  8D 06 00          STA temp7
  191                     
  192  06:DC00  20 71 DA          JSR DropLine
  193  06:DC03  A0 00             LDY #$00
  194                     
  195  06:DC05  AD 0B 00          LDA tempy
  196  06:DC08  D0 0D             BNE .incY
  197  06:DC0A  EE 0B 00          INC tempy
  198  06:DC0D  20 28 DC          JSR IncVertFill
  199                             
  200  06:DC10            .incRow:
  201  06:DC10  A9 03             LDA #$03
  202  06:DC12  20 63 DC          JSR AddToTableAddress
  203  06:DC15  D0 AC             BNE .loop
  204                             
  205  06:DC17            .incY:
  206  06:DC17  EE 0B 00          INC tempy
  207  06:DC1A  20 28 DC          JSR IncVertFill
  208  06:DC1D  AD 0B 00          LDA tempy
  209  06:DC20  CD 05 00          CMP temp6
  210  06:DC23  90 9E             BCC .loop
  211  06:DC25  F0 E9             BEQ .incRow
  212                     
  213  06:DC27  60                RTS
  214                     
  215  06:DC28            IncVertFill:
  216                     
  217  06:DC28  EE 07 00          INC temp8
  218  06:DC2B  AD 07 00          LDA temp8
  219  06:DC2E  C9 06             CMP #$06
  220  06:DC30  D0 05             BNE .leave
  221  06:DC32  A9 01             LDA #$01
  222  06:DC34  8D 07 00          STA temp8
  223                             
  224  06:DC37            .leave:
  225  06:DC37  60                RTS
  226                             
  227  06:DC38            IncHoriFill:
  228                     
  229  06:DC38  EE 06 00          INC temp7
  230  06:DC3B  AD 06 00          LDA temp7
  231  06:DC3E  C9 06             CMP #$06
  232  06:DC40  D0 05             BNE .leave
  233  06:DC42  A9 01             LDA #$01
  234  06:DC44  8D 06 00          STA temp7
  235                             
  236  06:DC47            .leave:
  237  06:DC47  60                RTS
  238                     
  239  06:DC48            GetCurrentPuzzleFill:
  240                     
  241  06:DC48  AD 07 00          LDA temp8
  242  06:DC4B  C9 05             CMP #$05
  243  06:DC4D  D0 05             BNE .noHLine
  244  06:DC4F  A2 02             LDX #$02
  245  06:DC51  4C 56 DC          JMP .checkVLine
  246  06:DC54            .noHLine:
  247  06:DC54  A2 00             LDX #$00
  248  06:DC56            .checkVLine:    
  249                     
  250  06:DC56  AD 06 00          LDA temp7
  251  06:DC59  C9 05             CMP #$05
  252  06:DC5B  D0 01             BNE .noVLine
  253  06:DC5D  E8                INX
  254                             
  255  06:DC5E            .noVLine:
  256                             
  257  06:DC5E  8A                TXA
  258  06:DC5F  18                CLC
  259  06:DC60  69 6C             ADC #$6C
  260                             
  261  06:DC62  60                RTS
  262                     
  263  06:DC63            AddToTableAddress:
  264                     
  265                             ;; A is amount to add
  266  06:DC63  18                CLC
  267  06:DC64  6D 18 00          ADC table_address
  268  06:DC67  8D 18 00          STA table_address
  269  06:DC6A  AD 19 00          LDA table_address+1
  270  06:DC6D  69 00             ADC #$00
  271  06:DC6F  8D 19 00          STA table_address+1
  272  06:DC72  60                RTS
  273                             
  274  06:DC73            DrawSeparator:
  275                     
  276  06:DC73  AD 1E 00          LDA ppu_startAddress
  277  06:DC76  29 1F             AND #$1F
  278  06:DC78  8D 03 00          STA temp4
  279                             
  280  06:DC7B  A9 1F             LDA #$1F
  281  06:DC7D  38                SEC
  282  06:DC7E  ED 03 00          SBC temp4
  283  06:DC81  8D 0A 00          STA tempx
  284  06:DC84  EE 0A 00          INC tempx
  285                             
  286  06:DC87  B1 18             LDA [table_address], y
  287  06:DC89  8D 03 00          STA temp4
  288                             
  289  06:DC8C  A9 05             LDA #$05
  290  06:DC8E  20 63 DC          JSR AddToTableAddress
  291  06:DC91  A0 00             LDY #$00
  292                             
  293  06:DC93            .loop:
  294                     
  295  06:DC93  20 9F DC          JSR DrawObjectTile
  296                             
  297  06:DC96  CE 0A 00          DEC tempx
  298  06:DC99  F0 03             BEQ .finish
  299                             
  300  06:DC9B  4C 93 DC          JMP .loop
  301                             
  302  06:DC9E            .finish:
  303                             
  304  06:DC9E  60                RTS
  305                             
  306  06:DC9F            DrawObjectTile:
  307                     
  308  06:DC9F  AD 03 00          LDA temp4
  309  06:DCA2  8D 07 20          STA PPU_DATA
  310  06:DCA5  91 14             STA [pointer_address], y
  311  06:DCA7  AD 0F 00          LDA mode_loadFlags
  312  06:DCAA  29 20         AND #%00100000      ;check save flag
  313  06:DCAC  2D 00 00          AND temp1
  314  06:DCAF  F0 05             BEQ .skipSave
  315  06:DCB1  AD 03 00          LDA temp4
  316  06:DCB4  91 16             STA [pointerB_address],y
  317                     
  318  06:DCB6            .skipSave:
  319  06:DCB6  C8                INY
  320                     
  321  06:DCB7  60                RTS
#[1]   Source/PictoPuzzler.asm
  192                       
  193                       
  194                     ;;;;;;;;;;;;;;;;;;;;;;;;;;;;;;
  195                     ;;     NMI                  ;;
  196                     ;;;;;;;;;;;;;;;;;;;;;;;;;;;;;;
  197                     
#[2]   Source/Routines/Common/NMI.asm
  198                       .include "Source/Routines/Common/NMI.asm"
    1                      
    2  06:DCB8            NMI:
    3                     
    4  06:DCB8  48          PHA                              ;protect the registers
    5  06:DCB9  8A          TXA
    6  06:DCBA  48          PHA
    7  06:DCBB  98          TYA
    8  06:DCBC  48          PHA
    9                       
   10  06:DCBD            nmi_started:
   11  06:DCBD  A9 00       LDA #$00
   12  06:DCBF  8D 03 20    STA OAM_LO      ; set the low byte (00) of the RAM address
   13  06:DCC2  A9 02       LDA #$02
   14  06:DCC4  8D 14 40    STA OAM_HI       ; set the high byte (02) of the RAM address, start the transfer
   15                     
   16  06:DCC7  AD 12 00    LDA NMI_locks
   17  06:DCCA  F0 03       BEQ update_controllers
   18  06:DCCC  4C 0F DD    JMP WakeUp
   19                     
   20  06:DCCF            update_controllers:
   21                       
   22  06:DCCF  20 20 DD    JSR ReadControllersSafe
   23  06:DCD2  20 C0 D3    JSR ProcessPPUString
   24                     
   25                       ; enable NMI, sprites from Pattern Table 0, background from Pattern Table 1
   26                       ; enable sprites, enable background, no clipping on left side 
   27  06:DCD5  A9 00       LDA #$00        ;;tell the ppu there is no background scrolling
   28  06:DCD7  8D 05 20    STA PPU_SCROLL
   29  06:DCDA  8D 05 20    STA PPU_SCROLL
   30  06:DCDD  20 61 D5    JSR UpdatePPUMask
   31  06:DCE0  20 55 D5    JSR UpdatePPUControl
   32                     
   33  06:DCE3            NMIUpdate:
   34                     
   35  06:DCE3  20 03 DD    JSR StateNMIUpdate
   36                       
   37  06:DCE6  AD 27 00    LDA PPU_Control
   38  06:DCE9  29 FC       AND #$FC
   39  06:DCEB  0D 2B 00    ORA PPU_ScrollNT
   40  06:DCEE  8D 00 20    STA PPU_CTRL
   41                       
   42  06:DCF1  AD 29 00    LDA PPU_ScrollX     ;;tell the ppu there is no background scrolling
   43  06:DCF4  8D 05 20    STA PPU_SCROLL
   44  06:DCF7  AD 2A 00    LDA PPU_ScrollY
   45  06:DCFA  8D 05 20    STA PPU_SCROLL
   46                       
   47  06:DCFD  20 41 E5    jsr sound_play_frame 
   48  06:DD00  4C 0F DD    JMP WakeUp
   49                     
   50  06:DD03            StateNMIUpdate:
   51                     
   52                       MACROCallDynamicJump game_mode
                          
       06:DD03  AD 10 00    LDA game_mode
       06:DD06  20 C3 D2    JSR Dynamic_Jump
                                  
   53                     
   54  06:DD09            NMIJumpTable:
   55                     
   56  06:DD09  1A DD       .word UpdateTitleNMI
   57  06:DD0B  1E DD       .word UpdateGameNMI
   58  06:DD0D  1F DD       .word UpdateGameOverNMI
   59                     
   60  06:DD0F            WakeUp:
   61  06:DD0F  A9 00       LDA #$00
   62  06:DD11  8D 0E 00    STA sleeping
   63                       
   64  06:DD14  68          PLA             ;restore the registers
   65  06:DD15  A8          TAY 
   66  06:DD16  68          PLA
   67  06:DD17  AA          TAX
   68  06:DD18  68          PLA
   69                     
   70  06:DD19  40          RTI             ; return from interrupt
   71                       
#[3]   Source/Routines/Modes/NMIModes/UpdateTitleNMI.asm
   72                       .include "Source/Routines/Modes/NMIModes/UpdateTitleNMI.asm"
    1  06:DD1A            UpdateTitleNMI:
    2                     
    3                       ;;load bank 0 for BG tiles, so we start with the right tile set
    4                       ;JSR ResetMapper
    5                       ;LDA #$01
    6                       ;JSR LoadCHRBankB
    7                     
    8                     
    9  06:DD1A  20 A3 D4    JSR DetectSprite0
   10                     
   11                       ;JSR ResetMapper
   12                       ;LDA #$03
   13                       ;JSR LoadCHRBankB
   14                       
   15                     
   16                        
   17  06:DD1D  60          RTS
#[2]   Source/Routines/Common/NMI.asm
#[3]   Source/Routines/Modes/NMIModes/UpdateGameNMI.asm
   73                       .include "Source/Routines/Modes/NMIModes/UpdateGameNMI.asm"
    1  06:DD1E            UpdateGameNMI:
    2  06:DD1E  60          RTS
#[2]   Source/Routines/Common/NMI.asm
#[3]   Source/Routines/Modes/NMIModes/UpdateGameOverNMI.asm
   74                       .include "Source/Routines/Modes/NMIModes/UpdateGameOverNMI.asm"
    1  06:DD1F            UpdateGameOverNMI:
    2  06:DD1F  60          RTS
#[2]   Source/Routines/Common/NMI.asm
#[3]   Source/Routines/Common/ReadControllers.asm
   75                       .include "Source/Routines/Common/ReadControllers.asm"
    1  06:DD20            ReadControllersSafe:
    2  06:DD20  8A                TXA
    3  06:DD21  48                PHA
    4  06:DD22  98                TYA
    5  06:DD23  48                PHA
    6                     
    7  06:DD24            .firstRead:
    8  06:DD24  20 4A DD          JSR ReadControllers
    9  06:DD27            .reRead:
   10  06:DD27  AD 24 00          LDA gamepad
   11  06:DD2A  48                PHA
   12  06:DD2B  20 4A DD          JSR ReadControllers
   13  06:DD2E  68                PLA 
   14  06:DD2F  CD 24 00          CMP gamepad
   15  06:DD32  D0 F3             BNE .reRead
   16                             
   17  06:DD34            .finishARead:
   18                             ;;comapre last to current, find the pressed buttons this frame
   19  06:DD34  AD 25 00          LDA gamepadLast
   20  06:DD37  49 FF             EOR #$FF
   21  06:DD39  2D 24 00          AND gamepad
   22  06:DD3C  8D 26 00          STA gamepadPressed
   23                             
   24                             
   25  06:DD3F  AD 24 00          LDA gamepad
   26  06:DD42  8D 25 00          STA gamepadLast
   27                             
   28  06:DD45  68                PLA
   29  06:DD46  A8                TAY
   30  06:DD47  68                PLA
   31  06:DD48  AA                TAX     
   32  06:DD49  60                RTS
   33                             
   34  06:DD4A            ReadControllers:
   35                     
   36  06:DD4A  A9 01             LDA #$01        ;load 1
   37  06:DD4C  8D 16 40          STA $4016       ; turn latch on
   38                             ;STA gamepad2
   39  06:DD4F  4A                LSR     A               ; move acc it over for a 0 bit, better than loading 0 to the acc, I guess
   40  06:DD50  8D 16 40          STA $4016       ;turn latch off
   41                             
   42  06:DD53  A9 80             LDA #$80
   43  06:DD55  8D 24 00          STA gamepad
   44                     
   45  06:DD58            .readControllerABytesLoop:
   46  06:DD58  AD 16 40          LDA $4016               ;acc: %00000001 c: 0
   47  06:DD5B  29 03             AND #%00000011  ;acc: %00000001 c: 0
   48  06:DD5D  C9 01             CMP #%00000001  ;acc: %00000001 c: 1
   49                             ;ror shifts everything right one position: carry->bit 7, bit 0-> carry
   50  06:DD5F  6E 24 00          ROR gamepad             ;gamepad: %11000000
   51                             ;eventually, the ROR sends out the 1 instead of all the leading 0s, BCC (branch carry clear) gets the 1 and does not loop
   52  06:DD62  90 F4             BCC .readControllerABytesLoop
   53                     
   54                             
   55                     
   56                             
   57  06:DD64  60                RTS
#[2]   Source/Routines/Common/NMI.asm
#[1]   Source/PictoPuzzler.asm
  199                       
  200                     ;;;;;;;;;;;;;;;;;;;;;;;;;;;;;;
  201                     ;;    AUDIO                 ;;
  202                     ;;;;;;;;;;;;;;;;;;;;;;;;;;;;;;
  203                         ;.include "External/sound_engine.asm"
  204                             ;;test out DPCM here?
  205                     
  206  06:DD65                    .ds (64-*)&63
  207  06:DD80            sample0:                                                ;MOTHER bass kick
  208  06:DD80                    .incbin "Source/Content/Sound/DMC/EB0_Bass.dmc"
  209  06:DDF1            sample0End:
  210  06:DDF1                    .ds (64-*)&63
  211  06:DE00            sample1:                                                ;MOTHER snare
  212  06:DE00                    .incbin "Source/Content/Sound/DMC/EB0_Snare.dmc"
  213  06:DEF1            sample1End:
  214                     
  215  06:DEF1            SampleStart:
  216  06:DEF1  76                .db low(sample0 >> 6)
  217  06:DEF2  78                .db low(sample1 >> 6)
  218                     
  219  06:DEF3            SampleLength:
  220  06:DEF3  07                .db low((sample0End - sample0) >> 4)
  221  06:DEF4  0F                .db low((sample1End - sample1) >> 4)
  222                     
  223                     ;;**************************;;
  224                     ;;;;;;;;;;;;;;;;;;;;;;;;;;;;;;
  225                     ;;       PRG ROM DATA       ;;
  226                     ;;;;;;;;;;;;;;;;;;;;;;;;;;;;;;
  227                     ;;**************************;; 
  228                       
  229           0007        .bank 7
  230           E000        .org $E000
  231                     
#[2]   Source/Content/Graphics/NameTables/Tables.asm
  232                       .include "Source/Content/Graphics/NameTables/Tables.asm"
    1  07:E000            Palettes:
    2                     
    3  07:E000  06 E0       .word Title_Palette, Game_Palette, GameOver_Palette
       07:E002  26 E0     
       07:E004  46 E0     
    4                     
    5  07:E006            Title_Palette:
    6                     
    7  07:E006              .incbin "Source/Content/Graphics/NameTables/Title_PAL.pal"
    8  07:E016              .incbin "Source/Content/Graphics/NameTables/Title_PAL.pal"
    9                       
   10  07:E026            Game_Palette:
   11                     
   12  07:E026              .incbin "Source/Content/Graphics/NameTables/Game_PAL.pal"
   13  07:E036              .incbin "Source/Content/Graphics/NameTables/Game_PAL.pal"
   14                       
   15  07:E046            GameOver_Palette:
   16                     
   17  07:E046              .incbin "Source/Content/Graphics/NameTables/GameOver_PAL.pal"
   18  07:E056              .incbin "Source/Content/Graphics/NameTables/GameOver_PAL.pal"
   19                       
   20                       
   21                     ;;;;; GameMode Object Tables
   22  07:E066            Objects:
   23                     
   24  07:E066  6F E0             .word Title_Objects, Game_Objects, GameOver_Objects
       07:E068  79 E0     
       07:E06A  7F E0     
   25                             
   26  07:E06C            ObjectCounts:
   27                             
   28  07:E06C  05 03 02          .db 5, 3, 2
   29                             
   30                             
   31                     ;;;;;; Object Tables
   32                             
   33  07:E06F            Title_Objects:
   34                     
   35  07:E06F  83 E0             .word TitleLogo
   36  07:E071  6F E1             .word SeparatorLine
   37  07:E073  74 E1             .word BankList
   38  07:E075  9B E1             .word PuzzleInfo
   39  07:E077  E3 E1             .word PuzzleList
   40                             
   41  07:E079            Game_Objects:
   42                     
   43  07:E079  59 E2             .word PuzzleWindow
   44  07:E07B  3D E2             .word TimeBoxContent    
   45  07:E07D  37 E2             .word TimeBoxWindow
   46                             
   47  07:E07F            GameOver_Objects:
   48                     
   49  07:E07F  5D E2             .word GameOverWindow    ;; window
   50  07:E081  63 E2             .word Reminder                  ;; raw table
   51                     
   52                     ;;;;;; Objects
   53                     
   54           00FF      END_OBJECT = $FF
   55           00FE      WRAP_LINE = $FE
   56                     
   57  07:E083            TitleLogo:
   58                     
   59  07:E083  02 04 00          .db 2, 4, 0     ;; start at palcement X=2, Y=4 on screen, table idx
   60  07:E086  00                .db $00         ;; type = raw object
   61  07:E087  28 2A 2A          .db $28,$2a,$2a,$2a,$2a,$2a,$2a,$2a,$2a,$2a,$2a,$2a,$2a,$2a,$2a,$2a,$2a,$2a,$2a,$2a,$2a,$2a,$2a,$2a,$2a,$2a,$2a,$29,WRAP_LINE
       07:E08A  2A 2A 2A  
       07:E08D  2A 2A 2A  
       07:E090  2A 2A 2A  
       07:E093  2A 2A 2A  
       07:E096  2A 2A 2A  
       07:E099  2A 2A 2A  
       07:E09C  2A 2A 2A  
       07:E09F  2A 2A 2A  
       07:E0A2  29 FE     
   62  07:E0A4  2B 81 91          .db $2b,$81,$91,$83,$a0,$24,$24,$80,$24,$24,$24,$24,$24,$24,$24,$24,$24,$24,$24,$24,$24,$80,$24,$24,$81,$91,$83,$3b,WRAP_LINE
       07:E0A7  83 A0 24  
       07:E0AA  24 80 24  
       07:E0AD  24 24 24  
       07:E0B0  24 24 24  
       07:E0B3  24 24 24  
       07:E0B6  24 24 24  
       07:E0B9  80 24 24  
       07:E0BC  81 91 83  
       07:E0BF  3B FE     
   63  07:E0C1  2B 91 93          .db $2b,$91,$93,$91,$80,$81,$82,$91,$82,$81,$91,$83,$81,$91,$83,$80,$80,$a2,$83,$a2,$83,$91,$81,$82,$91,$93,$a3,$3b,WRAP_LINE
       07:E0C4  91 80 81  
       07:E0C7  82 91 82  
       07:E0CA  81 91 83  
       07:E0CD  81 91 83  
       07:E0D0  80 80 A2  
       07:E0D3  83 A2 83  
       07:E0D6  91 81 82  
       07:E0D9  91 93 A3  
       07:E0DC  3B FE     
   64  07:E0DE  2B 91 91          .db $2b,$91,$91,$a3,$91,$91,$85,$91,$85,$91,$93,$91,$91,$93,$91,$91,$91,$81,$a3,$81,$a3,$91,$91,$82,$91,$91,$83,$3b,WRAP_LINE
       07:E0E1  A3 91 91  
       07:E0E4  85 91 85  
       07:E0E7  91 93 91  
       07:E0EA  91 93 91  
       07:E0ED  91 91 81  
       07:E0F0  A3 81 A3  
       07:E0F3  91 91 82  
       07:E0F6  91 91 83  
       07:E0F9  3B FE     
   65  07:E0FB  2B 90 95          .db $2b,$90,$95,$24,$90,$a1,$82,$a1,$82,$a1,$91,$a3,$91,$91,$a3,$a1,$a3,$a1,$82,$a1,$82,$90,$a1,$82,$90,$84,$90,$3b,WRAP_LINE
       07:E0FE  24 90 A1  
       07:E101  82 A1 82  
       07:E104  A1 91 A3  
       07:E107  91 91 A3  
       07:E10A  A1 A3 A1  
       07:E10D  82 A1 82  
       07:E110  90 A1 82  
       07:E113  90 84 90  
       07:E116  3B FE     
   66  07:E118  38 3A 3A          .db $38,$3a,$3a,$3a,$3a,$3a,$3a,$3a,$3a,$3a,$3e,$24,$90,$95,$24,$24,$24,$3f,$3a,$3a,$3a,$3a,$3a,$3a,$3a,$3a,$3a,$39,WRAP_LINE
       07:E11B  3A 3A 3A  
       07:E11E  3A 3A 3A  
       07:E121  3A 3E 24  
       07:E124  90 95 24  
       07:E127  24 24 3F  
       07:E12A  3A 3A 3A  
       07:E12D  3A 3A 3A  
       07:E130  3A 3A 3A  
       07:E133  39 FE     
   67  07:E135  24 24 24          .db $24,$24,$24,$24,$24,$24,$24,$24,$24,$24,$24,$24,$24,$24,$24,$24,$24,$24,$24,$24,$24,$24,$24,$24,$24,$24,$24,$24,WRAP_LINE
       07:E138  24 24 24  
       07:E13B  24 24 24  
       07:E13E  24 24 24  
       07:E141  24 24 24  
       07:E144  24 24 24  
       07:E147  24 24 24  
       07:E14A  24 24 24  
       07:E14D  24 24 24  
       07:E150  24 FE     
   68  07:E152  24 24 24          .db $24,$24,$24,$92,$02,$00,$02,$05,$24,$0c,$0a,$1d,$0f,$18,$1b,$1d,$24,$1c,$18,$0f,$1d,$20,$0a,$1b,$0e,$24,$24,$24,END_OBJECT
       07:E155  92 02 00  
       07:E158  02 05 24  
       07:E15B  0C 0A 1D  
       07:E15E  0F 18 1B  
       07:E161  1D 24 1C  
       07:E164  18 0F 1D  
       07:E167  20 0A 1B  
       07:E16A  0E 24 24  
       07:E16D  24 FF     
   69                     
   70  07:E16F            SeparatorLine:
   71                     
   72  07:E16F  00 10 00          .db 0, 16, 0
   73  07:E172  03                .db $03
   74  07:E173  2A                .db $2A
   75                             
   76  07:E174            BankList:
   77                     
   78  07:E174  0D 14 00          .db 13, 20, 0
   79  07:E177  00                .db $00
   80  07:E178  0B 0A 17          .db $0b,$0a,$17,$14,$24,$00,WRAP_LINE
       07:E17B  14 24 00  
       07:E17E  FE        
   81  07:E17F  24 24 24          .db $24,$24,$24,$24,$24,$24,WRAP_LINE
       07:E182  24 24 24  
       07:E185  FE        
   82  07:E186  0B 0A 17          .db $0b,$0a,$17,$14,$24,$01,WRAP_LINE
       07:E189  14 24 01  
       07:E18C  FE        
   83  07:E18D  24 24 24          .db $24,$24,$24,$24,$24,$24,WRAP_LINE
       07:E190  24 24 24  
       07:E193  FE        
   84  07:E194  0B 0A 17          .db $0b,$0a,$17,$14,$24,$02,END_OBJECT
       07:E197  14 24 02  
       07:E19A  FF        
   85                     
   86  07:E19B            PuzzleInfo:
   87                     
   88  07:E19B  07 12 01          .db 7, 18, 1
   89  07:E19E  00                .db $00
   90  07:E19F  63 63 63          .db $63,$63,$63,$63,$63,$63,$63,$63,$63,$63,$63,$63,$63,$63,$63,$63,WRAP_LINE
       07:E1A2  63 63 63  
       07:E1A5  63 63 63  
       07:E1A8  63 63 63  
       07:E1AB  63 63 63  
       07:E1AE  63 FE     
   91  07:E1B0  24 24 24          .db $24,$24,$24,$24,$24,$24,$24,$24,$24,$24,$24,$24,$24,$68,$69,$6a,WRAP_LINE
       07:E1B3  24 24 24  
       07:E1B6  24 24 24  
       07:E1B9  24 24 24  
       07:E1BC  24 68 69  
       07:E1BF  6A FE     
   92  07:E1C1  24 24 24          .db $24,$24,$24,$1d,$12,$16,$0e,$24,$60,$60,$61,$60,$60,$78,$79,$7a,WRAP_LINE
       07:E1C4  1D 12 16  
       07:E1C7  0E 24 60  
       07:E1CA  60 61 60  
       07:E1CD  60 78 79  
       07:E1D0  7A FE     
   93  07:E1D2  24 24 24          .db $24,$24,$24,$24,$24,$24,$24,$24,$24,$24,$24,$24,$24,$88,$89,$8a,END_OBJECT
       07:E1D5  24 24 24  
       07:E1D8  24 24 24  
       07:E1DB  24 24 24  
       07:E1DE  24 88 89  
       07:E1E1  8A FF     
   94                             
   95  07:E1E3            PuzzleList:
   96                     
   97  07:E1E3  03 16 01          .db 3, 22, 1
   98  07:E1E6  00                .db $00
   99  07:E1E7  01 24 24          .db $01,$24,$24,$02,$24,$24,$03,$24,$24,$04,$24,$24,$05,$24,$24,$06,$24,$24,$07,$24,$24,$08,$24,$24,$09,WRAP_LINE,WRAP_LINE
       07:E1EA  02 24 24  
       07:E1ED  03 24 24  
       07:E1F0  04 24 24  
       07:E1F3  05 24 24  
       07:E1F6  06 24 24  
       07:E1F9  07 24 24  
       07:E1FC  08 24 24  
       07:E1FF  09 FE FE  
  100  07:E202  0A 24 24          .db $0a,$24,$24,$0b,$24,$24,$0c,$24,$24,$0d,$24,$24,$0e,$24,$24,$0f,$24,$24,$10,$24,$24,$11,$24,$24,$12,WRAP_LINE,WRAP_LINE
       07:E205  0B 24 24  
       07:E208  0C 24 24  
       07:E20B  0D 24 24  
       07:E20E  0E 24 24  
       07:E211  0F 24 24  
       07:E214  10 24 24  
       07:E217  11 24 24  
       07:E21A  12 FE FE  
  101  07:E21D  13 24 24          .db $13,$24,$24,$14,$24,$24,$15,$24,$24,$16,$24,$24,$17,$24,$24,$18,$24,$24,$19,$24,$24,$1a,$24,$24,$1b,END_OBJECT
       07:E220  14 24 24  
       07:E223  15 24 24  
       07:E226  16 24 24  
       07:E229  17 24 24  
       07:E22C  18 24 24  
       07:E22F  19 24 24  
       07:E232  1A 24 24  
       07:E235  1B FF     
  102                             
  103  07:E237            TimeBoxWindow:
  104  07:E237  02 02 00          .db 2, 2, 0
  105  07:E23A  01                .db $01
  106  07:E23B  09 06             .db 9, 6
  107                             
  108  07:E23D            TimeBoxContent:
  109                             
  110  07:E23D  04 05 00          .db 4, 5, 0
  111  07:E240  00                .db $00
  112  07:E241  0B 0A 17          .db $0b,$0a,$17,$14,$00,$60,$00,WRAP_LINE
       07:E244  14 00 60  
       07:E247  00 FE     
  113  07:E249  24 24 24          .db $24,$24,$24,$24,$24,$24,$24,WRAP_LINE
       07:E24C  24 24 24  
       07:E24F  24 FE     
  114  07:E251  24 24 24          .db $24,$24,$24,$61,$24,$24,$24,END_OBJECT
       07:E254  61 24 24  
       07:E257  24 FF     
  115                             
  116  07:E259            PuzzleWindow:
  117                     
  118  07:E259  0D 0B 00          .db 13, 11, 0
  119  07:E25C  02                .db $02
  120                             ;; size is determined from a variable - we just need to position it
  121                     
  122  07:E25D            GameOverWindow:
  123                     
  124  07:E25D  05 05 00          .db 5, 5, 0
  125  07:E260  01                .db $01
  126  07:E261  14 08             .db 20, 8
  127                             
  128  07:E263            Reminder:
  129                     
  130  07:E263  05 10 00          .db 5, 16, 0
  131  07:E266  00                .db $00
  132  07:E267  24 24 24          .db $24,$24,$24,$24,$24,$24,$24,$0c,$0a,$1e,$1d,$12,$18,$17,$61,$24,$24,$24,$24,$24,$24,$24,WRAP_LINE
       07:E26A  24 24 24  
       07:E26D  24 0C 0A  
       07:E270  1E 1D 12  
       07:E273  18 17 61  
       07:E276  24 24 24  
       07:E279  24 24 24  
       07:E27C  24 FE     
  133  07:E27E  24 24 24          .db $24,$24,$24,$24,$24,$24,$24,$24,$24,$24,$24,$24,$24,$24,$24,$24,$24,$24,$24,$24,$24,$24,WRAP_LINE
       07:E281  24 24 24  
       07:E284  24 24 24  
       07:E287  24 24 24  
       07:E28A  24 24 24  
       07:E28D  24 24 24  
       07:E290  24 24 24  
       07:E293  24 FE     
  134  07:E295  1B 0E 16          .db $1b,$0e,$16,$0e,$16,$0b,$0e,$1b,$24,$1d,$18,$24,$11,$18,$15,$0d,$24,$1b,$0e,$1c,$0e,$1d,WRAP_LINE
       07:E298  0E 16 0B  
       07:E29B  0E 1B 24  
       07:E29E  1D 18 24  
       07:E2A1  11 18 15  
       07:E2A4  0D 24 1B  
       07:E2A7  0E 1C 0E  
       07:E2AA  1D FE     
  135  07:E2AC  24 24 24          .db $24,$24,$24,$24,$24,$24,$24,$24,$24,$24,$24,$24,$24,$24,$24,$24,$24,$24,$24,$24,$24,$24,WRAP_LINE
       07:E2AF  24 24 24  
       07:E2B2  24 24 24  
       07:E2B5  24 24 24  
       07:E2B8  24 24 24  
       07:E2BB  24 24 24  
       07:E2BE  24 24 24  
       07:E2C1  24 FE     
  136  07:E2C3  20 11 0E          .db $20,$11,$0e,$17,$24,$19,$18,$20,$0e,$1b,$12,$17,$10,$24,$18,$0f,$0f,$24,$1d,$11,$0e,$24,WRAP_LINE
       07:E2C6  17 24 19  
       07:E2C9  18 20 0E  
       07:E2CC  1B 12 17  
       07:E2CF  10 24 18  
       07:E2D2  0F 0F 24  
       07:E2D5  1D 11 0E  
       07:E2D8  24 FE     
  137  07:E2DA  24 24 24          .db $24,$24,$24,$24,$24,$24,$24,$24,$24,$24,$24,$24,$24,$24,$24,$24,$24,$24,$24,$24,$24,$24,WRAP_LINE
       07:E2DD  24 24 24  
       07:E2E0  24 24 24  
       07:E2E3  24 24 24  
       07:E2E6  24 24 24  
       07:E2E9  24 24 24  
       07:E2EC  24 24 24  
       07:E2EF  24 FE     
  138  07:E2F1  1C 22 1C          .db $1c,$22,$1c,$1d,$0e,$16,$24,$1d,$18,$24,$0a,$1f,$18,$12,$0d,$24,$15,$18,$1c,$12,$17,$10,WRAP_LINE
       07:E2F4  1D 0E 16  
       07:E2F7  24 1D 18  
       07:E2FA  24 0A 1F  
       07:E2FD  18 12 0D  
       07:E300  24 15 18  
       07:E303  1C 12 17  
       07:E306  10 FE     
  139  07:E308  24 24 24          .db $24,$24,$24,$24,$24,$24,$24,$24,$24,$24,$24,$24,$24,$24,$24,$24,$24,$24,$24,$24,$24,$24,WRAP_LINE
       07:E30B  24 24 24  
       07:E30E  24 24 24  
       07:E311  24 24 24  
       07:E314  24 24 24  
       07:E317  24 24 24  
       07:E31A  24 24 24  
       07:E31D  24 FE     
  140  07:E31F  22 18 1E          .db $22,$18,$1e,$1b,$24,$1c,$0a,$1f,$0e,$0d,$24,$19,$1b,$18,$10,$1b,$0e,$1c,$1c,$24,$24,$24,END_OBJECT
       07:E322  1B 24 1C  
       07:E325  0A 1F 0E  
       07:E328  0D 24 19  
       07:E32B  1B 18 10  
       07:E32E  1B 0E 1C  
       07:E331  1C 24 24  
       07:E334  24 FF     
  141                     
  142                     
  143  07:E336            WindowRows:
  144  07:E336  28 2A 29    .db $28, $2a, $29
  145  07:E339  2B 24 3B    .db $2b, $24, $3b
  146  07:E33C  38 3A 39    .db $38, $3a, $39 
  147                       
  148  07:E33F            PuzzleWindowRows:
  149  07:E33F  28 2A 29    .db $28, $2a, $29
  150  07:E342  2B 00 3B    .db $2b, $00, $3b
  151  07:E345  38 3A 39    .db $38, $3a, $39 
  152                         
  153  07:E348            GameInfoText:
  154                     
  155  07:E348  0B 0A 17    .db $0B, $0A, $17, $14, $00, $60, $00
       07:E34B  14 00 60  
       07:E34E  00        
  156  07:E34F  24 24 24    .db $24, $24, $24, $24, $24, $24, $24
       07:E352  24 24 24  
       07:E355  24        
  157  07:E356  24 24 24    .db $24, $24, $24, $61, $24, $24, $24 
       07:E359  61 24 24  
       07:E35C  24        
  158                       
  159  07:E35D            Pause_Window:
  160  07:E35D  28 2A 2A    .db $28,$2a,$2a,$2a,$2a,$2a,$2a,$2a,$2a,$2a,$2a,$2a,$29
       07:E360  2A 2A 2A  
       07:E363  2A 2A 2A  
       07:E366  2A 2A 2A  
       07:E369  29        
  161  07:E36A  2B 24 24    .db $2b,$24,$24,$24,$24,$24,$24,$24,$24,$24,$24,$24,$3b
       07:E36D  24 24 24  
       07:E370  24 24 24  
       07:E373  24 24 24  
       07:E376  3B        
  162  07:E377  2B 24 24    .db $2b,$24,$24,$24,$24,$24,$24,$24,$24,$24,$24,$24,$3b
       07:E37A  24 24 24  
       07:E37D  24 24 24  
       07:E380  24 24 24  
       07:E383  3B        
  163  07:E384  2B 24 24    .db $2b,$24,$24,$24,$24,$24,$24,$24,$24,$24,$24,$24,$3b
       07:E387  24 24 24  
       07:E38A  24 24 24  
       07:E38D  24 24 24  
       07:E390  3B        
  164  07:E391  2B 24 24    .db $2b,$24,$24,$24,$24,$24,$24,$24,$24,$24,$24,$24,$3b
       07:E394  24 24 24  
       07:E397  24 24 24  
       07:E39A  24 24 24  
       07:E39D  3B        
  165  07:E39E  38 3A 3A    .db $38,$3a,$3a,$3a,$3a,$3a,$3a,$3a,$3a,$3a,$3a,$3a,$39
       07:E3A1  3A 3A 3A  
       07:E3A4  3A 3A 3A  
       07:E3A7  3A 3A 3A  
       07:E3AA  39        
  166                     
  167  07:E3AB            Pause_Menu:
  168  07:E3AB  24 24 24    .db $24,$24,$24,$24,$24,$24,$24,$24,$24,$24,$24
       07:E3AE  24 24 24  
       07:E3B1  24 24 24  
       07:E3B4  24 24     
  169  07:E3B6  24 24 24    .db $24,$24,$24,$1b,$0e,$1c,$1e,$16,$0e,$24,$24
       07:E3B9  1B 0E 1C  
       07:E3BC  1E 16 0E  
       07:E3BF  24 24     
  170  07:E3C1  24 24 24    .db $24,$24,$24,$0e,$21,$12,$1d,$24,$24,$24,$24
       07:E3C4  0E 21 12  
       07:E3C7  1D 24 24  
       07:E3CA  24 24     
  171  07:E3CC  24 24 24    .db $24,$24,$24,$1b,$0e,$1c,$0e,$1d,$24,$24,$24
       07:E3CF  1B 0E 1C  
       07:E3D2  0E 1D 24  
       07:E3D5  24 24     
  172                     
  173                     
  174  07:E3D7            Pause_Quit:     ;since we're drawing it while rendering, we can just pack in the whole thing
  175  07:E3D7  24 1C 0A    .db $24,$1c,$0a,$1f,$0e,$62,$0e,$21,$12,$1d,$24
       07:E3DA  1F 0E 62  
       07:E3DD  0E 21 12  
       07:E3E0  1D 24     
  176  07:E3E2  24 24 24    .db $24,$24,$24,$24,$24,$24,$24,$24,$24,$24,$24
       07:E3E5  24 24 24  
       07:E3E8  24 24 24  
       07:E3EB  24 24     
  177  07:E3ED  24 24 24    .db $24,$24,$24,$24,$24,$24,$24,$24,$24,$24,$24
       07:E3F0  24 24 24  
       07:E3F3  24 24 24  
       07:E3F6  24 24     
  178  07:E3F8  24 24 22    .db $24,$24,$22,$0e,$1c,$24,$24,$17,$18,$24,$24
       07:E3FB  0E 1C 24  
       07:E3FE  24 17 18  
       07:E401  24 24     
  179                     
  180  07:E403            EndScreens:
  181                     
  182  07:E403  07 E4       .word PuzzleClearLines, PuzzleSavedLines
       07:E405  36 E4     
  183                       
  184  07:E407            PuzzleClearLines:
  185                     
  186  07:E407  EA 20       .db $EA, $20
  187  07:E409  0D 19 1E    .db $0D, $19,$1e,$23,$23,$15,$0e,$24,$0c,$15,$0e,$0a,$1b,$64
       07:E40C  23 23 15  
       07:E40F  0E 24 0C  
       07:E412  15 0E 0A  
       07:E415  1B 64     
  188  07:E417  07 1D 12    .db $07, $1d,$12,$16,$0e,$61,$24,$24 ;print the time here as a separate call, similar to how it's printed in update game at 2131
       07:E41A  16 0E 61  
       07:E41D  24 24     
  189  07:E41F  0C 17 0E    .db $0C, $17,$0e,$21,$1d,$24,$19,$1e,$23,$23,$15,$0e,$63
       07:E422  21 1D 24  
       07:E425  19 1E 23  
       07:E428  23 15 0E  
       07:E42B  63        
  190  07:E42C  09 24 24    .db $09, $24,$24,$22,$0e,$1c,$24,$24,$17,$18
       07:E42F  22 0E 1C  
       07:E432  24 24 17  
       07:E435  18        
  191                     
  192  07:E436            PuzzleSavedLines:
  193                       
  194  07:E436  2A 21       .db $2A, $21 
  195  07:E438  0D 19 1E    .db $0D, $19,$1e,$23,$23,$15,$0e,$24,$1c,$0a,$1f,$0e,$0d,$64
       07:E43B  23 23 15  
       07:E43E  0E 24 1C  
       07:E441  0A 1F 0E  
       07:E444  0D 64     
  196                       
  197  07:E446            SelectDefaultName:
  198                      
  199  07:E446  47 26       .db $47, $26 
  200  07:E448  10 63 63    .db $10, $63,$63,$63,$63,$63,$63,$63,$63,$63,$63,$63,$63,$63,$63,$63,$63
       07:E44B  63 63 63  
       07:E44E  63 63 63  
       07:E451  63 63 63  
       07:E454  63 63 63  
       07:E457  63 63     
  201                     
  202  07:E459            SelectDefaultTime:
  203                     
  204  07:E459  8F 26       .db $8F, $26 
  205                       
  206  07:E45B            DefaultTimeString:
  207  07:E45B  05 60 60    .db $05, $60, $60, $61, $60, $60
       07:E45E  61 60 60  
  208                       
  209                     
  210                     
  211                      
  212                             
#[1]   Source/PictoPuzzler.asm
#[2]   Source/Content/Graphics/Sprites/Sprites.asm
  233                       .include "Source/Content/Graphics/Sprites/Sprites.asm"
    1                     
    2                     ;;Byte0
    3                     ;;Y position of top of sprite
    4                     ;;Sprite data is delayed by one scanline; 
    5                     ;;you must subtract 1 from the sprite's 
    6                     ;;Y coordinate before writing it here. 
    7                     ;;Hide a sprite by moving it down offscreen, 
    8                     ;;by writing any values between #$EF-#$FF here. 
    9                     ;;Sprites are never displayed on the first line of the picture, 
   10                     ;;and it is impossible to place a sprite partially off the top of the screen.
   11                     
   12                     ;;Byte 1
   13                     ;;Tile index number
   14                     ;;For 8x8 sprites, this is the tile number of this sprite within the pattern table selected in bit 3 of PPUCTRL ($2000).
   15                     ;;For 8x16 sprites (bit 5 of PPUCTRL set), the PPU ignores the pattern table selection and selects a pattern table from bit 0 of this number.
   16                     ;;76543210
   17                     ;;||||||||
   18                     ;;|||||||+- Bank ($0000 or $1000) of tiles
   19                     ;;+++++++-- Tile number of top of sprite (0 to 254; bottom half gets the next tile)
   20                     
   21                     ;;Byte 2
   22                     ;;Attributes
   23                     ;;76543210
   24                     ;;||||||||
   25                     ;;||||||++- Palette (4 to 7) of sprite
   26                     ;;|||+++--- Unimplemented (read 0)
   27                     ;;||+------ Priority (0: in front of background; 1: behind background)
   28                     ;;|+------- Flip sprite horizontally
   29                     ;;+-------- Flip sprite vertically
   30                     
   31                     ;;Byte 3
   32                     ;;X position of left side of sprite.
   33                     ;;X-scroll values of $F9-FF results in parts of the 
   34                     ;;sprite to be past the right edge of the screen, thus invisible.
   35                     ;;It is not possible to have a sprite partially visible on the left edge. 
   36                     ;;Instead, left-clipping through PPUMASK ($2001) can be used to simulate this effect.
   37  07:E461            Sprites:
   38  07:E461  67 E4             .word Title_Sprites, Game_Sprites, GameOver_Sprites
       07:E463  80 E4     
       07:E465  89 E4     
   39                     
   40  07:E467            Title_Sprites:
   41  07:E467  06            .db $06
   42  07:E468  85 00 00          .db $85,$00,$00,$E8
       07:E46B  E8        
   43  07:E46C  A0 01 00          .db $A0,$01,$00,$60
       07:E46F  60        
   44  07:E470  9B FF 00          .db $9B,$FF,$00,$A4
       07:E473  A4        
   45  07:E474  9B FF 00          .db $9B,$FF,$00,$AC
       07:E477  AC        
   46  07:E478  A3 FF 00          .db $A3,$FF,$00,$A4
       07:E47B  A4        
   47  07:E47C  A3 FF 00          .db $A3,$FF,$00,$AC
       07:E47F  AC        
   48  07:E480            Game_Sprites:
   49  07:E480  02            .db $02
   50  07:E481  62 02 03          .db $62,$02,$03,$72
       07:E484  72        
   51  07:E485  5F FF 00          .db $5F,$FF,$00,$60
       07:E488  60        
   52  07:E489            GameOver_Sprites:
   53  07:E489  01                .db $01
   54  07:E48A  67 FF 00          .db $67,$FF,$00,$58
       07:E48D  58        
#[1]   Source/PictoPuzzler.asm
#[2]   Source/External/SoundEngine/Source/sound_engine.asm
  234                       .include "Source/External/SoundEngine/Source/sound_engine.asm"
    1  07:E48E            sound_init:
    2  07:E48E  A9 1F         lda #$1F
    3  07:E490  8D 15 40      sta $4015   ;enable Square 1, Square 2, Triangle and Noise channels
    4  07:E493  8D 00 03          sta sound_enable_flags
    5                         
    6  07:E496  A9 00         lda #$00
    7  07:E498  8D 01 03      sta sound_disable_flag  ;clear disable flag
    8                         ;later, if we have other variables we want to initialize, we will do that here.
    9  07:E49B  A9 FF         lda #$FF
   10  07:E49D  8D 04 03      sta sound_sq1_old   ;initializing these to $FF ensures that the first notes of the first song isn't skipped
   11  07:E4A0  8D 05 03      sta sound_sq2_old
   12  07:E4A3            se_silence:
   13  07:E4A3  A9 30         lda #$30
   14  07:E4A5  8D 06 03      sta soft_apu_ports      ;set Square 1 volume to 0
   15  07:E4A8  8D 0A 03      sta soft_apu_ports+4    ;set Square 2 volume to 0
   16  07:E4AB  8D 12 03      sta soft_apu_ports+12   ;set Noise volume to 0
   17  07:E4AE  A9 80         lda #$80
   18  07:E4B0  8D 0E 03      sta soft_apu_ports+8     ;silence Triangle
   19  07:E4B3  A9 00             lda #$00
   20  07:E4B5  8D 17 03          sta soft_apu_ports+17    ;silence DPMC
   21                     
   22  07:E4B8  60            rts
   23                         
   24  07:E4B9            sound_disable:
   25  07:E4B9  A9 00         lda #$00
   26  07:E4BB  8D 15 40      sta $4015   ;disable all channels
   27  07:E4BE  8D 00 03          sta sound_enable_flags
   28  07:E4C1  A9 01         lda #$01
   29  07:E4C3  8D 01 03      sta sound_disable_flag  ;set disable flag
   30  07:E4C6  60            rts
   31                         
   32                     ;-------------------------------------
   33                     ; load_sound will prepare the sound engine to play a song or sfx.
   34                     ;   input:
   35                     ;       A: song/sfx number to play
   36  07:E4C7            sound_load:
   37  07:E4C7  8D 02 03      sta sound_temp1         ;save song number
   38  07:E4CA  0A            asl a                   ;multiply by 2.  We are indexing into a table of pointers (words)
   39  07:E4CB  A8            tay
   40  07:E4CC  B9 AB E8      lda song_headers, y     ;setup the pointer to our song header
   41  07:E4CF  8D DF 00      sta sound_ptr
   42  07:E4D2  B9 AC E8      lda song_headers+1, y
   43  07:E4D5  8D E0 00      sta sound_ptr+1
   44                         
   45  07:E4D8  A0 00         ldy #$00
   46  07:E4DA  B1 DF         lda [sound_ptr], y      ;read the first byte: # streams
   47  07:E4DC  8D 03 03      sta sound_temp2         ;store in a temp variable.  We will use this as a loop counter: how many streams to read stream headers for
   48  07:E4DF  C8            iny
   49  07:E4E0            .loop:
   50  07:E4E0  B1 DF         lda [sound_ptr], y      ;stream number
   51  07:E4E2  AA            tax                     ;stream number acts as our variable index
   52  07:E4E3  C8            iny
   53                         
   54  07:E4E4  B1 DF         lda [sound_ptr], y      ;status byte.  1= enable, 0=disable
   55  07:E4E6  9D 22 03      sta stream_status, x
   56  07:E4E9  F0 49         beq .next_stream        ;if status byte is 0, stream disabled, so we are done
   57  07:E4EB  C8            iny
   58                         
   59  07:E4EC  B1 DF         lda [sound_ptr], y      ;channel number
   60  07:E4EE  9D 2A 03      sta stream_channel, x
   61  07:E4F1  C8            iny
   62                         
   63  07:E4F2  B1 DF         lda [sound_ptr], y      ;initial duty and volume settings
   64  07:E4F4  9D 52 03      sta stream_vol_duty, x
   65  07:E4F7  C8            iny
   66                         
   67  07:E4F8  B1 DF         lda [sound_ptr], y
   68  07:E4FA  9D 42 03      sta stream_ve, x
   69  07:E4FD  C8            iny
   70                             
   71                             ;temp solution
   72  07:E4FE  A9 00             lda #me_none
   73  07:E500  9D A0 03          sta stream_pe, x
   74                             
   75                             ;temp solution
   76  07:E503  A9 00             lda #arp_none
   77  07:E505  9D C0 03          sta stream_arp, x
   78                         
   79  07:E508  B1 DF         lda [sound_ptr], y      ;pointer to stream data.  Little endian, so low byte first
   80  07:E50A  9D 32 03      sta stream_ptr_LO, x
   81  07:E50D  C8            iny
   82                         
   83  07:E50E  B1 DF         lda [sound_ptr], y
   84  07:E510  9D 3A 03      sta stream_ptr_HI, x
   85  07:E513  C8            iny
   86                         
   87  07:E514  B1 DF         lda [sound_ptr], y
   88  07:E516  9D 72 03      sta stream_tempo, x
   89                         
   90  07:E519  A9 A0         lda #$A0
   91  07:E51B  9D 7A 03      sta stream_ticker_total, x
   92                         
   93  07:E51E  A9 01         lda #$01
   94  07:E520  9D 82 03      sta stream_note_length_counter,x
   95                         
   96  07:E523  A9 00         lda #$00
   97  07:E525  9D 4A 03      sta stream_ve_index, x
   98  07:E528  9D A8 03          sta stream_pe_index, x
   99  07:E52B  9D C8 03          sta stream_arp_index, x
  100  07:E52E  9D 92 03      sta stream_loop1, x
  101  07:E531  9D 9A 03      sta stream_note_offset, x
  102  07:E534            .next_stream:
  103  07:E534  C8            iny
  104                         
  105  07:E535  AD 02 03      lda sound_temp1         ;song number
  106  07:E538  9D 1A 03      sta stream_curr_sound, x
  107                         
  108  07:E53B  CE 03 03      dec sound_temp2         ;our loop counter
  109  07:E53E  D0 A0         bne .loop
  110  07:E540  60            rts
  111                     
  112                     ;--------------------------
  113                     ; sound_play_frame advances the sound engine by one frame
  114  07:E541            sound_play_frame:
  115  07:E541  AD 01 03      lda sound_disable_flag
  116  07:E544  D0 31         bne .done   ;if disable flag is set, don't advance a frame
  117                     
  118  07:E546  20 A3 E4      jsr se_silence  ;silence all channels.  se_set_apu will set volume later for all channels that are enabled.
  119                                         ;the purpose of this subroutine call is to silence channels that aren't used by any streams.
  120  07:E549  A2 00         ldx #$00
  121  07:E54B            .loop:
  122  07:E54B  BD 22 03      lda stream_status, x
  123  07:E54E  29 01         and #$01    ;check whether the stream is active
  124  07:E550  F0 1D         beq .endloop  ;if the stream isn't active, skip it
  125                         
  126                         ;add the tempo to the ticker total.  If there is a FF-> 0 transition, there is a tick
  127  07:E552  BD 7A 03      lda stream_ticker_total, x
  128  07:E555  18            clc
  129  07:E556  7D 72 03      adc stream_tempo, x
  130  07:E559  9D 7A 03      sta stream_ticker_total, x
  131  07:E55C  90 0E         bcc .set_buffer    ;carry clear = no tick.  if no tick, we are done with this stream
  132                         
  133  07:E55E  DE 82 03      dec stream_note_length_counter, x   ;else there is a tick. decrement the note length counter
  134  07:E561  D0 09         bne .set_buffer    ;if counter is non-zero, our note isn't finished playing yet
  135  07:E563  BD 8A 03      lda stream_note_length, x   ;else our note is finished. reload the note length counter
  136  07:E566  9D 82 03      sta stream_note_length_counter, x
  137                         
  138  07:E569  20 78 E5      jsr se_fetch_byte   ;read the next byte from the data stream
  139                         
  140  07:E56C            .set_buffer:
  141  07:E56C  20 B3 E6      jsr se_set_temp_ports   ;copy the current stream's sound data for the current frame into our temporary APU vars (soft_apu_ports)
  142  07:E56F            .endloop:
  143  07:E56F  E8            inx
  144  07:E570  E0 08         cpx #$08
  145  07:E572  D0 D7         bne .loop
  146  07:E574  20 46 E8      jsr se_set_apu      ;copy the temporary APU variables (soft_apu_ports) to the real APU ports ($4000, $4001, etc)
  147  07:E577            .done:
  148  07:E577  60            rts
  149                     
  150                     ;--------------------------
  151                     ; se_fetch_byte reads one byte from a sound data stream and handles it
  152                     ;   input: 
  153                     ;       X: stream number    
  154  07:E578            se_fetch_byte:
  155  07:E578  BD 32 03      lda stream_ptr_LO, x
  156  07:E57B  8D DF 00      sta sound_ptr
  157  07:E57E  BD 3A 03      lda stream_ptr_HI, x
  158  07:E581  8D E0 00      sta sound_ptr+1
  159                         
  160  07:E584  A0 00         ldy #$00
  161  07:E586            .fetch:
  162  07:E586  B1 DF         lda [sound_ptr], y
  163  07:E588  10 26         bpl .note                ;if < #$80, it's a Note
  164  07:E58A  C9 A0         cmp #$A0
  165  07:E58C  90 0C         bcc .note_length         ;else if < #$A0, it's a Note Length
  166  07:E58E            .opcode:                     ;else it's an opcode
  167                         ;do Opcode stuff
  168  07:E58E  20 98 E6      jsr se_opcode_launcher
  169  07:E591  C8            iny                      ;next position in the data stream
  170  07:E592  BD 22 03      lda stream_status, x
  171  07:E595  29 01         and #%00000001
  172  07:E597  D0 ED         bne .fetch               ;after our opcode is done, grab another byte unless the stream is disabled
  173  07:E599  60            rts                      ; in which case we quit  (explained below)
  174  07:E59A            .note_length:
  175                         ;do note length stuff
  176  07:E59A  29 7F         and #%01111111          ;chop off bit7
  177  07:E59C  8C 02 03      sty sound_temp1         ;save Y because we are about to destroy it
  178  07:E59F  A8            tay
  179  07:E5A0  B9 81 EC      lda note_length_table, y    ;get the note length count value
  180  07:E5A3  9D 8A 03      sta stream_note_length, x
  181  07:E5A6  9D 82 03      sta stream_note_length_counter, x   ;stick it in our note length counter
  182  07:E5A9  AC 02 03      ldy sound_temp1         ;restore Y
  183  07:E5AC  C8            iny                     ;set index to next byte in the stream
  184  07:E5AD  4C 86 E5      jmp .fetch              ;fetch another byte
  185  07:E5B0            .note:
  186                         ;do Note stuff
  187  07:E5B0  8D 03 03      sta sound_temp2
  188  07:E5B3  BD 2A 03      lda stream_channel, x
  189  07:E5B6  C9 03         cmp #NOISE
  190  07:E5B8  D0 06         bne .not_noise
  191  07:E5BA  20 08 E6      jsr se_do_noise
  192  07:E5BD  4C EB E5      jmp .reset_ve
  193  07:E5C0            .not_noise:
  194  07:E5C0  C9 04             cmp #DPMC
  195  07:E5C2  90 06             bcc .not_dpmc
  196  07:E5C4  20 40 E6          jsr se_do_dpmc
  197  07:E5C7  4C EB E5          jmp .reset_ve
  198  07:E5CA            .not_dpmc:
  199  07:E5CA  AD 03 03      lda sound_temp2
  200  07:E5CD  8C 02 03      sty sound_temp1     ;save our index into the data stream
  201  07:E5D0  18            clc
  202  07:E5D1  7D 9A 03      adc stream_note_offset, x   ;add note offset
  203  07:E5D4  0A            asl a
  204  07:E5D5  A8            tay
  205  07:E5D6  9D 5A 03          sta stream_note_idx, x
  206  07:E5D9  B9 C3 EB      lda note_table, y
  207  07:E5DC  9D 62 03      sta stream_note_LO, x
  208  07:E5DF  B9 C4 EB      lda note_table+1, y
  209  07:E5E2  9D 6A 03      sta stream_note_HI, x
  210  07:E5E5  AC 02 03      ldy sound_temp1     ;restore data stream index
  211                         
  212                         ;check if it's a rest and modify the status flag appropriately
  213                     
  214  07:E5E8  20 82 E6      jsr se_check_rest
  215  07:E5EB            .reset_ve:    
  216  07:E5EB  A9 00         lda #$00
  217  07:E5ED  9D 4A 03      sta stream_ve_index, x  
  218  07:E5F0  9D A8 03          sta stream_pe_index, x
  219  07:E5F3  9D B8 03          sta stream_pe_delay, x
  220  07:E5F6  9D C8 03          sta stream_arp_index,x
  221  07:E5F9            .update_pointer:
  222  07:E5F9  C8            iny
  223  07:E5FA  98            tya
  224  07:E5FB  18            clc
  225  07:E5FC  7D 32 03      adc stream_ptr_LO, x
  226  07:E5FF  9D 32 03      sta stream_ptr_LO, x
  227  07:E602  90 03         bcc .end
  228  07:E604  FE 3A 03      inc stream_ptr_HI, x
  229  07:E607            .end:
  230  07:E607  60            rts
  231                     
  232  07:E608            se_do_noise:
  233                     
  234  07:E608  AD 15 40          lda $4015
  235  07:E60B  29 10             AND #$10                                ;get the current DMC bytes remaining
  236  07:E60D  09 07             ORA #$07                                ;add in the lower three bits
  237  07:E60F  2D 00 03          AND sound_enable_flags  ;and with the current sound flags, minus noise
  238  07:E612  8D 00 03          sta sound_enable_flags  ;disable noise
  239  07:E615  8D 15 40          sta $4015
  240                     
  241  07:E618  AD 03 03      lda sound_temp2
  242  07:E61B  29 20             AND #%00100000
  243  07:E61D  D0 20             bne .leave
  244                             
  245  07:E61F  AD 03 03          lda sound_temp2
  246  07:E622  29 10         and #%00010000
  247  07:E624  F0 08         beq .mode0
  248  07:E626  AD 03 03      lda sound_temp2
  249  07:E629  09 80         ora #%10000000      ;set bit 7 to set mode1
  250  07:E62B  8D 03 03      sta sound_temp2
  251  07:E62E            .mode0:
  252  07:E62E  AD 03 03      lda sound_temp2
  253  07:E631  9D 62 03      sta stream_note_LO, x
  254                     
  255  07:E634  AD 00 03          lda sound_enable_flags
  256  07:E637  09 08             ORA #%00001000
  257  07:E639  8D 00 03          STA sound_enable_flags
  258  07:E63C  8D 15 40          sta $4015
  259  07:E63F            .leave:
  260  07:E63F  60            rts
  261                             
  262  07:E640            se_do_dpmc:
  263  07:E640  8A                TXA
  264  07:E641  48                PHA
  265                             
  266  07:E642  AD 00 03          lda sound_enable_flags
  267  07:E645  29 0F             AND #$0F
  268  07:E647  8D 00 03          sta sound_enable_flags ;DPCM disable
  269  07:E64A  8D 15 40          sta $4015
  270                             
  271  07:E64D  AD 03 03          lda sound_temp2         ;load up sample index- we can cram in the pitch and keep ourselves to 6 samples (7 will be rest)
  272  07:E650  C9 70             CMP #$70
  273  07:E652  B0 2B             BCS .leave
  274                     
  275  07:E654  29 0F             AND #$0F
  276  07:E656  8D 10 40          sta $4010 ;pitch
  277  07:E659  A9 7F             LDA #$7F
  278  07:E65B  8D 11 40          sta $4011 ;temp = starting sample level
  279  07:E65E  AD 03 03          lda sound_temp2
  280  07:E661  29 F0             AND #$F0
  281  07:E663  4A                LSR A
  282  07:E664  4A                LSR A
  283  07:E665  4A                LSR A
  284  07:E666  4A                LSR A
  285  07:E667  AA                TAX
  286  07:E668  BD F1 DE          lda SampleStart,x
  287  07:E66B  8D 12 40          sta $4012 ;X = sample number
  288  07:E66E  BD F3 DE          lda SampleLength,x
  289  07:E671  8D 13 40          sta $4013
  290                             
  291  07:E674  AD 00 03          lda sound_enable_flags
  292  07:E677  09 10             ORA #$10
  293  07:E679  8D 00 03          STA sound_enable_flags
  294  07:E67C  8D 15 40          sta $4015
  295  07:E67F            .leave:
  296  07:E67F  68                PLA
  297  07:E680  AA                TAX
  298                     
  299  07:E681  60                rts
  300                             
  301                     ;--------------------------------------------------
  302                     ; se_check_rest will read a byte from the data stream and
  303                     ;       determine if it is a rest or not.  It will set or clear the current
  304                     ;       stream's rest flag accordingly.
  305                     ;       input:
  306                     ;           X: stream number
  307                     ;           Y: data stream index
  308  07:E682            se_check_rest:
  309  07:E682  B1 DF         lda [sound_ptr], y  ;read the note byte again
  310  07:E684  C9 5E         cmp #rest
  311  07:E686  D0 07         bne .not_rest
  312  07:E688  BD 22 03      lda stream_status, x
  313  07:E68B  09 02         ora #%00000010  ;set the rest bit in the status byte
  314  07:E68D  D0 05         bne .store  ;this will always branch.  bne is cheaper than a jmp.
  315  07:E68F            .not_rest:
  316  07:E68F  BD 22 03      lda stream_status, x
  317  07:E692  29 FD         and #%11111101  ;clear the rest bit in the status byte
  318  07:E694            .store:
  319  07:E694  9D 22 03      sta stream_status, x
  320  07:E697  60            rts
  321                         
  322                     ;-----------------------------------------
  323                     ; se_opcode_launcher will read an address from the opcode jump table and indirect jump there.
  324                     ;    input: A: opcode byte
  325                     ;               Y: data stream position
  326                     ;               X: stream number
  327  07:E698            se_opcode_launcher:
  328  07:E698  8C 02 03      sty sound_temp1         ;save y register, because we are about to destroy it
  329  07:E69B  38            sec
  330  07:E69C  E9 A0         sbc #$A0                ;turn our opcode byte into a table index by subtracting $A0
  331  07:E69E  0A            asl a                   ;multiply by 2 because we index into a table of addresses (words)
  332  07:E69F  A8            tay
  333  07:E6A0  B9 10 EB      lda sound_opcodes, y    ;get low byte of subroutine address
  334  07:E6A3  8D E1 00      sta sound_ptr2
  335  07:E6A6  B9 11 EB      lda sound_opcodes+1, y  ;get high byte
  336  07:E6A9  8D E2 00      sta sound_ptr2+1
  337  07:E6AC  AC 02 03      ldy sound_temp1         ;restore our y register
  338  07:E6AF  C8            iny                     ;set to next position in data stream (assume an argument)
  339  07:E6B0  6C E1 00      jmp [sound_ptr2]           ;indirect jump to our opcode subroutine    
  340                         
  341                     ;----------------------------------------------------
  342                     ; se_set_temp_ports will copy a stream's sound data to the temporary apu variables
  343                     ;      input:
  344                     ;           X: stream number
  345  07:E6B3            se_set_temp_ports:
  346                     
  347  07:E6B3  E0 06             cpx #MUSIC_DPMC
  348  07:E6B5  90 01             bcc .contTempPorts
  349  07:E6B7  60                rts
  350  07:E6B8            .contTempPorts:
  351  07:E6B8  BD 2A 03      lda stream_channel, x
  352  07:E6BB  0A            asl a
  353  07:E6BC  0A            asl a
  354  07:E6BD  A8            tay
  355                         
  356  07:E6BE  20 E1 E6      jsr se_set_stream_volume
  357                             
  358                         
  359  07:E6C1  A9 08         lda #$08
  360  07:E6C3  99 07 03      sta soft_apu_ports+1, y     ;sweep
  361                         
  362                             
  363  07:E6C6  BD C0 03          LDA stream_arp, x
  364  07:E6C9  F0 06             BEQ .updatePitch
  365                             
  366  07:E6CB  20 3D E7          JSR se_set_stream_arpeggio
  367  07:E6CE  4C E0 E6          JMP .leaveTempSet
  368                             
  369  07:E6D1            .updatePitch:
  370  07:E6D1  BD 62 03      lda stream_note_LO, x
  371  07:E6D4  99 08 03      sta soft_apu_ports+2, y     ;period LO
  372                         
  373  07:E6D7  BD 6A 03      lda stream_note_HI, x
  374  07:E6DA  99 09 03      sta soft_apu_ports+3, y     ;period HI
  375                             
  376                     
  377  07:E6DD  20 97 E7          jsr se_set_stream_pitch
  378                     
  379  07:E6E0            .leaveTempSet:
  380  07:E6E0  60            rts    
  381                     
  382                     ;----------------------------------
  383                     ;    
  384  07:E6E1            se_set_stream_volume:
  385                             
  386  07:E6E1  8C 02 03      sty sound_temp1             ;save our index into soft_apu_ports (we are about to destroy y)
  387                         
  388  07:E6E4  BD 42 03      lda stream_ve, x            ;which volume envelope?
  389  07:E6E7  0A            asl a                       ;multiply by 2 because we are indexing into a table of addresses (words)
  390  07:E6E8  A8            tay
  391  07:E6E9  B9 9D EC      lda kVol, y     ;get the low byte of the address from the pointer table
  392  07:E6EC  8D DF 00      sta sound_ptr               ;put it into our pointer variable
  393  07:E6EF  B9 9E EC      lda kVol+1, y   ;get the high byte of the address
  394  07:E6F2  8D E0 00      sta sound_ptr+1
  395                         
  396  07:E6F5            .read_ve:
  397  07:E6F5  BC 4A 03      ldy stream_ve_index, x      ;our current position within the volume envelope.
  398  07:E6F8  B1 DF         lda [sound_ptr], y          ;grab the value.
  399  07:E6FA  C9 FF         cmp #$FF
  400  07:E6FC  D0 06         bne .set_vol                ;if not FF, set the volume
  401  07:E6FE  DE 4A 03      dec stream_ve_index, x      ;else if FF, go back one and read again
  402  07:E701  4C F5 E6      jmp .read_ve                ;  FF essentially tells us to repeat the last
  403                                                     ;  volume value for the remainder of the note
  404  07:E704            .set_vol:
  405  07:E704  8D 03 03      sta sound_temp2             ;save our new volume value (about to destroy A)
  406                         
  407  07:E707  E0 02         cpx #TRIANGLE               
  408  07:E709  D0 09         bne .squares                ;if not triangle channel, go ahead
  409  07:E70B  AD 03 03      lda sound_temp2
  410  07:E70E  D0 04         bne .squares                ;else if volume not zero, go ahead (treat same as squares)
  411  07:E710  A9 80         lda #$80
  412  07:E712  30 08         bmi .store_vol              ;else silence the channel with #$80
  413  07:E714            .squares:
  414  07:E714  BD 52 03      lda stream_vol_duty, x      ;get current vol/duty settings
  415  07:E717  29 F0         and #$F0                    ;zero out the old volume
  416  07:E719  0D 03 03      ora sound_temp2             ;OR our new volume in.
  417                     
  418  07:E71C            .store_vol:
  419  07:E71C  AC 02 03      ldy sound_temp1             ;get our index into soft_apu_ports
  420  07:E71F  99 06 03      sta soft_apu_ports, y       ;store the volume in our temp port
  421  07:E722  FE 4A 03      inc stream_ve_index, x      ;set our volume envelop index to the next position
  422                     
  423  07:E725            .rest_check:
  424                         ;check the rest flag. if set, overwrite volume with silence value 
  425  07:E725  BD 22 03      lda stream_status, x
  426  07:E728  29 02         and #%00000010
  427  07:E72A  F0 10         beq .done                   ;if clear, no rest, so quit
  428  07:E72C  BD 2A 03      lda stream_channel, x
  429  07:E72F  C9 02         cmp #TRIANGLE               ;if triangle, silence with #$80
  430  07:E731  F0 04         beq .tri                    ;else, silence with #$30
  431  07:E733  A9 30         lda #$30        
  432  07:E735  D0 02         bne .store                  ;this always branches.  bne is cheaper than a jmp
  433  07:E737            .tri:
  434  07:E737  A9 80         lda #$80
  435  07:E739            .store:    
  436  07:E739  99 06 03      sta soft_apu_ports, y
  437  07:E73C            .done:
  438  07:E73C  60            rts   
  439                             
  440                     ;---------------------------------------
  441                     ;
  442  07:E73D            se_set_stream_arpeggio:
  443                         
  444  07:E73D  BD 22 03          lda stream_status, x
  445  07:E740  29 02         and #%00000010
  446  07:E742  F0 01             beq .continue
  447  07:E744  60                rts
  448                             
  449  07:E745            .continue:
  450  07:E745  8C 02 03      sty sound_temp1             ;save our index into soft_apu_ports (we are about to destroy y)
  451                         
  452  07:E748  BD C0 03      lda stream_arp, x            ;which volume envelope?
  453  07:E74B  0A            asl a                       ;multiply by 2 because we are indexing into a table of addresses (words)
  454  07:E74C  A8            tay
  455  07:E74D  B9 51 EE      lda kArp, y     ;get the low byte of the address from the pointer table
  456  07:E750  8D DF 00      sta sound_ptr               ;put it into our pointer variable
  457  07:E753  B9 52 EE      lda kArp+1, y   ;get the high byte of the address
  458  07:E756  8D E0 00      sta sound_ptr+1
  459                         
  460  07:E759            .read_arp:
  461  07:E759  BC C8 03      ldy stream_arp_index, x      ;our current position within the volume envelope.
  462  07:E75C  B1 DF         lda [sound_ptr], y          ;grab the value.
  463  07:E75E  C9 81         cmp #$81
  464  07:E760  D0 08         bne .set_arp                ;if not 80, set the volume
  465  07:E762  A9 00             LDA #$00
  466  07:E764  9D C8 03      STA stream_arp_index, x      ;else if 80, go back one to start
  467  07:E767  4C 59 E7      jmp .read_arp                ;  FF essentially tells us to repeat the last
  468                                                     ;  volume value for the remainder of the note
  469  07:E76A            .set_arp:
  470  07:E76A  8D 03 03      STA sound_temp2             ;save our new volume value (about to destroy A)
  471  07:E76D  BD 5A 03          LDA stream_note_idx, x          ;note indexes are premultiplied, un mult for an easier add
  472  07:E770  4A                LSR A                           
  473  07:E771  18                CLC
  474  07:E772  6D 03 03          ADC sound_temp2
  475  07:E775  8D 03 03          STA sound_temp2
  476                             
  477                             
  478  07:E778  AC 02 03          LDY sound_temp1
  479  07:E77B  8E 02 03          STX sound_temp1
  480  07:E77E  0A                ASL A
  481  07:E77F  AA                TAX 
  482                     
  483  07:E780  BD C3 EB          LDA note_table, x
  484  07:E783  99 08 03          STA soft_apu_ports+2, y
  485  07:E786  BD C4 EB          LDA note_table+1, x
  486  07:E789  99 09 03          STA soft_apu_ports+3, y
  487                             
  488  07:E78C  AE 02 03          LDX sound_temp1
  489                             
  490  07:E78F  FE C8 03      inc stream_arp_index, x      ;set our volume envelop index to the next position
  491                             
  492  07:E792  98                TYA
  493  07:E793  8D 02 03          STA sound_temp1
  494                     
  495  07:E796  60            rts 
  496                     ;--------------------------------------
  497                     ;
  498  07:E797            se_set_stream_pitch:
  499  07:E797  8C 02 03      sty sound_temp1             ;save our index into soft_apu_ports (we are about to destroy y)
  500                         
  501  07:E79A  BD A0 03      lda stream_pe, x            ;which volume envelope?
  502  07:E79D  0A            asl a                       ;multiply by 2 because we are indexing into a table of addresses (words)
  503  07:E79E  A8            tay
  504  07:E79F  B9 04 EE      lda kMod, y     ;get the low byte of the address from the pointer table
  505  07:E7A2  8D DF 00      sta sound_ptr               ;put it into our pointer variable
  506  07:E7A5  B9 05 EE      lda kMod+1, y   ;get the high byte of the address
  507  07:E7A8  8D E0 00      sta sound_ptr+1
  508                             
  509  07:E7AB  BD B8 03          LDA stream_pe_delay, x
  510                             ;;if not 0, decrement
  511                             ;AND #$7F                       ;check if, without minus flag, the delay is 0
  512  07:E7AE  F0 04             BEQ .read_pe
  513  07:E7B0  DE B8 03          DEC stream_pe_delay, x
  514  07:E7B3  60                RTS
  515                         
  516  07:E7B4            .read_pe:
  517  07:E7B4  BC A8 03      ldy stream_pe_index, x      ;our current position within the volume envelope.
  518  07:E7B7  B1 DF         lda [sound_ptr], y          ;grab the value.
  519  07:E7B9  C9 80         cmp #l_cLast
  520  07:E7BB  D0 06             BNE .notLoopLast
  521  07:E7BD  DE A8 03          dec stream_pe_index, x      ;else if loop last, go back one and read again
  522  07:E7C0  4C B4 E7          jmp .read_pe 
  523                     
  524  07:E7C3            .notLoopLast:
  525  07:E7C3  C9 81             cmp #l_cAll
  526  07:E7C5  D0 08             BNE .notLoopAll
  527  07:E7C7  A9 00             LDA #$00
  528  07:E7C9  9D A8 03          STA stream_pe_index, x
  529  07:E7CC  4C B4 E7          jmp .read_pe
  530                             
  531  07:E7CF            .notLoopAll:
  532  07:E7CF  C9 82             cmp #l_cPart
  533  07:E7D1  D0 0D             BNE .notLoopPart
  534  07:E7D3  C8                iny
  535  07:E7D4  BD A8 03          lda stream_pe_index, x
  536  07:E7D7  38                SEC
  537  07:E7D8  F1 DF             SBC [sound_ptr], y
  538  07:E7DA  9D A8 03          STA stream_pe_index, x
  539  07:E7DD  4C B4 E7          jmp .read_pe
  540                     
  541  07:E7E0            .notLoopPart:
  542  07:E7E0  C9 83             cmp #l_cHold
  543  07:E7E2  D0 15             BNE .notLoopDelay
  544                             ;LDA stream_pe_delay, x
  545                             ;BMI .delayUsed ;negative, delay was already used this time
  546  07:E7E4  C8                iny
  547  07:E7E5  B1 DF             lda [sound_ptr], y
  548                             ;ORA #$80
  549  07:E7E7  9D B8 03          STA stream_pe_delay, x
  550  07:E7EA  FE A8 03          inc stream_pe_index, x
  551  07:E7ED  4C 36 E8          jmp .finish_pitchShift
  552  07:E7F0            .delayUsed:
  553  07:E7F0  FE A8 03          inc stream_pe_index, x
  554  07:E7F3  FE A8 03          inc stream_pe_index, x
  555  07:E7F6  4C B4 E7          jmp .read_pe
  556                             
  557  07:E7F9            .notLoopDelay:
  558  07:E7F9            .set_pitch:
  559                     
  560  07:E7F9  9D B0 03      sta stream_pe_offset, x      ;get current vol/duty settings
  561  07:E7FC  8D 03 03          STA sound_temp2
  562  07:E7FF  AC 02 03          LDY sound_temp1
  563  07:E802  AD 03 03          LDA sound_temp2
  564  07:E805  10 1D             BPL .add_pitch
  565                             
  566  07:E807            .sub_pitch:
  567                             
  568  07:E807  49 FF             EOR #$FF        ;flip bits
  569  07:E809  18                CLC
  570  07:E80A  69 01             ADC #$01        ;add one - two's compliment
  571  07:E80C  8D 03 03          STA sound_temp2
  572                             
  573  07:E80F  B9 08 03          LDA soft_apu_ports+2, y       
  574  07:E812  38                SEC
  575  07:E813  ED 03 03          SBC sound_temp2
  576  07:E816  99 08 03          STA soft_apu_ports+2, y
  577  07:E819  B9 09 03          LDA soft_apu_ports+3, y
  578  07:E81C  E9 00             SBC #$00
  579  07:E81E  99 09 03          STA soft_apu_ports+3, y
  580                             
  581  07:E821  4C 36 E8          JMP .finish_pitchShift
  582                     
  583  07:E824            .add_pitch:
  584                     
  585  07:E824  B9 08 03      LDA soft_apu_ports+2, y       
  586  07:E827  18                CLC
  587  07:E828  6D 03 03          ADC sound_temp2
  588  07:E82B  99 08 03          STA soft_apu_ports+2, y
  589  07:E82E  B9 09 03          LDA soft_apu_ports+3, y
  590  07:E831  69 00             ADC #$00
  591  07:E833  99 09 03          STA soft_apu_ports+3, y
  592                             
  593  07:E836            .finish_pitchShift:
  594  07:E836  FE A8 03      inc stream_pe_index, x      ;set our volume envelop index to the next position
  595                     
  596  07:E839            .rest_check:
  597                         ;check the rest flag. if set, overwrite volume with silence value 
  598  07:E839  BD 22 03      lda stream_status, x
  599  07:E83C  29 02         and #%00000010
  600  07:E83E  F0 05         beq .done                   ;if clear, no rest, so quit
  601                        
  602  07:E840  A9 00         LDA #$00
  603  07:E842  9D B0 03          STA stream_pe_offset, x
  604  07:E845            .done:
  605  07:E845  60            rts    
  606                     
  607                     ;--------------------------
  608                     ; se_set_apu copies the temporary RAM ports to the APU ports
  609  07:E846            se_set_apu:
  610  07:E846            .square1:
  611  07:E846  AD 06 03      lda soft_apu_ports+0
  612  07:E849  8D 00 40      sta $4000
  613  07:E84C  AD 07 03      lda soft_apu_ports+1
  614  07:E84F  8D 01 40      sta $4001
  615  07:E852  AD 08 03      lda soft_apu_ports+2
  616  07:E855  8D 02 40      sta $4002
  617  07:E858  AD 09 03      lda soft_apu_ports+3
  618  07:E85B  CD 04 03      cmp sound_sq1_old       ;compare to last write
  619  07:E85E  F0 06         beq .square2            ;don't write this frame if they were equal
  620  07:E860  8D 03 40      sta $4003
  621  07:E863  8D 04 03      sta sound_sq1_old       ;save the value we just wrote to $4003
  622  07:E866            .square2:
  623  07:E866  AD 0A 03      lda soft_apu_ports+4
  624  07:E869  8D 04 40      sta $4004
  625  07:E86C  AD 0B 03      lda soft_apu_ports+5
  626  07:E86F  8D 05 40      sta $4005
  627  07:E872  AD 0C 03      lda soft_apu_ports+6
  628  07:E875  8D 06 40      sta $4006
  629  07:E878  AD 0D 03      lda soft_apu_ports+7
  630  07:E87B  CD 05 03      cmp sound_sq2_old
  631  07:E87E  F0 06         beq .triangle
  632  07:E880  8D 07 40      sta $4007
  633  07:E883  8D 05 03      sta sound_sq2_old       ;save the value we just wrote to $4007
  634  07:E886            .triangle:
  635  07:E886  AD 0E 03      lda soft_apu_ports+8
  636  07:E889  8D 08 40      sta $4008
  637  07:E88C  AD 10 03      lda soft_apu_ports+10   ;there is no $4009, so we skip it
  638  07:E88F  8D 0A 40      sta $400A
  639  07:E892  AD 11 03      lda soft_apu_ports+11
  640  07:E895  8D 0B 40      sta $400B
  641  07:E898            .noise:
  642  07:E898  AD 12 03      lda soft_apu_ports+12
  643  07:E89B  8D 0C 40      sta $400C
  644  07:E89E  AD 14 03      lda soft_apu_ports+14   ;there is no $400D, so we skip it
  645  07:E8A1  8D 0E 40      sta $400E
  646  07:E8A4  AD 15 03      lda soft_apu_ports+15
  647  07:E8A7  8D 0F 40      sta $400F
  648  07:E8AA  60            rts
  649                         
  650                        
  651                     
#[3]   Source/External/SoundEngine/Tables/sound_SongTable.asm
  652                             .include "Source/External/SoundEngine/Tables/sound_SongTable.asm"    ;our opcode subroutines, jump table and aliases
    1                     ;this is our pointer table.  Each entry is a pointer to a song header                
    2  07:E8AB            song_headers:
    3                             
    4  07:E8AB  BB E8         .word song0_header
    5  07:E8AD  D8 A0             .word $A0D8 ;;bank song
    6  07:E8AF  CC E8             .word Title_header
    7  07:E8B1  4F EA         .word drawImg_header  
    8  07:E8B3  52 EA             .word endScreen_header
    9  07:E8B5  EC EA             .word menuCursor_header
   10  07:E8B7  F8 EA             .word puzzleCursor_header
   11  07:E8B9  04 EB             .word noiseBlip_header
   12                                     
#[4]   Source/Content/Sound/Music/silence.i
   13                         .include "Source/Content/Sound/Music/silence.i"  ;holds the data for song 0 (header and data streams)
    1                     ;silence song.  disables all streams
    2                     
    3  07:E8BB            song0_header:
    4  07:E8BB  08            .byte 8          ;6 streams
    5                         
    6  07:E8BC  00            .byte MUSIC_SQ1
    7  07:E8BD  00            .byte $00
    8                             
    9  07:E8BE  01                .byte MUSIC_SQ2
   10  07:E8BF  00                .byte $00
   11                             
   12  07:E8C0  02                .byte MUSIC_TRI
   13  07:E8C1  00                .byte $00
   14                             
   15  07:E8C2  03                .byte MUSIC_NOI
   16  07:E8C3  00                .byte $00
   17                             
   18  07:E8C4  04                .byte SFX_1
   19  07:E8C5  00                .byte $00
   20                             
   21  07:E8C6  05                .byte SFX_2
   22  07:E8C7  00                .byte $00
   23                             
   24  07:E8C8  06                .byte MUSIC_DPMC
   25  07:E8C9  00                .byte $00
   26                             
   27  07:E8CA  07                .byte SFX_DPMC
   28  07:E8CB  00                .byte $00
#[3]   Source/External/SoundEngine/Tables/sound_SongTable.asm
#[4]   Source/Content/Sound/Music/Title.asm
   14                             .include "Source/Content/Sound/Music/Title.asm"  ;holds the data for song 1
    1  07:E8CC            Title_header:
    2  07:E8CC  05            .byte $05
    3                     
    4  07:E8CD  00            .byte MUSIC_SQ1
    5  07:E8CE  01            .byte $01
    6  07:E8CF  00            .byte SQUARE_1
    7  07:E8D0  30            .byte $30
    8  07:E8D1  00            .byte $00
    9  07:E8D2  F5 E8         .word Title_square_1
   10  07:E8D4  3A            .byte $3A
   11                     
   12  07:E8D5  01            .byte MUSIC_SQ2
   13  07:E8D6  01            .byte $01
   14  07:E8D7  01            .byte SQUARE_2
   15  07:E8D8  30            .byte $30
   16  07:E8D9  00            .byte $00
   17  07:E8DA  40 E9         .word Title_square_2
   18  07:E8DC  3A            .byte $3A
   19                     
   20  07:E8DD  02            .byte MUSIC_TRI
   21  07:E8DE  01            .byte $01
   22  07:E8DF  02            .byte TRIANGLE
   23  07:E8E0  80            .byte $80
   24  07:E8E1  00            .byte $00
   25  07:E8E2  8B E9         .word Title_triangle
   26  07:E8E4  3A            .byte $3A
   27                     
   28  07:E8E5  03            .byte MUSIC_NOI
   29  07:E8E6  01            .byte $01
   30  07:E8E7  03            .byte NOISE
   31  07:E8E8  30            .byte $30
   32  07:E8E9  00            .byte $00
   33  07:E8EA  21 EA         .word Title_noise
   34  07:E8EC  3A            .byte $3A
   35                     
   36  07:E8ED  06            .byte MUSIC_DPMC
   37  07:E8EE  01            .byte $01
   38  07:E8EF  04            .byte DPMC
   39  07:E8F0  00            .byte $00
   40  07:E8F1  00            .byte $00
   41  07:E8F2  28 EA         .word Title_dpmc
   42  07:E8F4  3A            .byte $3A
   43                     
   44  07:E8F5            Title_square_1:
   45  07:E8F5  83 A2 00      .byte $83, $A2, $00, $A3, $30, $5E, $87, $24, $82, $24, $87, $22, $83, $5E, $83, $5E
       07:E8F8  A3 30 5E  
       07:E8FB  87 24 82  
       07:E8FE  24 87 22  
       07:E901  83 5E 83  
       07:E904  5E        
   46  07:E905  87 21 82      .byte $87, $21, $82, $21, $87, $1F, $82, $5E, $81, $1F, $88, $A2, $02, $1B, $85, $5E
       07:E908  21 87 1F  
       07:E90B  82 5E 81  
       07:E90E  1F 88 A2  
       07:E911  02 1B 85  
       07:E914  5E        
   47  07:E915  84 5E 87      .byte $84, $5E, $87, $5E, $83, $A2, $00, $A3, $30, $5E, $87, $24, $82, $24, $87, $22
       07:E918  5E 83 A2  
       07:E91B  00 A3 30  
       07:E91E  5E 87 24  
       07:E921  82 24 87  
       07:E924  22        
   48  07:E925  83 5E 83      .byte $83, $5E, $83, $5E, $87, $27, $82, $27, $87, $26, $82, $5E, $81, $26, $88, $A2
       07:E928  5E 87 27  
       07:E92B  82 27 87  
       07:E92E  26 82 5E  
       07:E931  81 26 88  
       07:E934  A2        
   49  07:E935  02 29 85      .byte $02, $29, $85, $5E, $84, $5E, $87, $5E
       07:E938  5E 84 5E  
       07:E93B  87 5E     
   50  07:E93D  A1            .byte $A1
   51  07:E93E  F5 E8         .word Title_square_1
   52                     
   53  07:E940            Title_square_2:
   54  07:E940  83 A2 00      .byte $83, $A2, $00, $A3, $30, $5E, $87, $21, $82, $21, $87, $1F, $83, $5E, $83, $5E
       07:E943  A3 30 5E  
       07:E946  87 21 82  
       07:E949  21 87 1F  
       07:E94C  83 5E 83  
       07:E94F  5E        
   55  07:E950  87 1D 82      .byte $87, $1D, $82, $1D, $87, $1B, $82, $5E, $81, $1B, $88, $A2, $02, $15, $85, $5E
       07:E953  1D 87 1B  
       07:E956  82 5E 81  
       07:E959  1B 88 A2  
       07:E95C  02 15 85  
       07:E95F  5E        
   56  07:E960  84 5E 87      .byte $84, $5E, $87, $5E, $83, $A2, $00, $A3, $30, $5E, $87, $21, $82, $21, $87, $1F
       07:E963  5E 83 A2  
       07:E966  00 A3 30  
       07:E969  5E 87 21  
       07:E96C  82 21 87  
       07:E96F  1F        
   57  07:E970  83 5E 83      .byte $83, $5E, $83, $5E, $87, $24, $82, $24, $87, $22, $82, $5E, $81, $22, $88, $A2
       07:E973  5E 87 24  
       07:E976  82 24 87  
       07:E979  22 82 5E  
       07:E97C  81 22 88  
       07:E97F  A2        
   58  07:E980  02 21 85      .byte $02, $21, $85, $5E, $84, $5E, $87, $5E
       07:E983  5E 84 5E  
       07:E986  87 5E     
   59  07:E988  A1            .byte $A1
   60  07:E989  40 E9         .word Title_square_2
   61                     
   62  07:E98B            Title_triangle:
   63  07:E98B  A4 08         .byte  $A4, $08
   64  07:E98D            Title_triangle_sublp_1:
   65  07:E98D  85 A2 0F      .byte $85, $A2, $0F, $A9, $01, $5E, $85, $A2, $09, $5E
       07:E990  A9 01 5E  
       07:E993  85 A2 09  
       07:E996  5E        
   66  07:E997  A5            .byte $A5
   67  07:E998  8D E9         .word Title_triangle_sublp_1
   68  07:E99A  A4 03         .byte  $A4, $03
   69  07:E99C            Title_triangle_sublp_2:
   70  07:E99C  83 A2 0F      .byte $83, $A2, $0F, $A9, $01, $11, $87, $A2, $09, $1D, $81, $A2, $00, $A9, $02, $1D
       07:E99F  A9 01 11  
       07:E9A2  87 A2 09  
       07:E9A5  1D 81 A2  
       07:E9A8  00 A9 02  
       07:E9AB  1D        
   71  07:E9AC  82 A2 09      .byte $82, $A2, $09, $A9, $01, $11, $82, $A2, $0F, $11, $83, $A2, $09, $1D
       07:E9AF  A9 01 11  
       07:E9B2  82 A2 0F  
       07:E9B5  11 83 A2  
       07:E9B8  09 1D     
   72  07:E9BA  A5            .byte $A5
   73  07:E9BB  9C E9         .word Title_triangle_sublp_2
   74  07:E9BD  83 A2 0F      .byte $83, $A2, $0F, $A9, $01, $11, $87, $A2, $09, $1D, $81, $A2, $00, $A9, $02, $1D
       07:E9C0  A9 01 11  
       07:E9C3  87 A2 09  
       07:E9C6  1D 81 A2  
       07:E9C9  00 A9 02  
       07:E9CC  1D        
   75  07:E9CD  82 A2 0F      .byte $82, $A2, $0F, $A9, $01, $0E, $A9, $02, $1A, $A9, $01, $0F, $A9, $02, $1B
       07:E9D0  A9 01 0E  
       07:E9D3  A9 02 1A  
       07:E9D6  A9 01 0F  
       07:E9D9  A9 02 1B  
   76  07:E9DC  A4 03         .byte  $A4, $03
   77  07:E9DE            Title_triangle_sublp_3:
   78  07:E9DE  83 A2 0F      .byte $83, $A2, $0F, $A9, $01, $11, $87, $A2, $09, $1D, $81, $A2, $00, $A9, $02, $1D
       07:E9E1  A9 01 11  
       07:E9E4  87 A2 09  
       07:E9E7  1D 81 A2  
       07:E9EA  00 A9 02  
       07:E9ED  1D        
   79  07:E9EE  82 A2 09      .byte $82, $A2, $09, $A9, $01, $11, $82, $A2, $0F, $11, $83, $A2, $09, $1D
       07:E9F1  A9 01 11  
       07:E9F4  82 A2 0F  
       07:E9F7  11 83 A2  
       07:E9FA  09 1D     
   80  07:E9FC  A5            .byte $A5
   81  07:E9FD  DE E9         .word Title_triangle_sublp_3
   82  07:E9FF  83 A2 0F      .byte $83, $A2, $0F, $A9, $01, $11, $87, $A2, $09, $1D, $81, $A2, $00, $A9, $02, $1D
       07:EA02  A9 01 11  
       07:EA05  87 A2 09  
       07:EA08  1D 81 A2  
       07:EA0B  00 A9 02  
       07:EA0E  1D        
   83  07:EA0F  82 A2 0F      .byte $82, $A2, $0F, $A9, $01, $0E, $A9, $02, $1A, $A9, $01, $0F, $A9, $02, $1B
       07:EA12  A9 01 0E  
       07:EA15  A9 02 1A  
       07:EA18  A9 01 0F  
       07:EA1B  A9 02 1B  
   84  07:EA1E  A1            .byte $A1
   85  07:EA1F  8B E9         .word Title_triangle
   86                     
   87  07:EA21            Title_noise:
   88  07:EA21  83 A2 0A      .byte $83, $A2, $0A, $00
       07:EA24  00        
   89  07:EA25  A1            .byte $A1
   90  07:EA26  21 EA         .word Title_noise
   91                     
   92  07:EA28            Title_dpmc:
   93  07:EA28  A4 04         .byte  $A4, $04
   94  07:EA2A            Title_dpmc_sublp_1:
   95  07:EA2A  85 7E 7E      .byte $85, $7E, $7E
   96  07:EA2D  A5            .byte $A5
   97  07:EA2E  2A EA         .word Title_dpmc_sublp_1
   98  07:EA30  A4 08         .byte  $A4, $08
   99  07:EA32            Title_dpmc_sublp_2:
  100  07:EA32  81 0E 0E      .byte $81, $0E, $0E, $82, $7E, $83, $1E, $0E, $1E, $81, $0E, $0E, $82, $7E, $87, $1E
       07:EA35  82 7E 83  
       07:EA38  1E 0E 1E  
       07:EA3B  81 0E 0E  
       07:EA3E  82 7E 87  
       07:EA41  1E        
  101  07:EA42  81 1E 82      .byte $81, $1E, $82, $0E, $0E, $83, $1E
       07:EA45  0E 0E 83  
       07:EA48  1E        
  102  07:EA49  A5            .byte $A5
  103  07:EA4A  32 EA         .word Title_dpmc_sublp_2
  104  07:EA4C  A1            .byte $A1
  105  07:EA4D  28 EA         .word Title_dpmc
  106                     
#[3]   Source/External/SoundEngine/Tables/sound_SongTable.asm
#[4]   Source/Content/Sound/SFX/puzzleSolvedDrawImage.i
   15                         .include "Source/Content/Sound/SFX/puzzleSolvedDrawImage.i"  ;holds the data for song 1
    1  07:EA4F            drawImg_header:
    2  07:EA4F  01            .byte $01         ;1 streams
    3                         
    4  07:EA50  00            .byte MUSIC_SQ1     ;which stream
    5  07:EA51  00            .byte $00           ;status byte (stream enabled)
#[3]   Source/External/SoundEngine/Tables/sound_SongTable.asm
#[4]   Source/Content/Sound/Music/EndScreen.i
   16                             .include "Source/Content/Sound/Music/EndScreen.i"
    1  07:EA52            endScreen_header:
    2  07:EA52  05            .byte $05           ;5 streams
    3                         
    4  07:EA53  00            .byte MUSIC_SQ1     ;which stream
    5  07:EA54  01            .byte $01           ;status byte (stream enabled)
    6  07:EA55  00            .byte SQUARE_1      ;which channel
    7  07:EA56  70            .byte $70           ;initial duty (01)
    8  07:EA57  02            .byte ve_blip_echo  ;volume envelope
    9  07:EA58  75 EA         .word endScreen_square1 ;pointer to stream
   10  07:EA5A  3A            .byte $3A           ;tempo
   11                         
   12  07:EA5B  01            .byte MUSIC_SQ2     ;which stream
   13  07:EA5C  01            .byte $01           ;status byte (stream enabled)
   14  07:EA5D  01            .byte SQUARE_2      ;which channel
   15  07:EA5E  B0            .byte $B0           ;initial duty (10)
   16  07:EA5F  02            .byte ve_blip_echo  ;volume envelope
   17  07:EA60  96 EA         .word endScreen_square2 ;pointer to stream
   18  07:EA62  3A            .byte $3A           ;tempo
   19                         
   20  07:EA63  02            .byte MUSIC_TRI     ;which stream
   21  07:EA64  01            .byte $01           ;status byte (stream enabled)
   22  07:EA65  02            .byte TRIANGLE      ;which channel
   23  07:EA66  80            .byte $80           ;initial volume (on)
   24  07:EA67  03            .byte ve_tgl_1      ;volume envelope
   25  07:EA68  B7 EA         .word endScreen_tri     ;pointer to stream
   26  07:EA6A  3A            .byte $3A           ;tempo
   27                         
   28  07:EA6B  03            .byte MUSIC_NOI     ;which stream
   29  07:EA6C  01            .byte $01           ;enabled
   30  07:EA6D  03            .byte NOISE     
   31  07:EA6E  30            .byte $30           ;initial duty_vol
   32  07:EA6F  0A            .byte ve_hiHat_decay ;volume envelope
   33  07:EA70  DE EA         .word endScreen_noise   ;pointer to stream
   34  07:EA72  3A            .byte $3A           ;tempo
   35                             
   36  07:EA73  06                .byte MUSIC_DPMC
   37  07:EA74  00                .byte $00
   38                     
   39                         
   40  07:EA75            endScreen_square1:
   41                     
   42  07:EA75  83            .byte quarter
   43  07:EA76  23                .byte Gs4
   44  07:EA77  82                .byte eighth
   45  07:EA78  23 21             .byte Gs4, Fs4
   46  07:EA7A  84 5E             .byte half, rest
   47  07:EA7C  83                .byte quarter
   48  07:EA7D  1F                .byte E4
   49  07:EA7E  82                .byte eighth
   50  07:EA7F  1F 21             .byte E4, Fs4
   51  07:EA81  84 5E             .byte half, rest
   52                             
   53  07:EA83  83                .byte quarter
   54  07:EA84  25                .byte As4
   55  07:EA85  82                .byte eighth
   56  07:EA86  25 23             .byte As4, Gs4
   57  07:EA88  84 5E             .byte half, rest
   58  07:EA8A  82                .byte eighth
   59  07:EA8B  21 23 21          .byte Fs4, Gs4, Fs4, F4
       07:EA8E  20        
   60  07:EA8F  10 17 20          .byte Cs3, Gs3, F4, Gs4
       07:EA92  23        
   61                             
   62                         
   63  07:EA93  A1            .byte loop                              ;infinite loop
   64  07:EA94  75 EA         .word endScreen_square1
   65                     
   66                         
   67  07:EA96            endScreen_square2:
   68                     
   69  07:EA96  82            .byte eighth
   70  07:EA97  20 17 20          .byte F4, Gs3, F4, Ds4
       07:EA9A  1E        
   71  07:EA9B  84 5E             .byte half, rest
   72  07:EA9D  82                .byte eighth
   73  07:EA9E  1C 15 1C          .byte Cs4, Fs3, Cs4, Ds4
       07:EAA1  1E        
   74  07:EAA2  84 5E             .byte half, rest
   75                     
   76  07:EAA4  82                .byte eighth
   77  07:EAA5  28 21 28          .byte Cs5, Fs4, Cs5, B4
       07:EAA8  26        
   78  07:EAA9  84 5E             .byte half, rest
   79  07:EAAB  82                .byte eighth
   80  07:EAAC  24 26 24          .byte A4, B4, A4, Gs4
       07:EAAF  23        
   81  07:EAB0  17 1E 23          .byte Gs3, Ds4, Gs4, C5
       07:EAB3  27        
   82  07:EAB4  A1            .byte loop
   83  07:EAB5  96 EA         .word endScreen_square2
   84                         
   85  07:EAB7            endScreen_tri:
   86                     
   87  07:EAB7  83                .byte quarter
   88  07:EAB8  1C                .byte Cs4
   89  07:EAB9  82                .byte eighth
   90  07:EABA  1C 1A 5E          .byte Cs4, B3, rest
   91  07:EABD  0E 1A 0E          .byte B2, B3, B2
   92  07:EAC0  83                .byte quarter
   93  07:EAC1  18                .byte A3
   94  07:EAC2  82                .byte eighth
   95  07:EAC3  18 1A 5E          .byte A3, B3, rest
   96  07:EAC6  0E 1A 0E          .byte B2, B3, B2
   97                             
   98  07:EAC9  83                .byte quarter
   99  07:EACA  1E                .byte Ds4
  100  07:EACB  82                .byte eighth
  101  07:EACC  1E 1C 5E          .byte Ds4, Cs4, rest
  102  07:EACF  10 1C 10          .byte Cs3, Cs4, Cs3
  103  07:EAD2  83                .byte quarter
  104  07:EAD3  1A                .byte B3
  105  07:EAD4  82                .byte eighth
  106  07:EAD5  1A 1C 5E          .byte B3, Cs4, rest
  107  07:EAD8  10 1C 10          .byte Cs3, Cs4, Cs3
  108                             
  109  07:EADB  A1                .byte loop
  110  07:EADC  B7 EA         .word endScreen_tri
  111                         
  112  07:EADE            endScreen_noise:
  113                     
  114  07:EADE  82 04 04      .byte eighth, $04, $04
  115  07:EAE1  A2 09             .byte volume_envelope, ve_drum_decay 
  116  07:EAE3  82 04         .byte eighth, $04
  117  07:EAE5  A2 0A             .byte volume_envelope, ve_hiHat_decay
  118  07:EAE7  82 04             .byte eighth, $04
  119                     
  120  07:EAE9  A1            .byte loop
  121  07:EAEA  DE EA         .word endScreen_noise
#[3]   Source/External/SoundEngine/Tables/sound_SongTable.asm
#[4]   Source/Content/Sound/SFX/menuCursor.i
   17                             .include "Source/Content/Sound/SFX/menuCursor.i"  ;holds the data for song 1
    1  07:EAEC            menuCursor_header:
    2  07:EAEC  01            .byte $01           ;1 stream
    3                         
    4  07:EAED  04            .byte SFX_1         ;which stream
    5  07:EAEE  01            .byte $01           ;status byte (stream enabled)
    6  07:EAEF  01            .byte SQUARE_2      ;which channel
    7  07:EAF0  70            .byte $70           ;duty (01)
    8  07:EAF1  0A            .byte ve_hiHat_decay  ;volume envelope
    9  07:EAF2  F5 EA         .word menuCursor_square2 ;pointer to stream
   10  07:EAF4  80            .byte $80           ;tempo
   11                         
   12                         
   13  07:EAF5            menuCursor_square2:
   14  07:EAF5  81 33         .byte sixteenth, C6
   15  07:EAF7  A0            .byte endsound
#[3]   Source/External/SoundEngine/Tables/sound_SongTable.asm
#[4]   Source/Content/Sound/SFX/puzzleCursor.i
   18                             .include "Source/Content/Sound/SFX/puzzleCursor.i"  ;holds the data for song 1
    1  07:EAF8            puzzleCursor_header:
    2  07:EAF8  01            .byte $01           ;1 stream
    3                         
    4  07:EAF9  05            .byte SFX_2         ;which stream
    5  07:EAFA  01            .byte $01           ;status byte (stream enabled)
    6  07:EAFB  02            .byte TRIANGLE      ;which channel
    7  07:EAFC  80            .byte $80           ;on
    8  07:EAFD  0A            .byte ve_hiHat_decay  ;volume envelope
    9  07:EAFE  01 EB         .word puzzleCursor_square2 ;pointer to stream
   10  07:EB00  80            .byte $80           ;tempo
   11                         
   12                         
   13  07:EB01            puzzleCursor_square2:
   14  07:EB01  81 33         .byte sixteenth, C6
   15  07:EB03  A0            .byte endsound
#[3]   Source/External/SoundEngine/Tables/sound_SongTable.asm
#[4]   Source/Content/Sound/SFX/noiseBlip.i
   19                             .include "Source/Content/Sound/SFX/noiseBlip.i" 
    1  07:EB04            noiseBlip_header:
    2  07:EB04  01            .byte $01           ;1 stream
    3                         
    4  07:EB05  05                .byte SFX_2     ;which stream
    5  07:EB06  01            .byte $01           ;enabled
    6  07:EB07  03            .byte NOISE     
    7  07:EB08  30            .byte $30           ;initial duty_vol
    8  07:EB09  0C            .byte ve_tinyDecy ;volume envelope
    9  07:EB0A  0D EB         .word noiseBlip_noise   ;pointer to stream
   10  07:EB0C  80            .byte $80           ;tempo
   11                         
   12  07:EB0D            noiseBlip_noise:
   13  07:EB0D  81 04         .byte sixteenth, $04
   14  07:EB0F  A0            .byte endsound
#[3]   Source/External/SoundEngine/Tables/sound_SongTable.asm
#[2]   Source/External/SoundEngine/Source/sound_engine.asm
  653                         
#[3]   Source/External/SoundEngine/Source/sound_opcodes.asm
  654                         .include "Source/External/SoundEngine/Source/sound_opcodes.asm"    ;our opcode subroutines, jump table and aliases
    1                     ;these are aliases to use in the sound data.
    2           00A0      endsound = $A0
    3           00A1      loop = $A1
    4           00A2      volume_envelope = $A2
    5           00A3      duty = $A3
    6           00A4      set_loop1_counter = $A4
    7           00A5      loop1 = $A5
    8           00A6      set_note_offset = $A6
    9           00A7      adjust_note_offset = $A7
   10           00A8      transpose = $A8
   11           00A9      pitch_envelope = $A9
   12           00AA      arpeggio = $AA
   13                     
   14                     ;-----------------------------------------------------------------------
   15                     ;this is our JUMP TABLE!
   16  07:EB10            sound_opcodes:
   17  07:EB10  26 EB         .word se_op_endsound            ;$A0
   18  07:EB12  3F EB         .word se_op_infinite_loop       ;$A1
   19  07:EB14  56 EB         .word se_op_change_ve           ;$A2
   20  07:EB16  61 EB         .word se_op_duty                ;$A3
   21  07:EB18  67 EB         .word se_op_set_loop1_counter   ;$A4
   22  07:EB1A  6D EB         .word se_op_loop1               ;$A5
   23  07:EB1C  7A EB         .word se_op_set_note_offset     ;$A6
   24  07:EB1E  80 EB         .word se_op_adjust_note_offset  ;$A7
   25  07:EB20  8A EB         .word se_op_transpose           ;$A8
   26  07:EB22  AA EB             .word se_op_change_pe                   ;$A9
   27  07:EB24  B8 EB             .word se_op_change_arp
   28                         ;etc, 1 entry per subroutine
   29                     
   30                         
   31                     ;-----------------------------------------------------------------
   32                     ; these are the actual opcode subroutines
   33  07:EB26            se_op_endsound:
   34  07:EB26  BD 22 03      lda stream_status, x    ;end of stream, so disable it and silence
   35  07:EB29  29 FE         and #%11111110
   36  07:EB2B  9D 22 03      sta stream_status, x    ;clear enable flag in status byte
   37                         
   38  07:EB2E  BD 2A 03      lda stream_channel, x
   39  07:EB31  C9 02         cmp #TRIANGLE
   40  07:EB33  F0 04         beq .silence_tri        ;triangle is silenced differently from squares and noise
   41  07:EB35  A9 30         lda #$30                ;squares and noise silenced with #$30
   42  07:EB37  D0 02         bne .silence            ; (this will always branch.  bne is cheaper than a jmp)
   43  07:EB39            .silence_tri:
   44  07:EB39  A9 80         lda #$80                ;triangle silenced with #$80
   45  07:EB3B            .silence:
   46  07:EB3B  9D 52 03      sta stream_vol_duty, x  ;store silence value in the stream's volume variable.
   47                     
   48  07:EB3E  60            rts
   49                         
   50  07:EB3F            se_op_infinite_loop:
   51  07:EB3F  B1 DF         lda [sound_ptr], y      ;read ptr LO from the data stream
   52  07:EB41  9D 32 03      sta stream_ptr_LO, x    ;update our data stream position
   53  07:EB44  C8            iny
   54  07:EB45  B1 DF         lda [sound_ptr], y      ;read ptr HI from the data stream
   55  07:EB47  9D 3A 03      sta stream_ptr_HI, x    ;update our data stream position
   56                         
   57  07:EB4A  8D E0 00      sta sound_ptr+1         ;update the pointer to reflect the new position.
   58  07:EB4D  BD 32 03      lda stream_ptr_LO, x
   59  07:EB50  8D DF 00      sta sound_ptr
   60  07:EB53  A0 FF         ldy #$FF                ;after opcodes return, we do an iny.  Since we reset  
   61                                                 ;the stream buffer position, we will want y to start out at 0 again.
   62  07:EB55  60            rts
   63                         
   64  07:EB56            se_op_change_ve:
   65  07:EB56  B1 DF         lda [sound_ptr], y      ;read the argument
   66  07:EB58  9D 42 03      sta stream_ve, x        ;store it in our volume envelope variable
   67  07:EB5B  A9 00         lda #$00
   68  07:EB5D  9D 4A 03      sta stream_ve_index, x  ;reset volume envelope index to the beginning
   69  07:EB60  60            rts
   70                         
   71  07:EB61            se_op_duty:
   72  07:EB61  B1 DF         lda [sound_ptr], y
   73  07:EB63  9D 52 03      sta stream_vol_duty, x
   74  07:EB66  60            rts
   75                         
   76  07:EB67            se_op_set_loop1_counter:
   77  07:EB67  B1 DF         lda [sound_ptr], y      ;read the argument (# times to loop)
   78  07:EB69  9D 92 03      sta stream_loop1, x     ;store it in the loop counter variable
   79  07:EB6C  60            rts
   80                         
   81  07:EB6D            se_op_loop1:
   82  07:EB6D  DE 92 03      dec stream_loop1, x     ;decrement the counter
   83  07:EB70  BD 92 03      lda stream_loop1, x
   84  07:EB73  F0 03         beq .last_iteration     ;if zero, we are done looping
   85  07:EB75  4C 3F EB      jmp se_op_infinite_loop ;if not zero, jump back
   86  07:EB78            .last_iteration:
   87  07:EB78  C8            iny                     ;skip the first byte of the address argument
   88                                                 ; the second byte will be skipped automatically upon return
   89                                                 ; (see se_fetch_byte after "jsr se_opcode_launcher")
   90  07:EB79  60            rts
   91                         
   92  07:EB7A            se_op_set_note_offset:
   93  07:EB7A  B1 DF         lda [sound_ptr], y          ;read the argument
   94  07:EB7C  9D 9A 03      sta stream_note_offset, x      ;set the note offset.
   95  07:EB7F  60            rts
   96                         
   97  07:EB80            se_op_adjust_note_offset:
   98  07:EB80  B1 DF         lda [sound_ptr], y          ;read the argument (what value to add)
   99  07:EB82  18            clc
  100  07:EB83  7D 9A 03      adc stream_note_offset, x   ;add it to the current offset
  101  07:EB86  9D 9A 03      sta stream_note_offset, x   ;and save.
  102  07:EB89  60            rts
  103                         
  104  07:EB8A            se_op_transpose:
  105  07:EB8A  B1 DF         lda [sound_ptr], y          ;read low byte of the pointer to our lookup table
  106  07:EB8C  8D E1 00      sta sound_ptr2              ;store it in a new pointer variable
  107  07:EB8F  C8            iny
  108  07:EB90  B1 DF         lda [sound_ptr], y          ;read high byte of pointer to table
  109  07:EB92  8D E2 00      sta sound_ptr2+1
  110                         
  111  07:EB95  8C 02 03      sty sound_temp1             ;save y because we are about to destroy it
  112  07:EB98  BD 92 03      lda stream_loop1, x         ;get loop counter, put it in Y
  113  07:EB9B  A8            tay                         ;   this will be our index into the lookup table
  114  07:EB9C  88            dey                         ;subtract 1 because indexes start from 0.
  115                         
  116  07:EB9D  B1 E1         lda [sound_ptr2], y         ;read a value from the table.
  117  07:EB9F  18            clc
  118  07:EBA0  7D 9A 03      adc stream_note_offset, x   ;add it to the note offset
  119  07:EBA3  9D 9A 03      sta stream_note_offset, x
  120                         
  121  07:EBA6  AC 02 03      ldy sound_temp1             ;restore Y
  122  07:EBA9  60            rts
  123                             
  124  07:EBAA            se_op_change_pe:
  125  07:EBAA  B1 DF         lda [sound_ptr], y      ;read the argument
  126  07:EBAC  9D A0 03      sta stream_pe, x        ;store it in our volume envelope variable
  127  07:EBAF  A9 00         lda #$00
  128  07:EBB1  9D A8 03      sta stream_pe_index, x  ;reset volume envelope index to the beginning
  129  07:EBB4  9D B8 03          sta stream_pe_delay, x
  130  07:EBB7  60            rts
  131                             
  132  07:EBB8            se_op_change_arp:
  133  07:EBB8  B1 DF             lda [sound_ptr], y
  134  07:EBBA  9D C0 03          sta stream_arp, x
  135  07:EBBD  A9 00             lda #$00
  136  07:EBBF  9D C8 03          sta stream_arp_index, x
  137  07:EBC2  60                rts
#[2]   Source/External/SoundEngine/Source/sound_engine.asm
#[3]   Source/External/SoundEngine/Tables/note_table.i
  655                         .include "Source/External/SoundEngine/Tables/note_table.i" ;period lookup table for notes
    1                     ;NTSC Period Lookup Table.  Thanks Celius!
    2                     ;http://www.freewebs.com/the_bott/NotesTableNTSC.txt
    3  07:EBC3            note_table:
    4  07:EBC3  F1 07         .word                                                                $07F1, $0780, $0713 ; A1-B1 ($00-$02)
       07:EBC5  80 07     
       07:EBC7  13 07     
    5  07:EBC9  AD 06         .word $06AD, $064D, $05F3, $059D, $054D, $0500, $04B8, $0475, $0435, $03F8, $03BF, $0389 ; C2-B2 ($03-$0E)
       07:EBCB  4D 06     
       07:EBCD  F3 05     
       07:EBCF  9D 05     
       07:EBD1  4D 05     
       07:EBD3  00 05     
       07:EBD5  B8 04     
       07:EBD7  75 04     
       07:EBD9  35 04     
       07:EBDB  F8 03     
       07:EBDD  BF 03     
       07:EBDF  89 03     
    6  07:EBE1  56 03         .word $0356, $0326, $02F9, $02CE, $02A6, $027F, $025C, $023A, $021A, $01FB, $01DF, $01C4 ; C3-B3 ($0F-$1A)
       07:EBE3  26 03     
       07:EBE5  F9 02     
       07:EBE7  CE 02     
       07:EBE9  A6 02     
       07:EBEB  7F 02     
       07:EBED  5C 02     
       07:EBEF  3A 02     
       07:EBF1  1A 02     
       07:EBF3  FB 01     
       07:EBF5  DF 01     
       07:EBF7  C4 01     
    7  07:EBF9  AB 01         .word $01AB, $0193, $017C, $0167, $0151, $013F, $012D, $011C, $010C, $00FD, $00EF, $00E2 ; C4-B4 ($1B-$26)
       07:EBFB  93 01     
       07:EBFD  7C 01     
       07:EBFF  67 01     
       07:EC01  51 01     
       07:EC03  3F 01     
       07:EC05  2D 01     
       07:EC07  1C 01     
       07:EC09  0C 01     
       07:EC0B  FD 00     
       07:EC0D  EF 00     
       07:EC0F  E2 00     
    8  07:EC11  D2 00         .word $00D2, $00C9, $00BD, $00B3, $00A9, $009F, $0096, $008E, $0086, $007E, $0077, $0070 ; C5-B5 ($27-$32)
       07:EC13  C9 00     
       07:EC15  BD 00     
       07:EC17  B3 00     
       07:EC19  A9 00     
       07:EC1B  9F 00     
       07:EC1D  96 00     
       07:EC1F  8E 00     
       07:EC21  86 00     
       07:EC23  7E 00     
       07:EC25  77 00     
       07:EC27  70 00     
    9  07:EC29  6A 00         .word $006A, $0064, $005E, $0059, $0054, $004F, $004B, $0046, $0042, $003F, $003B, $0038 ; C6-B6 ($33-$3E)
       07:EC2B  64 00     
       07:EC2D  5E 00     
       07:EC2F  59 00     
       07:EC31  54 00     
       07:EC33  4F 00     
       07:EC35  4B 00     
       07:EC37  46 00     
       07:EC39  42 00     
       07:EC3B  3F 00     
       07:EC3D  3B 00     
       07:EC3F  38 00     
   10  07:EC41  34 00         .word $0034, $0031, $002F, $002C, $0029, $0027, $0025, $0023, $0021, $001F, $001D, $001B ; C7-B7 ($3F-$4A)
       07:EC43  31 00     
       07:EC45  2F 00     
       07:EC47  2C 00     
       07:EC49  29 00     
       07:EC4B  27 00     
       07:EC4D  25 00     
       07:EC4F  23 00     
       07:EC51  21 00     
       07:EC53  1F 00     
       07:EC55  1D 00     
       07:EC57  1B 00     
   11  07:EC59  1A 00         .word $001A, $0018, $0017, $0015, $0014, $0013, $0012, $0011, $0010, $000F, $000E, $000D ; C8-B8 ($4B-$56)
       07:EC5B  18 00     
       07:EC5D  17 00     
       07:EC5F  15 00     
       07:EC61  14 00     
       07:EC63  13 00     
       07:EC65  12 00     
       07:EC67  11 00     
       07:EC69  10 00     
       07:EC6B  0F 00     
       07:EC6D  0E 00     
       07:EC6F  0D 00     
   12  07:EC71  0C 00         .word $000C, $000C, $000B, $000A, $000A, $0009, $0008                                    ; C9-F#9 ($57-$5D)
       07:EC73  0C 00     
       07:EC75  0B 00     
       07:EC77  0A 00     
       07:EC79  0A 00     
       07:EC7B  09 00     
       07:EC7D  08 00     
   13  07:EC7F  00 00         .word $0000 ;rest
   14                     
#[2]   Source/External/SoundEngine/Source/sound_engine.asm
#[3]   Source/External/SoundEngine/Tables/sound_EffectTables.asm
  656                             .include "Source/External/SoundEngine/Tables/sound_EffectTables.asm"
    1                     
#[4]   Source/External/SoundEngine/Tables/note_length_table.i
    2                         .include "Source/External/SoundEngine/Tables/note_length_table.i"
    1                     ;note length constants (aliases)
    2           0080      thirtysecond = $80
    3           0081      sixteenth = $81
    4           0082      eighth = $82
    5           0083      quarter = $83
    6           0084      half = $84
    7           0085      whole = $85
    8           0086      d_sixteenth = $86
    9           0087      d_eighth = $87
   10           0088      d_quarter = $88
   11           0089      d_half = $89
   12           008A      d_whole = $8A   ;don't forget we are counting in hex
   13           008B      t_quarter = $8B
   14           008C      five_eighths =$8C
   15           008D      five_sixteenths=$8D
   16           008E      d_half_d_eight = $8E
   17           008F      whole_quarter_sixteenth = $8F
   18           0090      d_half_eighth = $90
   19           0091      whole_sixteenth = $91
   20           0087      quarterSwing = $87
   21           0088      halfSwing = $88
   22           0089      wholeSwing = $89
   23           0086      eighthSwing = $86
   24           0081      swingDown = $81
   25           0080      swingUp = $80
   26           0092      five_thirtyseconds = $92
   27                     
   28           0093      d_halfSwing_p1 = $93
   29           0094      halfSwing_p1 = $94
   30           0095      halfSwing_p3 = $95
   31           0096      halfSwing_m1 = $96
   32           0097      wholeSwing_p1 = $97
   33           0098      quarterSwing_p1 = $98
   34           0099      d_quarterSwing = $99
   35           009A      d_halfSwing = $9A
   36           009B      wholeSwing_m1 = $9B
   37                     
   38                     
   39  07:EC81            note_length_table:
   40  07:EC81  01            .byte $01   ;32nd note
   41  07:EC82  02            .byte $02   ;16th note
   42  07:EC83  04            .byte $04   ;8th note
   43  07:EC84  08            .byte $08   ;quarter note
   44  07:EC85  10            .byte $10   ;half note
   45  07:EC86  20            .byte $20   ;whole note
   46                                   ;---dotted notes
   47  07:EC87  03            .byte $03   ;dotted 16th note
   48  07:EC88  06            .byte $06   ;dotted 8th note
   49  07:EC89  0C            .byte $0C   ;dotted quarter note
   50  07:EC8A  18            .byte $18   ;dotted half note
   51  07:EC8B  30            .byte $30   ;dotted whole note?
   52                                   ;---other
   53  07:EC8C  07            .byte $07   ;modified quarter to fit after d_sixteenth triplets
   54  07:EC8D  14            .byte $14   ;2 quarters plus an 8th
   55  07:EC8E  0A            .byte $0A   
   56  07:EC8F  1E                .byte $1E       ;dotted half + dotted eighth
   57  07:EC90  2A                .byte $2A
   58  07:EC91  1C                .byte $1C
   59  07:EC92  22                .byte $22
   60  07:EC93  05                .byte $05
   61  07:EC94  13                .byte $13       ;dotted half swing with pick up swing
   62  07:EC95  0D                .byte $0D       ;half swing with pick up swig
   63  07:EC96  0F                .byte $0F       ;half swing with extra d_sixteenth
   64  07:EC97  0B                .byte $0B       ;half swing minus one sixteenth
   65  07:EC98  19                .byte $19       ;whole swing with pick up swing
   66  07:EC99  07                .byte $07       ;quarter swing with pick up sixteenth
   67  07:EC9A  09                .byte $09       ;dotted quarter swing
   68  07:EC9B  12                .byte $12       ;dotted half swing
   69  07:EC9C  17                .byte $17       ;whole swing minus one ts
#[3]   Source/External/SoundEngine/Tables/sound_EffectTables.asm
#[4]   Source/External/SoundEngine/Tables/FX/kVol.asm
    3                         .include "Source/External/SoundEngine/Tables/FX/kVol.asm"
    1  07:EC9D            kVol:
    2  07:EC9D  BD EC         .word se_ve_short_staccato
    3  07:EC9F  C5 EC         .word se_ve_fade_in
    4  07:ECA1  DC EC         .word se_ve_blip_echo
    5  07:ECA3  FF EC         .word se_ve_tgl_1
    6  07:ECA5  07 ED         .word se_ve_tgl_2
    7  07:ECA7  12 ED         .word se_ve_battlekid_1
    8  07:ECA9  18 ED         .word se_ve_battlekid_1b
    9  07:ECAB  1E ED         .word se_ve_battlekid_2
   10  07:ECAD  24 ED         .word se_ve_battlekid_2b
   11  07:ECAF  2A ED         .word se_ve_drum_decay
   12  07:ECB1  34 ED         .word se_ve_hiHat_decay
   13  07:ECB3  39 ED         .word se_ve_long_decay
   14  07:ECB5  6C ED         .word se_ve_tinyDecy
   15  07:ECB7  6F ED         .word se_ve_noDecay
   16  07:ECB9  71 ED         .word se_ve_long_tremelo
   17  07:ECBB  A1 ED         .word se_ve_veryLong_decay
   18                     
   19  07:ECBD            se_ve_short_staccato:
   20  07:ECBD  0F 0E 0D      .byte $0F, $0E, $0D, $0C, $09, $05, $00, $FF
       07:ECC0  0C 09 05  
       07:ECC3  00 FF     
   21                     
   22  07:ECC5            se_ve_fade_in:
   23  07:ECC5  01 01 02      .byte $01, $01, $02, $02, $03, $03, $04, $04, $07, $07, $08, $08, $0A, $0A, $0C, $0C
       07:ECC8  02 03 03  
       07:ECCB  04 04 07  
       07:ECCE  07 08 08  
       07:ECD1  0A 0A 0C  
       07:ECD4  0C        
   24  07:ECD5  0D 0D 0E      .byte $0D, $0D, $0E, $0E, $0F, $0F, $FF
       07:ECD8  0E 0F 0F  
       07:ECDB  FF        
   25                     
   26  07:ECDC            se_ve_blip_echo:
   27  07:ECDC  0D 0D 0D      .byte $0D, $0D, $0D, $0C, $0B, $00, $00, $00, $00, $00, $00, $00, $00, $00, $06, $06
       07:ECDF  0C 0B 00  
       07:ECE2  00 00 00  
       07:ECE5  00 00 00  
       07:ECE8  00 00 06  
       07:ECEB  06        
   28  07:ECEC  06 05 04      .byte $06, $05, $04, $00, $00, $00, $00, $00, $00, $00, $00, $00, $03, $03, $03, $02
       07:ECEF  00 00 00  
       07:ECF2  00 00 00  
       07:ECF5  00 00 00  
       07:ECF8  03 03 03  
       07:ECFB  02        
   29  07:ECFC  01 00 FF      .byte $01, $00, $FF
   30                     
   31  07:ECFF            se_ve_tgl_1:
   32  07:ECFF  0F 0B 09      .byte $0F, $0B, $09, $08, $07, $06, $00, $FF
       07:ED02  08 07 06  
       07:ED05  00 FF     
   33                     
   34  07:ED07            se_ve_tgl_2:
   35  07:ED07  0B 0B 0A      .byte $0B, $0B, $0A, $09, $08, $07, $06, $06, $06, $05, $FF
       07:ED0A  09 08 07  
       07:ED0D  06 06 06  
       07:ED10  05 FF     
   36                     
   37  07:ED12            se_ve_battlekid_1:
   38  07:ED12  0F 0E 0C      .byte $0F, $0E, $0C, $0A, $00, $FF
       07:ED15  0A 00 FF  
   39                     
   40  07:ED18            se_ve_battlekid_1b:
   41  07:ED18  0F 0E 0C      .byte $0F, $0E, $0C, $0A, $09, $FF
       07:ED1B  0A 09 FF  
   42                     
   43  07:ED1E            se_ve_battlekid_2:
   44  07:ED1E  09 08 06      .byte $09, $08, $06, $04, $00, $FF
       07:ED21  04 00 FF  
   45                     
   46  07:ED24            se_ve_battlekid_2b:
   47  07:ED24  09 08 06      .byte $09, $08, $06, $04, $03, $FF
       07:ED27  04 03 FF  
   48                     
   49  07:ED2A            se_ve_drum_decay:
   50  07:ED2A  0E 09 08      .byte $0E, $09, $08, $06, $04, $03, $02, $01, $00, $FF
       07:ED2D  06 04 03  
       07:ED30  02 01 00  
       07:ED33  FF        
   51                     
   52  07:ED34            se_ve_hiHat_decay:
   53  07:ED34  0E 06 02      .byte $0E, $06, $02, $00, $FF
       07:ED37  00 FF     
   54                     
   55  07:ED39            se_ve_long_decay:
   56  07:ED39  0E 0F 0F      .byte $0E, $0F, $0F, $0F, $0E, $0E, $0E, $0D, $0D, $0D, $0C, $0C, $0C, $0B, $0B, $0B
       07:ED3C  0F 0E 0E  
       07:ED3F  0E 0D 0D  
       07:ED42  0D 0C 0C  
       07:ED45  0C 0B 0B  
       07:ED48  0B        
   57  07:ED49  0A 0A 0A      .byte $0A, $0A, $0A, $0A, $0A, $0A, $09, $09, $09, $08, $08, $08, $07, $07, $07, $06
       07:ED4C  0A 0A 0A  
       07:ED4F  09 09 09  
       07:ED52  08 08 08  
       07:ED55  07 07 07  
       07:ED58  06        
   58  07:ED59  06 06 05      .byte $06, $06, $05, $05, $05, $04, $04, $04, $03, $03, $03, $02, $02, $02, $01, $01
       07:ED5C  05 05 04  
       07:ED5F  04 04 03  
       07:ED62  03 03 02  
       07:ED65  02 02 01  
       07:ED68  01        
   59  07:ED69  01 00 FF      .byte $01, $00, $FF
   60                     
   61  07:ED6C            se_ve_tinyDecy:
   62  07:ED6C  0F 00 FF      .byte $0F, $00, $FF
   63                     
   64  07:ED6F            se_ve_noDecay:
   65  07:ED6F  0F FF         .byte $0F, $FF
   66                     
   67  07:ED71            se_ve_long_tremelo:
   68  07:ED71  0E 0F 0F      .byte $0E, $0F, $0F, $0F, $09, $09, $09, $0E, $0E, $0E, $08, $08, $08, $0D, $0D, $0D
       07:ED74  0F 09 09  
       07:ED77  09 0E 0E  
       07:ED7A  0E 08 08  
       07:ED7D  08 0D 0D  
       07:ED80  0D        
   69  07:ED81  07 07 07      .byte $07, $07, $07, $0C, $0C, $0C, $06, $06, $06, $0B, $0B, $0B, $05, $05, $05, $0A
       07:ED84  0C 0C 0C  
       07:ED87  06 06 06  
       07:ED8A  0B 0B 0B  
       07:ED8D  05 05 05  
       07:ED90  0A        
   70  07:ED91  0A 0A 04      .byte $0A, $0A, $04, $04, $04, $09, $09, $09, $03, $03, $03, $08, $08, $08, $00, $FF
       07:ED94  04 04 09  
       07:ED97  09 09 03  
       07:ED9A  03 03 08  
       07:ED9D  08 08 00  
       07:EDA0  FF        
   71                     
   72                     
   73  07:EDA1            se_ve_veryLong_decay:
   74  07:EDA1  08 09 0A      .byte $08, $09, $0A, $0B, $0C, $0D, $0E, $0F, $0F, $0F, $0F, $0F, $0F, $0E, $0E, $0E
       07:EDA4  0B 0C 0D  
       07:EDA7  0E 0F 0F  
       07:EDAA  0F 0F 0F  
       07:EDAD  0F 0E 0E  
       07:EDB0  0E        
   75  07:EDB1  0E 0E 0E      .byte $0E, $0E, $0E, $0D, $0D, $0D, $0D, $0D, $0D, $0C, $0C, $0C, $0C, $0C, $0C, $0B
       07:EDB4  0D 0D 0D  
       07:EDB7  0D 0D 0D  
       07:EDBA  0C 0C 0C  
       07:EDBD  0C 0C 0C  
       07:EDC0  0B        
   76  07:EDC1  0B 0B 0B      .byte $0B, $0B, $0B, $0B, $0B, $0A, $0A, $0A, $0A, $0A, $0A, $09, $09, $09, $09, $09
       07:EDC4  0B 0B 0A  
       07:EDC7  0A 0A 0A  
       07:EDCA  0A 0A 09  
       07:EDCD  09 09 09  
       07:EDD0  09        
   77  07:EDD1  09 08 08      .byte $09, $08, $08, $08, $08, $08, $08, $07, $07, $07, $07, $07, $07, $06, $06, $06
       07:EDD4  08 08 08  
       07:EDD7  08 07 07  
       07:EDDA  07 07 07  
       07:EDDD  07 06 06  
       07:EDE0  06        
   78  07:EDE1  06 06 06      .byte $06, $06, $06, $05, $05, $05, $05, $05, $05, $04, $04, $04, $04, $04, $04, $03
       07:EDE4  05 05 05  
       07:EDE7  05 05 05  
       07:EDEA  04 04 04  
       07:EDED  04 04 04  
       07:EDF0  03        
   79  07:EDF1  03 03 03      .byte $03, $03, $03, $03, $03, $02, $02, $02, $02, $02, $02, $01, $01, $01, $01, $01
       07:EDF4  03 03 02  
       07:EDF7  02 02 02  
       07:EDFA  02 02 01  
       07:EDFD  01 01 01  
       07:EE00  01        
   80  07:EE01  01 00 FF      .byte $01, $00, $FF
   81                     
   82                     
   83                     
#[3]   Source/External/SoundEngine/Tables/sound_EffectTables.asm
#[4]   Source/External/SoundEngine/Tables/FX/kMod.asm
    4                             .include "Source/External/SoundEngine/Tables/FX/kMod.asm"
    1  07:EE04            kMod:
    2  07:EE04  0C EE         .word se_me_none
    3  07:EE06  0E EE         .word se_me_mod
    4  07:EE08  2B EE         .word se_me_sweep
    5  07:EE0A  41 EE         .word se_me_bassKick
    6                     
    7  07:EE0C            se_me_none:
    8  07:EE0C  00 81         .byte $00, $81
    9                     
   10  07:EE0E            se_me_mod:
   11  07:EE0E  00 00 00      .byte $00, $00, $00, $00, $00, $00, $00, $00, $00, $00, $00, $00, $00, $FE, $FE, $FC
       07:EE11  00 00 00  
       07:EE14  00 00 00  
       07:EE17  00 00 00  
       07:EE1A  00 FE FE  
       07:EE1D  FC        
   12  07:EE1E  FC FE FE      .byte $FC, $FE, $FE, $00, $00, $02, $02, $04, $04, $02, $02, $82, $10
       07:EE21  00 00 02  
       07:EE24  02 04 04  
       07:EE27  02 02 82  
       07:EE2A  10        
   13                     
   14  07:EE2B            se_me_sweep:
   15  07:EE2B  10 0C 08      .byte $10, $0C, $08, $04, $00, $00, $FE, $FE, $FC, $FC, $FE, $FE, $00, $00, $02, $02
       07:EE2E  04 00 00  
       07:EE31  FE FE FC  
       07:EE34  FC FE FE  
       07:EE37  00 00 02  
       07:EE3A  02        
   16  07:EE3B  04 04 02      .byte $04, $04, $02, $02, $82, $10
       07:EE3E  02 82 10  
   17                     
   18  07:EE41            se_me_bassKick:
   19  07:EE41  90 A0 B0      .byte $90, $A0, $B0, $C0, $D0, $E0, $F0, $00, $10, $20, $30, $40, $50, $60, $70, $80
       07:EE44  C0 D0 E0  
       07:EE47  F0 00 10  
       07:EE4A  20 30 40  
       07:EE4D  50 60 70  
       07:EE50  80        
   20                     
   21                     
   22                     
   23                     
#[3]   Source/External/SoundEngine/Tables/sound_EffectTables.asm
#[4]   Source/External/SoundEngine/Tables/FX/kArp.asm
    5                             .include "Source/External/SoundEngine/Tables/FX/kArp.asm"
    1  07:EE51            kArp:
    2  07:EE51  6B EE         .word se_arp_none
    3  07:EE53  6D EE         .word se_arp_lowerThird
    4  07:EE55  72 EE         .word se_arp_dimTriad
    5  07:EE57  76 EE         .word se_arp_minInvn1
    6  07:EE59  7A EE         .word se_arp_sharp5
    7  07:EE5B  7E EE         .word se_arp_maj7
    8  07:EE5D  83 EE         .word se_arp_min7
    9  07:EE5F  88 EE         .word se_arp_minFlat6
   10  07:EE61  8D EE         .word se_arp_spread5thlowerThird
   11  07:EE63  92 EE         .word se_arp_min7Invn1
   12  07:EE65  97 EE         .word se_arp_dom7Invn2
   13  07:EE67  9C EE         .word se_arp_dim7
   14  07:EE69  A1 EE         .word se_arp_majPlusOct
   15                     
   16  07:EE6B            se_arp_none:
   17  07:EE6B  00 81         .byte $00, $81
   18                     
   19  07:EE6D            se_arp_lowerThird:
   20  07:EE6D  00 00 F8      .byte $00, $00, $F8, $F8, $81
       07:EE70  F8 81     
   21                     
   22  07:EE72            se_arp_dimTriad:
   23  07:EE72  00 03 06      .byte $00, $03, $06, $81
       07:EE75  81        
   24                     
   25  07:EE76            se_arp_minInvn1:
   26  07:EE76  FB 00 03      .byte $FB, $00, $03, $81
       07:EE79  81        
   27                     
   28  07:EE7A            se_arp_sharp5:
   29  07:EE7A  00 04 08      .byte $00, $04, $08, $81
       07:EE7D  81        
   30                     
   31  07:EE7E            se_arp_maj7:
   32  07:EE7E  00 04 07      .byte $00, $04, $07, $0B, $81
       07:EE81  0B 81     
   33                     
   34  07:EE83            se_arp_min7:
   35  07:EE83  00 03 07      .byte $00, $03, $07, $0A, $81
       07:EE86  0A 81     
   36                     
   37  07:EE88            se_arp_minFlat6:
   38  07:EE88  00 03 07      .byte $00, $03, $07, $08, $81
       07:EE8B  08 81     
   39                     
   40  07:EE8D            se_arp_spread5thlowerThird:
   41  07:EE8D  F8 00 07      .byte $F8, $00, $07, $0C, $81
       07:EE90  0C 81     
   42                     
   43  07:EE92            se_arp_min7Invn1:
   44  07:EE92  FE 00 03      .byte $FE, $00, $03, $07, $81
       07:EE95  07 81     
   45                     
   46  07:EE97            se_arp_dom7Invn2:
   47  07:EE97  FB FE 00      .byte $FB, $FE, $00, $04, $81
       07:EE9A  04 81     
   48                     
   49  07:EE9C            se_arp_dim7:
   50  07:EE9C  00 03 06      .byte $00, $03, $06, $09, $81
       07:EE9F  09 81     
   51                     
   52  07:EEA1            se_arp_majPlusOct:
   53  07:EEA1  00 04 07      .byte $00, $04, $07, $0C, $81
       07:EEA4  0C 81     
   54                     
   55                     
   56                     
#[3]   Source/External/SoundEngine/Tables/sound_EffectTables.asm
#[2]   Source/External/SoundEngine/Source/sound_engine.asm
  657                     
#[1]   Source/PictoPuzzler.asm
  235                     
  236           FFFA        .org $FFFA     ;first of the three vectors starts here
  237  07:FFFA  B8 DC       .dw NMI        ;when an NMI happens (once per frame if enabled) the 
  238                                        ;processor will jump to the label NMI:
  239  07:FFFC  00 C0       .dw RESET      ;when the processor first turns on or is reset, it will jump
  240                                        ;to the label RESET:
  241  07:FFFE  00 00       .dw 0          ;external interrupt IRQ is not used in this tutorial
  242                       
  243                     ;;**************************;;
  244                     ;;;;;;;;;;;;;;;;;;;;;;;;;;;;;;
  245                     ;;      CHR ROM DATA        ;;
  246                     ;;;;;;;;;;;;;;;;;;;;;;;;;;;;;;
  247                     ;;**************************;; 
  248                       
  249           0008        .bank 8
  250           0000        .org $0000
  251  08:0000              .incbin "Source/Content/Graphics/CHRROM/FirstSixteenSprites.chr"
  252  08:0100              .incbin "Source/Content/Graphics/CHRROM/B0Sprites.chr"  
  253  08:1000              .incbin "Source/Content/Graphics/CHRROM/BGTiles.chr"
  254                       
  255           0009        .bank 9
  256           0000        .org $0000
  257  09:0000              .incbin "Source/Content/Graphics/CHRROM/FirstSixteenSprites.chr"
  258  09:0100              .incbin "Source/Content/Graphics/CHRROM/B1Sprites.chr"  
  259  09:1000              .incbin "Source/Content/Graphics/CHRROM/BGTiles.chr"
  260                       
  261           000A        .bank 10
  262           0000        .org $0000
  263  0A:0000              .incbin "Source/Content/Graphics/CHRROM/FirstSixteenSprites.chr"
  264  0A:0100              .incbin "Source/Content/Graphics/CHRROM/B2Sprites.chr"  
  265  0A:1000              .incbin "Source/Content/Graphics/CHRROM/BGTiles.chr"
  266                       
  267           000B        .bank 11
  268           0000        .org $0000
  269  0B:0000              .incbin "Source/Content/Graphics/CHRROM/FirstSixteenSprites.chr"
  270  0B:0100              .incbin "Source/Content/Graphics/CHRROM/B0Sprites.chr"  
  271  0B:1000              .incbin "Source/Content/Graphics/CHRROM/BGTiles.chr"
