#[1]   Source/SoundEnginePreComp.asm
#[2]   Source/Defines/Defines.asm
    2                             .include "Source/Defines/Defines.asm"
    1                     ;; define 0 page stuff here, and SRAM stuff if we have it
    2                     
    3           0000        .rsset $0000
#[3]   Source/Defines/GeneralVars.asm
    4                       .include "Source/Defines/GeneralVars.asm"
    1           0000      temp1                   .rs 1
    2           0001      temp2                   .rs 1
    3           0002      temp3                   .rs 1
    4           0003      temp4                   .rs 1
    5           0004      temp5                   .rs 1
    6           0005      temp6                   .rs 1
    7           0006      temp7                   .rs 1
    8           0007      temp8                   .rs 1
    9           0008      tempx                   .rs 1
   10           0009      tempy                   .rs 1
   11           000A      time                    .rs 1
   12           000B      scaledTime              .rs 1
   13           000C      sleeping                .rs 1
   14           000D      mode_loadFlags  .rs 1
   15                     ;;0rcb xxxx
   16                     ;;r = read from save copy 
   17                     ;;c = write to save copy
   18           000E      game_mode               .rs 1
   19           000F      mode_state              .rs 1
   20           0010      NMI_locks               .rs 1
   21           0011      game_locks              .rs 1
   22           0012      pointer_address .rs 2
   23           0014      pointerB_address .rs 2
   24           0016      table_address   .rs 2
   25           0018      jump_address    .rs 2
   26                     
   27                     ;game modes
   28           0000      TITLE_IDX = $00
   29           0001      GAME_IDX = $01
   30           0002      GAMEOVER_IDX = $02
   31                     
   32                     ;locks for input and rendering
   33           0001      BGLOAD_NMI_LOCK = %00000001
   34           0001      EFFECT_GAME_LOCK = %00000001
   35                     
   36                     
   37                     
#[2]   Source/Defines/Defines.asm
#[3]   Source/Defines/ControllerVars.asm
    5                       .include "Source/Defines/ControllerVars.asm"
    1           0010      GAMEPAD_UP = $10
    2           0020      GAMEPAD_DOWN = $20
    3           0040      GAMEPAD_LEFT = $40
    4           0080      GAMEPAD_RIGHT = $80
    5           0001      GAMEPAD_A = $01
    6           0002      GAMEPAD_B = $02
    7           0004      GAMEPAD_SELECT = $04
    8           0008      GAMEPAD_START = $08
    9                     
   10           00C0      GAMEPAD_HORI = $C0
   11           0030      GAMEPAD_VERT = $30
   12           00F0      GAMEPAD_MOVE = $F0
   13                     
   14           0003      GAMEPAD_AB = $03
   15                     
   16           0009      GAMEPAD_CONFIRM = $09
   17                     
   18           001A      gamepad                 .rs 1
   19           001B      gamepadLast     .rs 1
   20           001C      gamepadPressed  .rs 1
#[2]   Source/Defines/Defines.asm
#[3]   Source/Defines/PPUVariables.asm
    6                       .include "Source/Defines/PPUVariables.asm"
    1           001D      PPU_Control                     .rs 1
    2           001E      PPU_Mask                        .rs 1
    3           001F      PPU_ScrollX                     .rs 1
    4           0020      PPU_ScrollY                     .rs 1
    5           0021      PPU_ScrollNT            .rs 1   ;first two bits
    6           0022      PPU_NT                          .rs 1
    7                     
    8           0023      PPU_PendingWrite        .rs 1
    9           0024      PPU_StringIdx           .rs 1
   10           0025      PPU_String                      .rs 128
   11                     
   12           004F      PPU_STRINGMAX = $4F ;up to size of a full nametable, I think
   13                     
   14           0000      SPRITE_YPOS = $00
   15           0001      SPRITE_ID   = $01
   16           0003      SPRITE_XPOS = $03
   17           0200      SPRITE_DATA = $0200
   18                     
   19           2000      PPU_CTRL = $2000
   20           2001      PPU_MASK = $2001
   21           2002      PPU_STATUS = $2002
   22           2003      OAM_LO = $2003
   23           2004      OAM_DATA = $2004
   24           2005      PPU_SCROLL = $2005
   25           2006      PPU_ADDR = $2006
   26           2007      PPU_DATA = $2007
   27           4014      OAM_HI = $4014
   28                     
   29           0080      DRAW_VERTICAL = $80
   30           0000      DRAW_HORIZONTAL = $00
   31                     
   32           0040      SPRITE_0_MASK = %01000000
#[2]   Source/Defines/Defines.asm
#[3]   Source/Defines/MapperVars.asm
    7                       .include "Source/Defines/MapperVars.asm"
    1           00A5      mapper_address  .rs 2
    2           00A7      currentCHRBankA .rs 1
    3           00A8      currentCHRBankB .rs 1
    4           00A9      currentPRGBank  .rs 1
    5           00AA      mapperDebugVar  .rs 1
    6                     
    7                     
#[2]   Source/Defines/Defines.asm
#[3]   Source/Defines/TitleVariables.asm
    8                       .include "Source/Defines/TitleVariables.asm"
    1                     
#[2]   Source/Defines/Defines.asm
#[3]   Source/Defines/GameVariables.asm
    9                       .include "Source/Defines/GameVariables.asm"
    1           A000      PUZZLE_TABLE = $A000
    2           A036      NAMES_TABLE = $A036
    3           A06C      SPRITES_TABLE = $A06C
    4                     
    5           00AB      tempBank                        .rs 1
    6           00AC      tempPuzz                        .rs 1
    7           00AD      puzzle_address          .rs 2
    8           00AF      clues_address           .rs 2
    9           00B1      title_address           .rs 2
   10           00B3      pause_address           .rs 2
   11           00B5      copy_address        .rs 2
   12           00B7      pause_draw_address  .rs 2
   13           00B9      title_draw_address      .rs 2
   14           00BB      clue_start_address      .rs 2
   15           00BD      clue_draw_address       .rs 2
   16           00BF      clueTableIndex          .rs 1
   17           00C0      clueLineIndex           .rs 1
   18           00C1      clueOffsetShift         .rs 1
   19           00C2      clueDrawAdd                     .rs 1
   20           00C3      clueDrawOffset          .rs 2
   21           00C5      clueDrawDecSize         .rs 1
   22           00C6      clueParity                      .rs 1
   23           00C7      mouse_location          .rs 2
   24           00C9      mouse_index                     .rs 2
   25           00CB      currentPaintTile        .rs 1
   26           00CC      pauseState                      .rs 1
   27           00CD      pauseInputLock          .rs 1
   28           00CE      holdTimer                       .rs 1
   29           00CF      targetGameMode          .rs 1
   30           00D0      targetScreenLoad        .rs 1
   31           00D1      recordSet                       .rs 1
#[2]   Source/Defines/Defines.asm
#[3]   Source/External/SoundEngine/Variables/SoundVariables_ZP.asm
   10                       .include "Source/External/SoundEngine/Variables/SoundVariables_ZP.asm"
    1           00D2      sound_ptr .rs 2
    2           00D4      sound_ptr2 .rs 2
    3           00D6      current_song .rs 1
#[2]   Source/Defines/Defines.asm
   11                     
   12                     ;; 0100 is the stack
   13                     ;; 0200 is sprite ram
   14           0300        .rsset $0300
   15                       ;; these need to be separate files while the sound engine is pre-compiled
#[3]   Source/External/SoundEngine/Tables/FX/kVol_idx.asm
   16                       .include "Source/External/SoundEngine/Tables/FX/kVol_idx.asm"
    1           0000      ve_short_staccato = $00
    2           0001      ve_fade_in = $01
    3           0002      ve_blip_echo = $02
    4           0003      ve_tgl_1 = $03
    5           0004      ve_tgl_2 = $04
    6           0005      ve_battlekid_1 = $05
    7           0006      ve_battlekid_1b = $06
    8           0007      ve_battlekid_2 = $07
    9           0008      ve_battlekid_2b = $08
   10           0009      ve_drum_decay = $09
   11           000A      ve_hiHat_decay = $0A
   12           000B      ve_long_decay = $0B
   13           000C      ve_tinyDecy = $0C
   14           000D      ve_noDecay = $0D
   15           000E      ve_long_tremelo = $0E
   16           000F      ve_veryLong_decay = $0F
   17                     
#[2]   Source/Defines/Defines.asm
#[3]   Source/External/SoundEngine/Tables/FX/kMod_idx.asm
   17                       .include "Source/External/SoundEngine/Tables/FX/kMod_idx.asm"
    1           0000      me_none = $00
    2           0001      me_mod = $01
    3           0002      me_sweep = $02
    4           0003      me_bassKick = $03
    5                     
#[2]   Source/Defines/Defines.asm
#[3]   Source/External/SoundEngine/Tables/FX/kArp_idx.asm
   18                       .include "Source/External/SoundEngine/Tables/FX/kArp_idx.asm"
    1           0000      arp_none = $00
    2           0001      arp_lowerThird = $01
    3           0002      arp_dimTriad = $02
    4           0003      arp_minInvn1 = $03
    5           0004      arp_sharp5 = $04
    6           0005      arp_maj7 = $05
    7           0006      arp_min7 = $06
    8           0007      arp_minFlat6 = $07
    9           0008      arp_spread5thlowerThird = $08
   10           0009      arp_min7Invn1 = $09
   11           000A      arp_dom7Invn2 = $0A
   12           000B      arp_dim7 = $0B
   13           000C      arp_majPlusOct = $0C
   14                     
#[2]   Source/Defines/Defines.asm
#[3]   Source/External/SoundEngine/Tables/note_idx.i
   19                       .include "Source/External/SoundEngine/Tables/note_idx.i"
    1                     ;Note: octaves in music traditionally start at C, not A    
    2           0000      A1 = $00    ;the "1" means Octave 1
    3           0001      As1 = $01   ;the "s" means "sharp"
    4           0001      Bb1 = $01   ;the "b" means "flat"  A# == Bb, so same value
    5           0002      B1 = $02
    6                     
    7           0003      C2 = $03
    8           0004      Cs2 = $04
    9           0004      Db2 = $04
   10           0005      D2 = $05
   11           0006      Ds2 = $06
   12           0006      Eb2 = $06
   13           0007      E2 = $07
   14           0008      F2 = $08
   15           0009      Fs2 = $09
   16           0009      Gb2 = $09
   17           000A      G2 = $0A
   18           000B      Gs2 = $0B
   19           000B      Ab2 = $0B
   20           000C      A2 = $0C
   21           000D      As2 = $0D
   22           000D      Bb2 = $0D
   23           000E      B2 = $0E
   24                     
   25           000F      C3 = $0F
   26           0010      Cs3 = $10
   27           0010      Db3 = $10
   28           0011      D3 = $11
   29           0012      Ds3 = $12
   30           0012      Eb3 = $12
   31           0013      E3 = $13
   32           0014      F3 = $14
   33           0015      Fs3 = $15
   34           0015      Gb3 = $15
   35           0016      G3 = $16
   36           0017      Gs3 = $17
   37           0017      Ab3 = $17
   38           0018      A3 = $18
   39           0019      As3 = $19
   40           0019      Bb3 = $19
   41           001A      B3 = $1a
   42                     
   43           001B      C4 = $1b
   44           001C      Cs4 = $1c
   45           001C      Db4 = $1c
   46           001D      D4 = $1d
   47           001E      Ds4 = $1e
   48           001E      Eb4 = $1e
   49           001F      E4 = $1f
   50           0020      F4 = $20
   51           0021      Fs4 = $21
   52           0021      Gb4 = $21
   53           0022      G4 = $22
   54           0023      Gs4 = $23
   55           0023      Ab4 = $23
   56           0024      A4 = $24
   57           0025      As4 = $25
   58           0025      Bb4 = $25
   59           0026      B4 = $26
   60                     
   61           0027      C5 = $27
   62           0028      Cs5 = $28
   63           0028      Db5 = $28
   64           0029      D5 = $29
   65           002A      Ds5 = $2a
   66           002A      Eb5 = $2a
   67           002B      E5 = $2b
   68           002C      F5 = $2c
   69           002D      Fs5 = $2d
   70           002D      Gb5 = $2d
   71           002E      G5 = $2e
   72           002F      Gs5 = $2f
   73           002F      Ab5 = $2f
   74           0030      A5 = $30
   75           0031      As5 = $31
   76           0031      Bb5 = $31
   77           0032      B5 = $32
   78                     
   79           0033      C6 = $33
   80           0034      Cs6 = $34
   81           0034      Db6 = $34
   82           0035      D6 = $35
   83           0036      Ds6 = $36
   84           0036      Eb6 = $36
   85           0037      E6 = $37
   86           0038      F6 = $38
   87           0039      Fs6 = $39
   88           0039      Gb6 = $39
   89           003A      G6 = $3a
   90           003B      Gs6 = $3b
   91           003B      Ab6 = $3b
   92           003C      A6 = $3c
   93           003D      As6 = $3d
   94           003D      Bb6 = $3d
   95           003E      B6 = $3e
   96                     
   97           003F      C7 = $3f
   98           0040      Cs7 = $40
   99           0040      Db7 = $40
  100           0041      D7 = $41
  101           0042      Ds7 = $42
  102           0042      Eb7 = $42
  103           0043      E7 = $43
  104           0044      F7 = $44
  105           0045      Fs7 = $45
  106           0045      Gb7 = $45
  107           0046      G7 = $46
  108           0047      Gs7 = $47
  109           0047      Ab7 = $47
  110           0048      A7 = $48
  111           0049      As7 = $49
  112           0049      Bb7 = $49
  113           004A      B7 = $4a
  114                     
  115           004B      C8 = $4b
  116           004C      Cs8 = $4c
  117           004C      Db8 = $4c
  118           004D      D8 = $4d
  119           004E      Ds8 = $4e
  120           004E      Eb8 = $4e
  121           004F      E8 = $4f
  122           0050      F8 = $50
  123           0051      Fs8 = $51
  124           0051      Gb8 = $51
  125           0052      G8 = $52
  126           0053      Gs8 = $53
  127           0053      Ab8 = $53
  128           0054      A8 = $54
  129           0055      As8 = $55
  130           0055      Bb8 = $55
  131           0056      B8 = $56
  132                     
  133           0057      C9 = $57
  134           0058      Cs9 = $58
  135           0058      Db9 = $58
  136           0059      D9 = $59
  137           005A      Ds9 = $5a
  138           005A      Eb9 = $5a
  139           005B      E9 = $5b
  140           005C      F9 = $5c
  141           005D      Fs9 = $5d
  142           005D      Gb9 = $5d
  143                     
  144           005E      rest = $5e
#[2]   Source/Defines/Defines.asm
#[3]   Source/External/SoundEngine/Variables/SoundVariables.asm
   20                       .include "Source/External/SoundEngine/Variables/SoundVariables.asm"
    1           0000      SQUARE_1 = $00 ;these are channel constants
    2           0001      SQUARE_2 = $01
    3           0002      TRIANGLE = $02
    4           0003      NOISE = $03
    5           0004      DPMC = $04
    6                     
    7           0000      MUSIC_SQ1       = $00 ;these are stream # constants
    8           0001      MUSIC_SQ2       = $01 ;stream # is used to index into variables
    9           0002      MUSIC_TRI       = $02
   10           0003      MUSIC_NOI       = $03
   11           0004      SFX_1           = $04
   12           0005      SFX_2           = $05
   13           0006      MUSIC_DPMC      = $06
   14           0007      SFX_DPMC        = $07
   15                     
   16                     ;these are aliases to use in the sound data.
   17           00A0      endsound = $A0
   18           00A1      loop = $A1
   19           00A2      volume_envelope = $A2
   20           00A3      duty = $A3
   21           00A4      set_loop1_counter = $A4
   22           00A5      loop1 = $A5
   23           00A6      set_note_offset = $A6
   24           00A7      adjust_note_offset = $A7
   25           00A8      transpose = $A8
   26           00A9      pitch_envelope = $A9
   27           00AA      arpeggio = $AA
   28                     
   29           0070      d_rest = $70
   30                     
   31                     ;note length constants (aliases)
   32           0080      thirtysecond = $80
   33           0081      sixteenth = $81
   34           0082      eighth = $82
   35           0083      quarter = $83
   36           0084      half = $84
   37           0085      whole = $85
   38           0086      d_sixteenth = $86
   39           0087      d_eighth = $87
   40           0088      d_quarter = $88
   41           0089      d_half = $89
   42           008A      d_whole = $8A   ;don't forget we are counting in hex
   43           008B      t_quarter = $8B
   44           008C      five_eighths =$8C
   45           008D      five_sixteenths=$8D
   46           008E      d_half_d_eight = $8E
   47           008F      whole_quarter_sixteenth = $8F
   48           0090      d_half_eighth = $90
   49           0091      whole_sixteenth = $91
   50           0087      quarterSwing = $87
   51           0088      halfSwing = $88
   52           0089      wholeSwing = $89
   53           0086      eighthSwing = $86
   54           0081      swingDown = $81
   55           0080      swingUp = $80
   56           0092      five_thirtyseconds = $92
   57           0093      d_halfSwing_p1 = $93
   58           0094      halfSwing_p1 = $94
   59           0095      halfSwing_p3 = $95
   60           0096      halfSwing_m1 = $96
   61           0097      wholeSwing_p1 = $97
   62           0098      quarterSwing_p1 = $98
   63           0099      d_quarterSwing = $99
   64           009A      d_halfSwing = $9A
   65           009B      wholeSwing_m1 = $9B
   66                     
   67           00FF      l_last = $FF
   68           00FE      l_All = $FE
   69           00FD      l_Part = $FD
   70           00FC      l_Hold = $FC
   71           0080      l_cLast = $80
   72           0081      l_cAll = $81
   73           0082      l_cPart = $82
   74           0083      l_cHold = $83
   75                     
   76           0300      sound_enable_flags .rs 1        ;updated and written to 4015 (reading 4015 is not the same as writing)
   77           0301      sound_disable_flag  .rs 1   ;a flag variable that keeps track of whether the sound engine is disabled or not. 
   78           0302      sound_temp1 .rs 1           ;temporary variables
   79           0303      sound_temp2 .rs 1
   80           0304      sound_sq1_old .rs 1  ;the last value written to $4003
   81           0305      sound_sq2_old .rs 1  ;the last value written to $4007
   82           0306      soft_apu_ports .rs 20
   83                     
   84                     ;reserve 6 bytes, one for each stream
   85           031A      stream_curr_sound .rs 8     ;current song/sfx loaded
   86           0322      stream_status .rs 8         ;status byte.   bit0: (1: stream enabled; 0: stream disabled)
   87           032A      stream_channel .rs 8        ;what channel is this stream playing on?
   88           0332      stream_ptr_LO .rs 8         ;low byte of pointer to data stream
   89           033A      stream_ptr_HI .rs 8         ;high byte of pointer to data stream
   90           0342      stream_ve .rs 8             ;current volume envelope
   91           034A      stream_ve_index .rs 8       ;current position within the volume envelope
   92           0352      stream_vol_duty .rs 8       ;stream volume/duty settings
   93           035A      stream_note_idx .rs 8
   94           0362      stream_note_LO .rs 8        ;low 8 bits of period for the current note on a stream
   95           036A      stream_note_HI .rs 8        ;high 3 bits of period for the current note on a stream 
   96           0372      stream_tempo .rs 8          ;the value to add to our ticker total each frame
   97           037A      stream_ticker_total .rs 8   ;our running ticker total.
   98           0382      stream_note_length_counter .rs 8
   99           038A      stream_note_length .rs 8
  100           0392      stream_loop1 .rs 8          ;loop counter
  101           039A      stream_note_offset .rs 6
  102           03A0      stream_pe .rs 8             ;current volume envelope
  103           03A8      stream_pe_index .rs 8       ;current position within the volume envelope
  104           03B0      stream_pe_offset .rs 8
  105           03B8      stream_pe_delay .rs 8
  106           03C0      stream_arp .rs 8
  107           03C8      stream_arp_index .rs 8
  108           03D0      stream_arp_offset .rs 8
#[2]   Source/Defines/Defines.asm
   21           0400        .rsset $0400
   22           0500        .rsset $0500
   23           0600        .rsset $0600
   24           0700        .rsset $0700
   25           6000        .rsset $6000
#[3]   Source/Defines/ScreenStateVariables.asm
   26                       .include "Source/Defines/ScreenStateVariables.asm"
    1           6000      Screen_Copy             .rs 1024
    2           6400      ScreenB_Copy    .rs 1024
    3           6800      SaveScreen_Copy .rs 1024
    4           6C00      Palette_Copy    .rs 32
#[2]   Source/Defines/Defines.asm
   27           7000        .rsset $7000
#[3]   Source/Defines/SaveVariables.asm
   28                       .include "Source/Defines/SaveVariables.asm"
    1           7000      hasContinue .rs 1
    2           7001      solutionCount           .rs 1
    3           7002      nonSolutionCount        .rs 1
    4           7003      GameTime                        .rs 4   ;in order - second, ten second, minute, 10 minute - max out at 99 minutes
    5           7007      bank_index      .rs 1
    6           7008      puzzle_index .rs 1
    7           7009      image_table_offset .rs 1
    8                     ;we can save these for the continue
    9                     ;on a continue- we just need to load the back ground as it was
   10                     ;we'll save out data for the puzzles- just need to know if it's 1) complete and 2) the time
   11                     ;we can do that in 4 bytes each, so 324 bytes
   12           700A      puzzle_clear_bank0 .rs 108
   13           7076      puzzle_clear_bank1 .rs 108
   14           70E2      puzzle_clear_bank2 .rs 108
   15                     
#[2]   Source/Defines/Defines.asm
   29                     
   30                     
   31                     ;precompiled labels
   32                     
   33                       ;.include "Source/SoundEnginePreComp.fns"
#[3]   Source/PictoPuzzler.fns
   34                       .include "Source/PictoPuzzler.fns"
    1                     ; Source/PictoPuzzler.asm
    2           A994      B1m_square_1                     = $A994
    3           CD4D      UpdateGameOverJumpTable          = $CD4D
    4           CC42      UpdateUnloadPauseScreen          = $CC42
    5           E01A      GameOver_Screens                 = $E01A
    6           C546      UpdateGame                       = $C546
    7           83DE      B1_puzzle9                       = $83DE
    8           8328      B2_puzzle8                       = $8328
    9           8112      B1_puzzle1Name                   = $8112
   10           D047      Dynamic_Jump                     = $D047
   11           831F      B2_puzzle7Name                   = $831F
   12           85D1      B1_puzzle13Name                  = $85D1
   13           86F1      B0_mushuImage                    = $86F1
   14           CD37      PuzzleSaveLocations              = $CD37
   15           A9D3      B1m_square_2                     = $A9D3
   16           849A      B2_puzzle11Image                 = $849A
   17           810D      B0_o                             = $810D
   18           CBC1      UpdatePauseScreen                = $CBC1
   19           838D      B2_puzzle9                       = $838D
   20           82A6      B1_puzzle5Name                   = $82A6
   21           C4FE      PlayMenuCursorSound              = $C4FE
   22           874F      B1_puzzle17Image                 = $874F
   23           87EA      B0_house                         = $87EA
   24           8156      B0_rImage                        = $8156
   25           D931      SampleStart                      = $D931
   26           8906      B0_end                           = $8906
   27           8A94      B2_puzzle26Image                 = $8A94
   28           805C      B2_puzzle0Name                   = $805C
   29           A96B      bank2_header                     = $A96B
   30           8962      B2_puzzle23Image                 = $8962
   31           8A7F      B1_puzzle25Image                 = $8A7F
   32           828C      B1_puzzle5Image                  = $828C
   33           CEA5      UpdateGameOverExit               = $CEA5
   34           C62D      UpdateDrawVertClues              = $C62D
   35           D21B      TurnOffSprites                   = $D21B
   36           8901      B1_puzzle21Name                  = $8901
   37           8835      B1_puzzle19Name                  = $8835
   38           84BD      B0_meatName                      = $84BD
   39           8102      B0_fImage                        = $8102
   40           8597      B0_cameraImage                   = $8597
   41           8000      B1__lion                         = $8000
   42           867D      B0_EllieName                     = $867D
   43           C507      PlayPuzzleCursorSound            = $C507
   44           8698      B2_puzzle16Image                 = $8698
   45           8257      B0_chestnutName                  = $8257
   46           C2FB      SetSpriteXPosition               = $C2FB
   47           CF1F      DrawSaveText                     = $CF1F
   48           864C      B2_puzzle15Name                  = $864C
   49           81F0      B2_puzzle4Name                   = $81F0
   50           84EB      B1_puzzle11Image                 = $84EB
   51           8A7A      B0_nowImage                      = $8A7A
   52           896A      B0_for                           = $896A
   53           889C      B0_houseName                     = $889C
   54           801F      B0_equal_signImage               = $801F
   55           80AE      B0_aImage                        = $80AE
   56           8137      B0_r                             = $8137
   57           D757      NMIJumpTable                     = $D757
   58           8A99      B1_puzzle25Name                  = $8A99
   59           D720      update_controllers               = $D720
   60           D024      LoadGameModeSprites              = $D024
   61           AF17      bank0_noise                      = $AF17
   62           8526      B0_camera                        = $8526
   63           C998      UpdateGameFadeOut                = $C998
   64           872B      B0_mushuName                     = $872B
   65           8241      B1_puzzle4Name                   = $8241
   66           AD2B      bank0_tri                        = $AD2B
   67           CBA5      UpdateLoadPauseScreen            = $CBA5
   68           8188      B0_lower_tName                   = $8188
   69           8052      B0_plus_signImage                = $8052
   70           8305      B2_puzzle7Image                  = $8305
   71           80A7      B2_puzzle1Image                  = $80A7
   72           A96B      bank0_header                     = $A96B
   73           D1F1      WaitSprite0                      = $D1F1
   74           C0C6      Forever                          = $C0C6
   75           8965      B0_endName                       = $8965
   76           83F0      B0_egg_dogName                   = $83F0
   77           D299      NameTableMemList                 = $D299
   78           CD31      PuzzleScrollVert                 = $CD31
   79           CD3D      UpdateGameOver                   = $CD3D
   80           82BD      B0_cherryName                    = $82BD
   81           8000      B0_equal_sign                    = $8000
   82           CB97      UpdatePause                      = $CB97
   83           8566      B2_puzzle13Image                 = $8566
   84           D933      SampleLength                     = $D933
   85           D1B3      LoadSprites_impl                 = $D1B3
   86           89E2      B2_puzzle24Name                  = $89E2
   87           8703      B1_puzzle16Name                  = $8703
   88           80E0      B0_tName                         = $80E0
   89           D1EA      WaitNotSprite0                   = $D1EA
   90           CD34      PuzzleHeaderSkips                = $CD34
   91           815D      B1_puzzle2Image                  = $815D
   92           83F2      B2_puzzle10                      = $83F2
   93           83BB      B1_puzzle8Image                  = $83BB
   94           FCEC      PuzzleClearLines                 = $FCEC
   95           C2DB      InitPointer                      = $C2DB
   96           80B9      B0_t                             = $80B9
   97           C3E8      LoadBank                         = $C3E8
   98           8084      B0_cImage                        = $8084
   99           D212      TurnOnSprites                    = $D212
  100           C2F0      SetSpriteYPosition               = $C2F0
  101           A996      B1m_square_1_sublp_1             = $A996
  102           CF88      LoadGameModeScreen               = $CF88
  103           D703      ImageTitleLowerHalfPos           = $D703
  104           D1FE      SetNametableFromIndex            = $D1FE
  105           C556      UpdateGameJumpTable              = $C556
  106           8A2E      B2_puzzle25Image                 = $8A2E
  107           8896      B2_puzzle21Image                 = $8896
  108           87CA      B2_puzzle19Image                 = $87CA
  109           EC7C      Game_10                          = $EC7C
  110           CD57      UpdateGameOverInit               = $CD57
  111           8458      B2_puzzle11                      = $8458
  112           C920      UpdateDrawImage                  = $C920
  113           818B      B2_puzzle3Name                   = $818B
  114           8A19      B1_puzzle24Image                 = $8A19
  115           D75D      WakeUp                           = $D75D
  116           C306      SetSpriteImage                   = $C306
  117           8356      B1_puzzle7Image                  = $8356
  118           D07A      LoadFullPaletteFromTable         = $D07A
  119           D76D      UpdateGameOverNMI                = $D76D
  120           ACC7      bank2_noiseMainLoop              = $ACC7
  121           A9B8      B1m_square_1_sublp_2             = $A9B8
  122           85D9      B0_Ellie                         = $85D9
  123           D247      FadeOutPalettes                  = $D247
  124           884A      B2_puzzle20Name                  = $884A
  125           877E      B2_puzzle18Name                  = $877E
  126           8A33      B1_puzzle24Name                  = $8A33
  127           84A3      B0_meatImage                     = $84A3
  128           84BE      B2_puzzle12                      = $84BE
  129           82A3      B0_cherryImage                   = $82A3
  130           D2E1      SendMapperCommand                = $D2E1
  131           CD22      MouseMinimums                    = $CD22
  132           810A      B0_fName                         = $810A
  133           81D6      B2_puzzle4Image                  = $81D6
  134           D3BE      AddToClueDrawAddress             = $D3BE
  135           8524      B2_puzzle13                      = $8524
  136           D3EA      AddToClueDrawAddressHi           = $D3EA
  137           CD47      DoUpdateGameOver                 = $CD47
  138           84B4      B2_puzzle11Name                  = $84B4
  139           88FC      B2_puzzle22Image                 = $88FC
  140           869D      B1_puzzle15Name                  = $869D
  141           D69D      ApplyGameTimeToPPUString         = $D69D
  142           FD46      Sprites                          = $FD46
  143           CC5F      CheckNewBestTime                 = $CC5F
  144           88E7      B0_theImage                      = $88E7
  145           81D7      B0_perfumeImage                  = $81D7
  146           C519      SetPuzzleDisplaySprite           = $C519
  147           85B7      B1_puzzle13Image                 = $85B7
  148           8370      B1_puzzle7Name                   = $8370
  149           C9D9      MoveMouse                        = $C9D9
  150           88E7      B1_puzzle21Image                 = $88E7
  151           881B      B1_puzzle19Image                 = $881B
  152           87DC      B0_plasma_globeName              = $87DC
  153           80D8      B0_tImage                        = $80D8
  154           8328      B0_star_ship                     = $8328
  155           E07C      Title_Screen                     = $E07C
  156           858A      B2_puzzle14                      = $858A
  157           E000      Palettes                         = $E000
  158           D107      ProcessPPUString                 = $D107
  159           8227      B1_puzzle4Image                  = $8227
  160           D06D      GetTableAtIndex                  = $D06D
  161           C18F      UpdateScroll                     = $C18F
  162           83CF      B2_puzzle9Image                  = $83CF
  163           85F0      B2_puzzle15                      = $85F0
  164           D073      SetTableAddress                  = $D073
  165           8718      B2_puzzle17Name                  = $8718
  166           82BA      B2_puzzle6Name                   = $82BA
  167           856B      B1_puzzle12Name                  = $856B
  168           D7C0      sample0                          = $D7C0
  169           FCE8      EndScreens                       = $FCE8
  170           CE90      UpdateGameOverFadeOut            = $CE90
  171           808C      B0_cName                         = $808C
  172           87A2      B0_plasma_globeImage             = $87A2
  173           FD2B      SelectDefaultName                = $FD2B
  174           CAD3      UpdateMouseScreenPos             = $CAD3
  175           F07C      Game_15                          = $F07C
  176           F87C      Blank_Screen                     = $F87C
  177           C0FB      UpdateTitleJumpTable             = $C0FB
  178           CDA6      UpdateDrawMessage                = $CDA6
  179           8656      B2_puzzle16                      = $8656
  180           8485      B1_puzzle10Image                 = $8485
  181           D507      DrawImage                        = $D507
  182           AB07      bank2_tri                        = $AB07
  183           8443      B1_puzzle10                      = $8443
  184           8385      B0_star_shipName                 = $8385
  185           8732      B0_plasma_globe                  = $8732
  186           E012      Title_Screens                    = $E012
  187           D840      sample1                          = $D840
  188           C53D      ContinueText                     = $C53D
  189           D700      ImageDrawWrapOffsets             = $D700
  190           CDCB      UpdateGameOverWaitInput          = $CDCB
  191           8A0F      B0_now                           = $8A0F
  192           C059      CleanUpSRAM                      = $C059
  193           88A3      B0_the                           = $88A3
  194           8033      B0_plus_sign                     = $8033
  195           8434      B2_puzzle10Image                 = $8434
  196           C982      UpdateWaitInput                  = $C982
  197           86BC      B2_puzzle17                      = $86BC
  198           83D6      B0_egg_dogImage                  = $83D6
  199           AF3D      bank0_dpcm                       = $AF3D
  200           8307      B0_appleImage                    = $8307
  201           84A9      B1_puzzle11                      = $84A9
  202           8191      B0_perfume                       = $8191
  203           8171      B2_puzzle3Image                  = $8171
  204           889B      B1_puzzle20Name                  = $889B
  205           87CF      B1_puzzle18Name                  = $87CF
  206           86E9      B1_puzzle16Image                 = $86E9
  207           8AAE      B2_puzzle26Name                  = $8AAE
  208           82A0      B2_puzzle6Image                  = $82A0
  209           85D1      B0_cameraName                    = $85D1
  210           E014      Game_Screens                     = $E014
  211           C2C8      InitPuzzlePointer                = $C2C8
  212           8AB4      B0_nowName                       = $8AB4
  213           C0F5      DoUpdateTitle                    = $C0F5
  214           87EE      B2_puzzle20                      = $87EE
  215           8722      B2_puzzle18                      = $8722
  216           CD2E      PuzzleScrollHori                 = $CD2E
  217           C2C0      InitBankPointer                  = $C2C0
  218           C376      UpdatePuzzlePointer              = $C376
  219           C0E5      GameLoopJumpTable                = $C0E5
  220           85E6      B2_puzzle14Name                  = $85E6
  221           8643      B0_EllieImage                    = $8643
  222           FC85      GameInfoText                     = $FC85
  223           D106      ClearBackground                  = $D106
  224           C510      PlayNoiseBlipSound               = $C510
  225           850F      B1_puzzle12                      = $850F
  226           D46C      LoadPauseScreen                  = $D46C
  227           A994      bank0_square1                    = $A994
  228           8A0A      B0_forName                       = $8A0A
  229           C31D      GetSpriteData                    = $C31D
  230           D1EA      DetectSprite0                    = $D1EA
  231           80AF      B1__lionName                     = $80AF
  232           E006      NameTables                       = $E006
  233           8505      B1_puzzle11Name                  = $8505
  234           F47C      GameOver_Screen                  = $F47C
  235           D3F7      CreateOffsetFromIndex            = $D3F7
  236           C366      SetBankPointerFromIndex          = $C366
  237           8854      B2_puzzle21                      = $8854
  238           8788      B2_puzzle19                      = $8788
  239           8632      B2_puzzle15Image                 = $8632
  240           D2C0      LoadPRGBank                      = $D2C0
  241           81DC      B1_puzzle3Name                   = $81DC
  242           D2B5      SetMapperControls                = $D2B5
  243           83E9      B2_puzzle9Name                   = $83E9
  244           8575      B1_puzzle13                      = $8575
  245           89D0      B0_forImage                      = $89D0
  246           D831      sample0End                       = $D831
  247           89B3      B1_puzzle23Image                 = $89B3
  248           AB38      bank0_square2                    = $AB38
  249           808F      B0_a                             = $808F
  250           C311      GetSpriteDataIndexInX            = $C311
  251           D6FD      PuzzleImageSizes                 = $D6FD
  252           8042      B2_puzzle0Image                  = $8042
  253           FC7F      WindowRow                        = $FC7F
  254           88BA      B2_puzzle22                      = $88BA
  255           85DB      B1_puzzle14                      = $85DB
  256           897C      B2_puzzle23Name                  = $897C
  257           8460      B0_meat                          = $8460
  258           D798      ReadControllers                  = $D798
  259           CCA7      CheckAgainstSolution             = $CCA7
  260           A9FA      bank2_square1                    = $A9FA
  261           8126      B2_puzzle2Name                   = $8126
  262           D3D4      SubFromClueDrawAddress           = $D3D4
  263           CF45      FlashTime                        = $CF45
  264           8161      B0_lower_t                       = $8161
  265           C014      vblankwait1                      = $C014
  266           FC9A      Pause_Menu                       = $FC9A
  267           D3B1      ResetClueDrawAddress             = $D3B1
  268           8920      B2_puzzle23                      = $8920
  269           A9D7      B1m_square_2_sublp_1             = $A9D7
  270           AA91      B1m_dpmc                         = $AA91
  271           8641      B1_puzzle15                      = $8641
  272           D2A1      PalettesMemList                  = $D2A1
  273           CFC3      LoadGameModeBackground           = $CFC3
  274           FC7C      WindowTopRow                     = $FC7C
  275           A994      bank2_square2                    = $A994
  276           8580      B2_puzzle13Name                  = $8580
  277           8500      B2_puzzle12Image                 = $8500
  278           80F8      B1_puzzle1Image                  = $80F8
  279           8065      B0_c                             = $8065
  280           C043      vblankwait2                      = $C043
  281           C0EB      UpdateTitle                      = $C0EB
  282           8683      B1_puzzle15Image                 = $8683
  283           FD4C      Title_Sprites                    = $FD4C
  284           E47C      Title_Second                     = $E47C
  285           8986      B2_puzzle24                      = $8986
  286           A9FF      B1m_square_2_sublp_2             = $A9FF
  287           C019      clrmem                           = $C019
  288           86A7      B1_puzzle16                      = $86A7
  289           8027      B0_equal_signName                = $8027
  290           D425      ClearPuzzle                      = $D425
  291           89CD      B1_puzzle23Name                  = $89CD
  292           D0A9      LoadFullBackgroundFromTable      = $D0A9
  293           FD40      DefaultTimeString                = $FD40
  294           C000      RESET                            = $C000
  295           89C8      B2_puzzle24Image                 = $89C8
  296           8830      B2_puzzle20Image                 = $8830
  297           8764      B2_puzzle18Image                 = $8764
  298           CC5E      ExitPause                        = $CC5E
  299           8075      B1__lionImage                    = $8075
  300           D308      PopulateClues                    = $D308
  301           D1DE      ClearPPUString                   = $D1DE
  302           89EC      B2_puzzle25                      = $89EC
  303           8AE5      B1_puzzle26Image                 = $8AE5
  304           82F1      B1_puzzle6Image                  = $82F1
  305           D931      sample1End                       = $D931
  306           870D      B1_puzzle17                      = $870D
  307           843F      B0_ghostImage                    = $843F
  308           D236      InitPPUControl                   = $D236
  309           D298      FadeInPalettes                   = $D298
  310           D19D      WriteToPPUFromTable              = $D19D
  311           C550      DoUpdateGame                     = $C550
  312           AA1B      B1m_triangle                     = $AA1B
  313           844E      B2_puzzle10Name                  = $844E
  314           ACBE      bank2_noise                      = $ACBE
  315           8916      B2_puzzle22Name                  = $8916
  316           8637      B1_puzzle14Name                  = $8637
  317           FD6E      GameOver_Sprites                 = $FD6E
  318           E01C      Title_Palette                    = $E01C
  319           8A52      B2_puzzle26                      = $8A52
  320           830B      B1_puzzle6Name                   = $830B
  321           D1FA      WaitScanline                     = $D1FA
  322           E00C      NameTables2                      = $E00C
  323           883F      B1_puzzle20                      = $883F
  324           8773      B1_puzzle18                      = $8773
  325           805A      B0_plus_signName                 = $805A
  326           D731      NMIUpdate                        = $D731
  327           D044      gameModeInitCHRROMA              = $D044
  328           E05C      GameOver_Palette                 = $E05C
  329           D70E      nmi_started                      = $D70E
  330           CF74      FlashColors                      = $CF74
  331           80E3      B0_f                             = $80E3
  332           D2CB      LoadCHRBankA                     = $D2CB
  333           C0DF      GameLoop                         = $C0DF
  334           80B6      B1_puzzle1                       = $80B6
  335           8000      B2_puzzle0                       = $8000
  336           C65A      UpdateDrawHoriClues              = $C65A
  337           AA73      B1m_noise                        = $AA73
  338           C8A7      UpdateMoveScreen                 = $C8A7
  339           88A5      B1_puzzle21                      = $88A5
  340           87D9      B1_puzzle19                      = $87D9
  341           D041      gameModeInitCHRROMB              = $D041
  342           C08D      ValidateContinue                 = $C08D
  343           D709      NMI                              = $D709
  344           D6DC      ClearLineDefs                    = $D6DC
  345           86B2      B2_puzzle16Name                  = $86B2
  346           8551      B1_puzzle12Image                 = $8551
  347           CF76      ChangeGameMode                   = $CF76
  348           8255      B2_puzzle5Name                   = $8255
  349           8881      B1_puzzle20Image                 = $8881
  350           87B5      B1_puzzle18Image                 = $87B5
  351           8520      B0_sodaName                      = $8520
  352           80B6      B0_aName                         = $80B6
  353           D768      UpdateTitleNMI                   = $D768
  354           D2D6      LoadCHRBankB                     = $D2D6
  355           CD28      MouseMaximums                    = $CD28
  356           810C      B2_puzzle2Image                  = $810C
  357           811B      B1_puzzle2                       = $811B
  358           84C3      B0_soda                          = $84C3
  359           C6B4      UpdateGamePlay                   = $C6B4
  360           8065      B2_puzzle1                       = $8065
  361           C9BE      UpdateGameExit                   = $C9BE
  362           C1B8      UpdatePuzzleSelection            = $C1B8
  363           8684      B0_mushu                         = $8684
  364           C2E2      SetPointerPosition               = $C2E2
  365           D2B1      ResetMapper                      = $D2B1
  366           C3F5      UpdatePuzzleInfo                 = $C3F5
  367           890B      B1_puzzle22                      = $890B
  368           8AFF      B1_puzzle26Name                  = $8AFF
  369           81C2      B1_puzzle3Image                  = $81C2
  370           8261      B0_cherry                        = $8261
  371           8134      B0_oName                         = $8134
  372           A96B      B1m_header                       = $A96B
  373           8180      B1_puzzle3                       = $8180
  374           8506      B0_sodaImage                     = $8506
  375           836A      B2_puzzle8Image                  = $836A
  376           80CA      B2_puzzle2                       = $80CA
  377           CB9D      UpdatePauseJumpTable             = $CB9D
  378           8862      B0_houseImage                    = $8862
  379           82C5      B0_apple                         = $82C5
  380           823D      B0_chestnutImage                 = $823D
  381           AB0D      bank2_triFirstLoop               = $AB0D
  382           8971      B1_puzzle23                      = $8971
  383           C2D0      ResetMouseIndex                  = $C2D0
  384           8390      B0_egg_dog                       = $8390
  385           81FA      B0_chestnut                      = $81FA
  386           FC82      WindowBottomRow                  = $FC82
  387           CB47      UpdateTimeDisplay                = $CB47
  388           8A48      B2_puzzle25Name                  = $8A48
  389           8769      B1_puzzle17Name                  = $8769
  390           8420      B1_puzzle9Image                  = $8420
  391           81E5      B1_puzzle4                       = $81E5
  392           812F      B2_puzzle3                       = $812F
  393           81F1      B0_perfumeName                   = $81F1
  394           8901      B0_theName                       = $8901
  395           C894      UpdateClearPuzzle                = $C894
  396           D6FA      PuzzleSizes                      = $D6FA
  397           89D7      B1_puzzle24                      = $89D7
  398           D751      StateNMIUpdate                   = $D751
  399           C324      UpdateBankPointer                = $C324
  400           843A      B1_puzzle9Name                   = $843A
  401           C107      UpdateTitleInit                  = $C107
  402           D361      WriteClueByteToPPUString         = $D361
  403           D1CA      WriteToPPUString                 = $D1CA
  404           824A      B1_puzzle5                       = $824A
  405           8194      B2_puzzle4                       = $8194
  406           83F9      B0_ghost                         = $83F9
  407           D76E      ReadControllersSafe              = $D76E
  408           849F      B1_puzzle10Name                  = $849F
  409           E87C      Game_5                           = $E87C
  410           D76C      UpdateGameNMI                    = $D76C
  411           8A3D      B1_puzzle25                      = $8A3D
  412           823B      B2_puzzle5Image                  = $823B
  413           812C      B0_oImage                        = $812C
  414           C56A      UpdateGameInit                   = $C56A
  415           D2F2      ResetBanks                       = $D2F2
  416           88B0      B2_puzzle21Name                  = $88B0
  417           87E4      B2_puzzle19Name                  = $87E4
  418           8384      B2_puzzle8Name                   = $8384
  419           82AF      B1_puzzle6                       = $82AF
  420           8177      B1_puzzle2Name                   = $8177
  421           D224      UpdatePPUControl                 = $D224
  422           D4B3      ClearPauseScreen                 = $D4B3
  423           81F9      B2_puzzle5                       = $81F9
  424           8180      B0_lower_tImage                  = $8180
  425           FD3E      SelectDefaultTime                = $FD3E
  426           ACE3      bank2_dpcm                       = $ACE3
  427           85CC      B2_puzzle14Image                 = $85CC
  428           AA26      B1m_triangle_sublp_1             = $AA26
  429           861D      B1_puzzle14Image                 = $861D
  430           8AA3      B1_puzzle26                      = $8AA3
  431           8459      B0_ghostName                     = $8459
  432           FD65      Game_Sprites                     = $FD65
  433           C219      UpdateScrollBack                 = $C219
  434           894B      B0_endImage                      = $894B
  435           8314      B1_puzzle7                       = $8314
  436           815E      B0_rName                         = $815E
  437           86FE      B2_puzzle17Image                 = $86FE
  438           825E      B2_puzzle6                       = $825E
  439           CEB6      DrawClearText                    = $CEB6
  440           851A      B2_puzzle12Name                  = $851A
  441           80C1      B2_puzzle1Name                   = $80C1
  442           E03C      Game_Palette                     = $E03C
  443           894D      B1_puzzle22Image                 = $894D
  444           C148      UpdateBankSelection              = $C148
  445           FD1B      PuzzleSavedLines                 = $FD1B
  446           83D5      B1_puzzle8Name                   = $83D5
  447           8379      B1_puzzle8                       = $8379
  448           82C3      B2_puzzle7                       = $82C3
  449           836B      B0_star_shipImage                = $836B
  450           8967      B1_puzzle22Name                  = $8967
  451           D65E      DrawTitle                        = $D65E
  452           C238      UpdateTitleExit                  = $C238
  453           8321      B0_appleName                     = $8321
  454           ACEF      bank2_dpcmMainLoop               = $ACEF
#[2]   Source/Defines/Defines.asm
   35                       
#[1]   Source/SoundEnginePreComp.asm
    3           A0D8              .org $A0D8
#[2]   Source/External/SoundEngine/Source/sound_Engine.asm
    4                             .include "Source/External/SoundEngine/Source/sound_Engine.asm"
    1  00:A0D8            sound_init:
    2  00:A0D8  A9 1F         lda #$1F
    3  00:A0DA  8D 15 40      sta $4015   ;enable Square 1, Square 2, Triangle and Noise channels
    4  00:A0DD  8D 00 03          sta sound_enable_flags
    5                         
    6  00:A0E0  A9 00         lda #$00
    7  00:A0E2  8D 01 03      sta sound_disable_flag  ;clear disable flag
    8                         ;later, if we have other variables we want to initialize, we will do that here.
    9  00:A0E5  A9 FF         lda #$FF
   10  00:A0E7  8D 04 03      sta sound_sq1_old   ;initializing these to $FF ensures that the first notes of the first song isn't skipped
   11  00:A0EA  8D 05 03      sta sound_sq2_old
   12  00:A0ED            se_silence:
   13  00:A0ED  A9 30         lda #$30
   14  00:A0EF  8D 06 03      sta soft_apu_ports      ;set Square 1 volume to 0
   15  00:A0F2  8D 0A 03      sta soft_apu_ports+4    ;set Square 2 volume to 0
   16  00:A0F5  8D 12 03      sta soft_apu_ports+12   ;set Noise volume to 0
   17  00:A0F8  A9 80         lda #$80
   18  00:A0FA  8D 0E 03      sta soft_apu_ports+8     ;silence Triangle
   19  00:A0FD  A9 00             lda #$00
   20  00:A0FF  8D 17 03          sta soft_apu_ports+17    ;silence DPMC
   21                     
   22  00:A102  60            rts
   23                         
   24  00:A103            sound_disable:
   25  00:A103  A9 00         lda #$00
   26  00:A105  8D 15 40      sta $4015   ;disable all channels
   27  00:A108  8D 00 03          sta sound_enable_flags
   28  00:A10B  A9 01         lda #$01
   29  00:A10D  8D 01 03      sta sound_disable_flag  ;set disable flag
   30  00:A110  60            rts
   31                         
   32                     ;-------------------------------------
   33                     ; load_sound will prepare the sound engine to play a song or sfx.
   34                     ;   input:
   35                     ;       A: song/sfx number to play
   36  00:A111            sound_load:
   37  00:A111  8D 02 03      sta sound_temp1         ;save song number
   38  00:A114  0A            asl a                   ;multiply by 2.  We are indexing into a table of pointers (words)
   39  00:A115  A8            tay
   40  00:A116  B9 F5 A4      lda song_headers, y     ;setup the pointer to our song header
   41  00:A119  8D D2 00      sta sound_ptr
   42  00:A11C  B9 F6 A4      lda song_headers+1, y
   43  00:A11F  8D D3 00      sta sound_ptr+1
   44                         
   45  00:A122  A0 00         ldy #$00
   46  00:A124  B1 D2         lda [sound_ptr], y      ;read the first byte: # streams
   47  00:A126  8D 03 03      sta sound_temp2         ;store in a temp variable.  We will use this as a loop counter: how many streams to read stream headers for
   48  00:A129  C8            iny
   49  00:A12A            .loop:
   50  00:A12A  B1 D2         lda [sound_ptr], y      ;stream number
   51  00:A12C  AA            tax                     ;stream number acts as our variable index
   52  00:A12D  C8            iny
   53                         
   54  00:A12E  B1 D2         lda [sound_ptr], y      ;status byte.  1= enable, 0=disable
   55  00:A130  9D 22 03      sta stream_status, x
   56  00:A133  F0 49         beq .next_stream        ;if status byte is 0, stream disabled, so we are done
   57  00:A135  C8            iny
   58                         
   59  00:A136  B1 D2         lda [sound_ptr], y      ;channel number
   60  00:A138  9D 2A 03      sta stream_channel, x
   61  00:A13B  C8            iny
   62                         
   63  00:A13C  B1 D2         lda [sound_ptr], y      ;initial duty and volume settings
   64  00:A13E  9D 52 03      sta stream_vol_duty, x
   65  00:A141  C8            iny
   66                         
   67  00:A142  B1 D2         lda [sound_ptr], y
   68  00:A144  9D 42 03      sta stream_ve, x
   69  00:A147  C8            iny
   70                             
   71                             ;temp solution
   72  00:A148  A9 00             lda #me_none
   73  00:A14A  9D A0 03          sta stream_pe, x
   74                             
   75                             ;temp solution
   76  00:A14D  A9 00             lda #arp_none
   77  00:A14F  9D C0 03          sta stream_arp, x
   78                         
   79  00:A152  B1 D2         lda [sound_ptr], y      ;pointer to stream data.  Little endian, so low byte first
   80  00:A154  9D 32 03      sta stream_ptr_LO, x
   81  00:A157  C8            iny
   82                         
   83  00:A158  B1 D2         lda [sound_ptr], y
   84  00:A15A  9D 3A 03      sta stream_ptr_HI, x
   85  00:A15D  C8            iny
   86                         
   87  00:A15E  B1 D2         lda [sound_ptr], y
   88  00:A160  9D 72 03      sta stream_tempo, x
   89                         
   90  00:A163  A9 A0         lda #$A0
   91  00:A165  9D 7A 03      sta stream_ticker_total, x
   92                         
   93  00:A168  A9 01         lda #$01
   94  00:A16A  9D 82 03      sta stream_note_length_counter,x
   95                         
   96  00:A16D  A9 00         lda #$00
   97  00:A16F  9D 4A 03      sta stream_ve_index, x
   98  00:A172  9D A8 03          sta stream_pe_index, x
   99  00:A175  9D C8 03          sta stream_arp_index, x
  100  00:A178  9D 92 03      sta stream_loop1, x
  101  00:A17B  9D 9A 03      sta stream_note_offset, x
  102  00:A17E            .next_stream:
  103  00:A17E  C8            iny
  104                         
  105  00:A17F  AD 02 03      lda sound_temp1         ;song number
  106  00:A182  9D 1A 03      sta stream_curr_sound, x
  107                         
  108  00:A185  CE 03 03      dec sound_temp2         ;our loop counter
  109  00:A188  D0 A0         bne .loop
  110  00:A18A  60            rts
  111                     
  112                     ;--------------------------
  113                     ; sound_play_frame advances the sound engine by one frame
  114  00:A18B            sound_play_frame:
  115  00:A18B  AD 01 03      lda sound_disable_flag
  116  00:A18E  D0 31         bne .done   ;if disable flag is set, don't advance a frame
  117                     
  118  00:A190  20 ED A0      jsr se_silence  ;silence all channels.  se_set_apu will set volume later for all channels that are enabled.
  119                                         ;the purpose of this subroutine call is to silence channels that aren't used by any streams.
  120  00:A193  A2 00         ldx #$00
  121  00:A195            .loop:
  122  00:A195  BD 22 03      lda stream_status, x
  123  00:A198  29 01         and #$01    ;check whether the stream is active
  124  00:A19A  F0 1D         beq .endloop  ;if the stream isn't active, skip it
  125                         
  126                         ;add the tempo to the ticker total.  If there is a FF-> 0 transition, there is a tick
  127  00:A19C  BD 7A 03      lda stream_ticker_total, x
  128  00:A19F  18            clc
  129  00:A1A0  7D 72 03      adc stream_tempo, x
  130  00:A1A3  9D 7A 03      sta stream_ticker_total, x
  131  00:A1A6  90 0E         bcc .set_buffer    ;carry clear = no tick.  if no tick, we are done with this stream
  132                         
  133  00:A1A8  DE 82 03      dec stream_note_length_counter, x   ;else there is a tick. decrement the note length counter
  134  00:A1AB  D0 09         bne .set_buffer    ;if counter is non-zero, our note isn't finished playing yet
  135  00:A1AD  BD 8A 03      lda stream_note_length, x   ;else our note is finished. reload the note length counter
  136  00:A1B0  9D 82 03      sta stream_note_length_counter, x
  137                         
  138  00:A1B3  20 C2 A1      jsr se_fetch_byte   ;read the next byte from the data stream
  139                         
  140  00:A1B6            .set_buffer:
  141  00:A1B6  20 FD A2      jsr se_set_temp_ports   ;copy the current stream's sound data for the current frame into our temporary APU vars (soft_apu_ports)
  142  00:A1B9            .endloop:
  143  00:A1B9  E8            inx
  144  00:A1BA  E0 08         cpx #$08
  145  00:A1BC  D0 D7         bne .loop
  146  00:A1BE  20 90 A4      jsr se_set_apu      ;copy the temporary APU variables (soft_apu_ports) to the real APU ports ($4000, $4001, etc)
  147  00:A1C1            .done:
  148  00:A1C1  60            rts
  149                     
  150                     ;--------------------------
  151                     ; se_fetch_byte reads one byte from a sound data stream and handles it
  152                     ;   input: 
  153                     ;       X: stream number    
  154  00:A1C2            se_fetch_byte:
  155  00:A1C2  BD 32 03      lda stream_ptr_LO, x
  156  00:A1C5  8D D2 00      sta sound_ptr
  157  00:A1C8  BD 3A 03      lda stream_ptr_HI, x
  158  00:A1CB  8D D3 00      sta sound_ptr+1
  159                         
  160  00:A1CE  A0 00         ldy #$00
  161  00:A1D0            .fetch:
  162  00:A1D0  B1 D2         lda [sound_ptr], y
  163  00:A1D2  10 26         bpl .note                ;if < #$80, it's a Note
  164  00:A1D4  C9 A0         cmp #$A0
  165  00:A1D6  90 0C         bcc .note_length         ;else if < #$A0, it's a Note Length
  166  00:A1D8            .opcode:                     ;else it's an opcode
  167                         ;do Opcode stuff
  168  00:A1D8  20 E2 A2      jsr se_opcode_launcher
  169  00:A1DB  C8            iny                      ;next position in the data stream
  170  00:A1DC  BD 22 03      lda stream_status, x
  171  00:A1DF  29 01         and #%00000001
  172  00:A1E1  D0 ED         bne .fetch               ;after our opcode is done, grab another byte unless the stream is disabled
  173  00:A1E3  60            rts                      ; in which case we quit  (explained below)
  174  00:A1E4            .note_length:
  175                         ;do note length stuff
  176  00:A1E4  29 7F         and #%01111111          ;chop off bit7
  177  00:A1E6  8C 02 03      sty sound_temp1         ;save Y because we are about to destroy it
  178  00:A1E9  A8            tay
  179  00:A1EA  B9 4B A7      lda note_length_table, y    ;get the note length count value
  180  00:A1ED  9D 8A 03      sta stream_note_length, x
  181  00:A1F0  9D 82 03      sta stream_note_length_counter, x   ;stick it in our note length counter
  182  00:A1F3  AC 02 03      ldy sound_temp1         ;restore Y
  183  00:A1F6  C8            iny                     ;set index to next byte in the stream
  184  00:A1F7  4C D0 A1      jmp .fetch              ;fetch another byte
  185  00:A1FA            .note:
  186                         ;do Note stuff
  187  00:A1FA  8D 03 03      sta sound_temp2
  188  00:A1FD  BD 2A 03      lda stream_channel, x
  189  00:A200  C9 03         cmp #NOISE
  190  00:A202  D0 06         bne .not_noise
  191  00:A204  20 52 A2      jsr se_do_noise
  192  00:A207  4C 35 A2      jmp .reset_ve
  193  00:A20A            .not_noise:
  194  00:A20A  C9 04             cmp #DPMC
  195  00:A20C  90 06             bcc .not_dpmc
  196  00:A20E  20 8A A2          jsr se_do_dpmc
  197  00:A211  4C 35 A2          jmp .reset_ve
  198  00:A214            .not_dpmc:
  199  00:A214  AD 03 03      lda sound_temp2
  200  00:A217  8C 02 03      sty sound_temp1     ;save our index into the data stream
  201  00:A21A  18            clc
  202  00:A21B  7D 9A 03      adc stream_note_offset, x   ;add note offset
  203  00:A21E  0A            asl a
  204  00:A21F  A8            tay
  205  00:A220  9D 5A 03          sta stream_note_idx, x
  206  00:A223  B9 8D A6      lda note_table, y
  207  00:A226  9D 62 03      sta stream_note_LO, x
  208  00:A229  B9 8E A6      lda note_table+1, y
  209  00:A22C  9D 6A 03      sta stream_note_HI, x
  210  00:A22F  AC 02 03      ldy sound_temp1     ;restore data stream index
  211                         
  212                         ;check if it's a rest and modify the status flag appropriately
  213                     
  214  00:A232  20 CC A2      jsr se_check_rest
  215  00:A235            .reset_ve:    
  216  00:A235  A9 00         lda #$00
  217  00:A237  9D 4A 03      sta stream_ve_index, x  
  218  00:A23A  9D A8 03          sta stream_pe_index, x
  219  00:A23D  9D B8 03          sta stream_pe_delay, x
  220  00:A240  9D C8 03          sta stream_arp_index,x
  221  00:A243            .update_pointer:
  222  00:A243  C8            iny
  223  00:A244  98            tya
  224  00:A245  18            clc
  225  00:A246  7D 32 03      adc stream_ptr_LO, x
  226  00:A249  9D 32 03      sta stream_ptr_LO, x
  227  00:A24C  90 03         bcc .end
  228  00:A24E  FE 3A 03      inc stream_ptr_HI, x
  229  00:A251            .end:
  230  00:A251  60            rts
  231                     
  232  00:A252            se_do_noise:
  233                     
  234  00:A252  AD 15 40          lda $4015
  235  00:A255  29 10             AND #$10                                ;get the current DMC bytes remaining
  236  00:A257  09 07             ORA #$07                                ;add in the lower three bits
  237  00:A259  2D 00 03          AND sound_enable_flags  ;and with the current sound flags, minus noise
  238  00:A25C  8D 00 03          sta sound_enable_flags  ;disable noise
  239  00:A25F  8D 15 40          sta $4015
  240                     
  241  00:A262  AD 03 03      lda sound_temp2
  242  00:A265  29 20             AND #%00100000
  243  00:A267  D0 20             bne .leave
  244                             
  245  00:A269  AD 03 03          lda sound_temp2
  246  00:A26C  29 10         and #%00010000
  247  00:A26E  F0 08         beq .mode0
  248  00:A270  AD 03 03      lda sound_temp2
  249  00:A273  09 80         ora #%10000000      ;set bit 7 to set mode1
  250  00:A275  8D 03 03      sta sound_temp2
  251  00:A278            .mode0:
  252  00:A278  AD 03 03      lda sound_temp2
  253  00:A27B  9D 62 03      sta stream_note_LO, x
  254                     
  255  00:A27E  AD 00 03          lda sound_enable_flags
  256  00:A281  09 08             ORA #%00001000
  257  00:A283  8D 00 03          STA sound_enable_flags
  258  00:A286  8D 15 40          sta $4015
  259  00:A289            .leave:
  260  00:A289  60            rts
  261                             
  262  00:A28A            se_do_dpmc:
  263  00:A28A  8A                TXA
  264  00:A28B  48                PHA
  265                             
  266  00:A28C  AD 00 03          lda sound_enable_flags
  267  00:A28F  29 0F             AND #$0F
  268  00:A291  8D 00 03          sta sound_enable_flags ;DPCM disable
  269  00:A294  8D 15 40          sta $4015
  270                             
  271  00:A297  AD 03 03          lda sound_temp2         ;load up sample index- we can cram in the pitch and keep ourselves to 6 samples (7 will be rest)
  272  00:A29A  C9 70             CMP #$70
  273  00:A29C  B0 2B             BCS .leave
  274                     
  275  00:A29E  29 0F             AND #$0F
  276  00:A2A0  8D 10 40          sta $4010 ;pitch
  277  00:A2A3  A9 7F             LDA #$7F
  278  00:A2A5  8D 11 40          sta $4011 ;temp = starting sample level
  279  00:A2A8  AD 03 03          lda sound_temp2
  280  00:A2AB  29 F0             AND #$F0
  281  00:A2AD  4A                LSR A
  282  00:A2AE  4A                LSR A
  283  00:A2AF  4A                LSR A
  284  00:A2B0  4A                LSR A
  285  00:A2B1  AA                TAX
  286  00:A2B2  BD 31 D9          lda SampleStart,x
  287  00:A2B5  8D 12 40          sta $4012 ;X = sample number
  288  00:A2B8  BD 33 D9          lda SampleLength,x
  289  00:A2BB  8D 13 40          sta $4013
  290                             
  291  00:A2BE  AD 00 03          lda sound_enable_flags
  292  00:A2C1  09 10             ORA #$10
  293  00:A2C3  8D 00 03          STA sound_enable_flags
  294  00:A2C6  8D 15 40          sta $4015
  295  00:A2C9            .leave:
  296  00:A2C9  68                PLA
  297  00:A2CA  AA                TAX
  298                     
  299  00:A2CB  60                rts
  300                             
  301                     ;--------------------------------------------------
  302                     ; se_check_rest will read a byte from the data stream and
  303                     ;       determine if it is a rest or not.  It will set or clear the current
  304                     ;       stream's rest flag accordingly.
  305                     ;       input:
  306                     ;           X: stream number
  307                     ;           Y: data stream index
  308  00:A2CC            se_check_rest:
  309  00:A2CC  B1 D2         lda [sound_ptr], y  ;read the note byte again
  310  00:A2CE  C9 5E         cmp #rest
  311  00:A2D0  D0 07         bne .not_rest
  312  00:A2D2  BD 22 03      lda stream_status, x
  313  00:A2D5  09 02         ora #%00000010  ;set the rest bit in the status byte
  314  00:A2D7  D0 05         bne .store  ;this will always branch.  bne is cheaper than a jmp.
  315  00:A2D9            .not_rest:
  316  00:A2D9  BD 22 03      lda stream_status, x
  317  00:A2DC  29 FD         and #%11111101  ;clear the rest bit in the status byte
  318  00:A2DE            .store:
  319  00:A2DE  9D 22 03      sta stream_status, x
  320  00:A2E1  60            rts
  321                         
  322                     ;-----------------------------------------
  323                     ; se_opcode_launcher will read an address from the opcode jump table and indirect jump there.
  324                     ;    input: A: opcode byte
  325                     ;               Y: data stream position
  326                     ;               X: stream number
  327  00:A2E2            se_opcode_launcher:
  328  00:A2E2  8C 02 03      sty sound_temp1         ;save y register, because we are about to destroy it
  329  00:A2E5  38            sec
  330  00:A2E6  E9 A0         sbc #$A0                ;turn our opcode byte into a table index by subtracting $A0
  331  00:A2E8  0A            asl a                   ;multiply by 2 because we index into a table of addresses (words)
  332  00:A2E9  A8            tay
  333  00:A2EA  B9 DA A5      lda sound_opcodes, y    ;get low byte of subroutine address
  334  00:A2ED  8D D4 00      sta sound_ptr2
  335  00:A2F0  B9 DB A5      lda sound_opcodes+1, y  ;get high byte
  336  00:A2F3  8D D5 00      sta sound_ptr2+1
  337  00:A2F6  AC 02 03      ldy sound_temp1         ;restore our y register
  338  00:A2F9  C8            iny                     ;set to next position in data stream (assume an argument)
  339  00:A2FA  6C D4 00      jmp [sound_ptr2]           ;indirect jump to our opcode subroutine    
  340                         
  341                     ;----------------------------------------------------
  342                     ; se_set_temp_ports will copy a stream's sound data to the temporary apu variables
  343                     ;      input:
  344                     ;           X: stream number
  345  00:A2FD            se_set_temp_ports:
  346                     
  347  00:A2FD  E0 06             cpx #MUSIC_DPMC
  348  00:A2FF  90 01             bcc .contTempPorts
  349  00:A301  60                rts
  350  00:A302            .contTempPorts:
  351  00:A302  BD 2A 03      lda stream_channel, x
  352  00:A305  0A            asl a
  353  00:A306  0A            asl a
  354  00:A307  A8            tay
  355                         
  356  00:A308  20 2B A3      jsr se_set_stream_volume
  357                             
  358                         
  359  00:A30B  A9 08         lda #$08
  360  00:A30D  99 07 03      sta soft_apu_ports+1, y     ;sweep
  361                         
  362                             
  363  00:A310  BD C0 03          LDA stream_arp, x
  364  00:A313  F0 06             BEQ .updatePitch
  365                             
  366  00:A315  20 87 A3          JSR se_set_stream_arpeggio
  367  00:A318  4C 2A A3          JMP .leaveTempSet
  368                             
  369  00:A31B            .updatePitch:
  370  00:A31B  BD 62 03      lda stream_note_LO, x
  371  00:A31E  99 08 03      sta soft_apu_ports+2, y     ;period LO
  372                         
  373  00:A321  BD 6A 03      lda stream_note_HI, x
  374  00:A324  99 09 03      sta soft_apu_ports+3, y     ;period HI
  375                             
  376                     
  377  00:A327  20 E1 A3          jsr se_set_stream_pitch
  378                     
  379  00:A32A            .leaveTempSet:
  380  00:A32A  60            rts    
  381                     
  382                     ;----------------------------------
  383                     ;    
  384  00:A32B            se_set_stream_volume:
  385                             
  386  00:A32B  8C 02 03      sty sound_temp1             ;save our index into soft_apu_ports (we are about to destroy y)
  387                         
  388  00:A32E  BD 42 03      lda stream_ve, x            ;which volume envelope?
  389  00:A331  0A            asl a                       ;multiply by 2 because we are indexing into a table of addresses (words)
  390  00:A332  A8            tay
  391  00:A333  B9 67 A7      lda kVol, y     ;get the low byte of the address from the pointer table
  392  00:A336  8D D2 00      sta sound_ptr               ;put it into our pointer variable
  393  00:A339  B9 68 A7      lda kVol+1, y   ;get the high byte of the address
  394  00:A33C  8D D3 00      sta sound_ptr+1
  395                         
  396  00:A33F            .read_ve:
  397  00:A33F  BC 4A 03      ldy stream_ve_index, x      ;our current position within the volume envelope.
  398  00:A342  B1 D2         lda [sound_ptr], y          ;grab the value.
  399  00:A344  C9 FF         cmp #$FF
  400  00:A346  D0 06         bne .set_vol                ;if not FF, set the volume
  401  00:A348  DE 4A 03      dec stream_ve_index, x      ;else if FF, go back one and read again
  402  00:A34B  4C 3F A3      jmp .read_ve                ;  FF essentially tells us to repeat the last
  403                                                     ;  volume value for the remainder of the note
  404  00:A34E            .set_vol:
  405  00:A34E  8D 03 03      sta sound_temp2             ;save our new volume value (about to destroy A)
  406                         
  407  00:A351  E0 02         cpx #TRIANGLE               
  408  00:A353  D0 09         bne .squares                ;if not triangle channel, go ahead
  409  00:A355  AD 03 03      lda sound_temp2
  410  00:A358  D0 04         bne .squares                ;else if volume not zero, go ahead (treat same as squares)
  411  00:A35A  A9 80         lda #$80
  412  00:A35C  30 08         bmi .store_vol              ;else silence the channel with #$80
  413  00:A35E            .squares:
  414  00:A35E  BD 52 03      lda stream_vol_duty, x      ;get current vol/duty settings
  415  00:A361  29 F0         and #$F0                    ;zero out the old volume
  416  00:A363  0D 03 03      ora sound_temp2             ;OR our new volume in.
  417                     
  418  00:A366            .store_vol:
  419  00:A366  AC 02 03      ldy sound_temp1             ;get our index into soft_apu_ports
  420  00:A369  99 06 03      sta soft_apu_ports, y       ;store the volume in our temp port
  421  00:A36C  FE 4A 03      inc stream_ve_index, x      ;set our volume envelop index to the next position
  422                     
  423  00:A36F            .rest_check:
  424                         ;check the rest flag. if set, overwrite volume with silence value 
  425  00:A36F  BD 22 03      lda stream_status, x
  426  00:A372  29 02         and #%00000010
  427  00:A374  F0 10         beq .done                   ;if clear, no rest, so quit
  428  00:A376  BD 2A 03      lda stream_channel, x
  429  00:A379  C9 02         cmp #TRIANGLE               ;if triangle, silence with #$80
  430  00:A37B  F0 04         beq .tri                    ;else, silence with #$30
  431  00:A37D  A9 30         lda #$30        
  432  00:A37F  D0 02         bne .store                  ;this always branches.  bne is cheaper than a jmp
  433  00:A381            .tri:
  434  00:A381  A9 80         lda #$80
  435  00:A383            .store:    
  436  00:A383  99 06 03      sta soft_apu_ports, y
  437  00:A386            .done:
  438  00:A386  60            rts   
  439                             
  440                     ;---------------------------------------
  441                     ;
  442  00:A387            se_set_stream_arpeggio:
  443                         
  444  00:A387  BD 22 03          lda stream_status, x
  445  00:A38A  29 02         and #%00000010
  446  00:A38C  F0 01             beq .continue
  447  00:A38E  60                rts
  448                             
  449  00:A38F            .continue:
  450  00:A38F  8C 02 03      sty sound_temp1             ;save our index into soft_apu_ports (we are about to destroy y)
  451                         
  452  00:A392  BD C0 03      lda stream_arp, x            ;which volume envelope?
  453  00:A395  0A            asl a                       ;multiply by 2 because we are indexing into a table of addresses (words)
  454  00:A396  A8            tay
  455  00:A397  B9 1B A9      lda kArp, y     ;get the low byte of the address from the pointer table
  456  00:A39A  8D D2 00      sta sound_ptr               ;put it into our pointer variable
  457  00:A39D  B9 1C A9      lda kArp+1, y   ;get the high byte of the address
  458  00:A3A0  8D D3 00      sta sound_ptr+1
  459                         
  460  00:A3A3            .read_arp:
  461  00:A3A3  BC C8 03      ldy stream_arp_index, x      ;our current position within the volume envelope.
  462  00:A3A6  B1 D2         lda [sound_ptr], y          ;grab the value.
  463  00:A3A8  C9 81         cmp #$81
  464  00:A3AA  D0 08         bne .set_arp                ;if not 80, set the volume
  465  00:A3AC  A9 00             LDA #$00
  466  00:A3AE  9D C8 03      STA stream_arp_index, x      ;else if 80, go back one to start
  467  00:A3B1  4C A3 A3      jmp .read_arp                ;  FF essentially tells us to repeat the last
  468                                                     ;  volume value for the remainder of the note
  469  00:A3B4            .set_arp:
  470  00:A3B4  8D 03 03      STA sound_temp2             ;save our new volume value (about to destroy A)
  471  00:A3B7  BD 5A 03          LDA stream_note_idx, x          ;note indexes are premultiplied, un mult for an easier add
  472  00:A3BA  4A                LSR A                           
  473  00:A3BB  18                CLC
  474  00:A3BC  6D 03 03          ADC sound_temp2
  475  00:A3BF  8D 03 03          STA sound_temp2
  476                             
  477                             
  478  00:A3C2  AC 02 03          LDY sound_temp1
  479  00:A3C5  8E 02 03          STX sound_temp1
  480  00:A3C8  0A                ASL A
  481  00:A3C9  AA                TAX 
  482                     
  483  00:A3CA  BD 8D A6          LDA note_table, x
  484  00:A3CD  99 08 03          STA soft_apu_ports+2, y
  485  00:A3D0  BD 8E A6          LDA note_table+1, x
  486  00:A3D3  99 09 03          STA soft_apu_ports+3, y
  487                             
  488  00:A3D6  AE 02 03          LDX sound_temp1
  489                             
  490  00:A3D9  FE C8 03      inc stream_arp_index, x      ;set our volume envelop index to the next position
  491                             
  492  00:A3DC  98                TYA
  493  00:A3DD  8D 02 03          STA sound_temp1
  494                     
  495  00:A3E0  60            rts 
  496                     ;--------------------------------------
  497                     ;
  498  00:A3E1            se_set_stream_pitch:
  499  00:A3E1  8C 02 03      sty sound_temp1             ;save our index into soft_apu_ports (we are about to destroy y)
  500                         
  501  00:A3E4  BD A0 03      lda stream_pe, x            ;which volume envelope?
  502  00:A3E7  0A            asl a                       ;multiply by 2 because we are indexing into a table of addresses (words)
  503  00:A3E8  A8            tay
  504  00:A3E9  B9 CE A8      lda kMod, y     ;get the low byte of the address from the pointer table
  505  00:A3EC  8D D2 00      sta sound_ptr               ;put it into our pointer variable
  506  00:A3EF  B9 CF A8      lda kMod+1, y   ;get the high byte of the address
  507  00:A3F2  8D D3 00      sta sound_ptr+1
  508                             
  509  00:A3F5  BD B8 03          LDA stream_pe_delay, x
  510                             ;;if not 0, decrement
  511                             ;AND #$7F                       ;check if, without minus flag, the delay is 0
  512  00:A3F8  F0 04             BEQ .read_pe
  513  00:A3FA  DE B8 03          DEC stream_pe_delay, x
  514  00:A3FD  60                RTS
  515                         
  516  00:A3FE            .read_pe:
  517  00:A3FE  BC A8 03      ldy stream_pe_index, x      ;our current position within the volume envelope.
  518  00:A401  B1 D2         lda [sound_ptr], y          ;grab the value.
  519  00:A403  C9 80         cmp #l_cLast
  520  00:A405  D0 06             BNE .notLoopLast
  521  00:A407  DE A8 03          dec stream_pe_index, x      ;else if loop last, go back one and read again
  522  00:A40A  4C FE A3          jmp .read_pe 
  523                     
  524  00:A40D            .notLoopLast:
  525  00:A40D  C9 81             cmp #l_cAll
  526  00:A40F  D0 08             BNE .notLoopAll
  527  00:A411  A9 00             LDA #$00
  528  00:A413  9D A8 03          STA stream_pe_index, x
  529  00:A416  4C FE A3          jmp .read_pe
  530                             
  531  00:A419            .notLoopAll:
  532  00:A419  C9 82             cmp #l_cPart
  533  00:A41B  D0 0D             BNE .notLoopPart
  534  00:A41D  C8                iny
  535  00:A41E  BD A8 03          lda stream_pe_index, x
  536  00:A421  38                SEC
  537  00:A422  F1 D2             SBC [sound_ptr], y
  538  00:A424  9D A8 03          STA stream_pe_index, x
  539  00:A427  4C FE A3          jmp .read_pe
  540                     
  541  00:A42A            .notLoopPart:
  542  00:A42A  C9 83             cmp #l_cHold
  543  00:A42C  D0 15             BNE .notLoopDelay
  544                             ;LDA stream_pe_delay, x
  545                             ;BMI .delayUsed ;negative, delay was already used this time
  546  00:A42E  C8                iny
  547  00:A42F  B1 D2             lda [sound_ptr], y
  548                             ;ORA #$80
  549  00:A431  9D B8 03          STA stream_pe_delay, x
  550  00:A434  FE A8 03          inc stream_pe_index, x
  551  00:A437  4C 80 A4          jmp .finish_pitchShift
  552  00:A43A            .delayUsed:
  553  00:A43A  FE A8 03          inc stream_pe_index, x
  554  00:A43D  FE A8 03          inc stream_pe_index, x
  555  00:A440  4C FE A3          jmp .read_pe
  556                             
  557  00:A443            .notLoopDelay:
  558  00:A443            .set_pitch:
  559                     
  560  00:A443  9D B0 03      sta stream_pe_offset, x      ;get current vol/duty settings
  561  00:A446  8D 03 03          STA sound_temp2
  562  00:A449  AC 02 03          LDY sound_temp1
  563  00:A44C  AD 03 03          LDA sound_temp2
  564  00:A44F  10 1D             BPL .add_pitch
  565                             
  566  00:A451            .sub_pitch:
  567                             
  568  00:A451  49 FF             EOR #$FF        ;flip bits
  569  00:A453  18                CLC
  570  00:A454  69 01             ADC #$01        ;add one - two's compliment
  571  00:A456  8D 03 03          STA sound_temp2
  572                             
  573  00:A459  B9 08 03          LDA soft_apu_ports+2, y       
  574  00:A45C  38                SEC
  575  00:A45D  ED 03 03          SBC sound_temp2
  576  00:A460  99 08 03          STA soft_apu_ports+2, y
  577  00:A463  B9 09 03          LDA soft_apu_ports+3, y
  578  00:A466  E9 00             SBC #$00
  579  00:A468  99 09 03          STA soft_apu_ports+3, y
  580                             
  581  00:A46B  4C 80 A4          JMP .finish_pitchShift
  582                     
  583  00:A46E            .add_pitch:
  584                     
  585  00:A46E  B9 08 03      LDA soft_apu_ports+2, y       
  586  00:A471  18                CLC
  587  00:A472  6D 03 03          ADC sound_temp2
  588  00:A475  99 08 03          STA soft_apu_ports+2, y
  589  00:A478  B9 09 03          LDA soft_apu_ports+3, y
  590  00:A47B  69 00             ADC #$00
  591  00:A47D  99 09 03          STA soft_apu_ports+3, y
  592                             
  593  00:A480            .finish_pitchShift:
  594  00:A480  FE A8 03      inc stream_pe_index, x      ;set our volume envelop index to the next position
  595                     
  596  00:A483            .rest_check:
  597                         ;check the rest flag. if set, overwrite volume with silence value 
  598  00:A483  BD 22 03      lda stream_status, x
  599  00:A486  29 02         and #%00000010
  600  00:A488  F0 05         beq .done                   ;if clear, no rest, so quit
  601                        
  602  00:A48A  A9 00         LDA #$00
  603  00:A48C  9D B0 03          STA stream_pe_offset, x
  604  00:A48F            .done:
  605  00:A48F  60            rts    
  606                     
  607                     ;--------------------------
  608                     ; se_set_apu copies the temporary RAM ports to the APU ports
  609  00:A490            se_set_apu:
  610  00:A490            .square1:
  611  00:A490  AD 06 03      lda soft_apu_ports+0
  612  00:A493  8D 00 40      sta $4000
  613  00:A496  AD 07 03      lda soft_apu_ports+1
  614  00:A499  8D 01 40      sta $4001
  615  00:A49C  AD 08 03      lda soft_apu_ports+2
  616  00:A49F  8D 02 40      sta $4002
  617  00:A4A2  AD 09 03      lda soft_apu_ports+3
  618  00:A4A5  CD 04 03      cmp sound_sq1_old       ;compare to last write
  619  00:A4A8  F0 06         beq .square2            ;don't write this frame if they were equal
  620  00:A4AA  8D 03 40      sta $4003
  621  00:A4AD  8D 04 03      sta sound_sq1_old       ;save the value we just wrote to $4003
  622  00:A4B0            .square2:
  623  00:A4B0  AD 0A 03      lda soft_apu_ports+4
  624  00:A4B3  8D 04 40      sta $4004
  625  00:A4B6  AD 0B 03      lda soft_apu_ports+5
  626  00:A4B9  8D 05 40      sta $4005
  627  00:A4BC  AD 0C 03      lda soft_apu_ports+6
  628  00:A4BF  8D 06 40      sta $4006
  629  00:A4C2  AD 0D 03      lda soft_apu_ports+7
  630  00:A4C5  CD 05 03      cmp sound_sq2_old
  631  00:A4C8  F0 06         beq .triangle
  632  00:A4CA  8D 07 40      sta $4007
  633  00:A4CD  8D 05 03      sta sound_sq2_old       ;save the value we just wrote to $4007
  634  00:A4D0            .triangle:
  635  00:A4D0  AD 0E 03      lda soft_apu_ports+8
  636  00:A4D3  8D 08 40      sta $4008
  637  00:A4D6  AD 10 03      lda soft_apu_ports+10   ;there is no $4009, so we skip it
  638  00:A4D9  8D 0A 40      sta $400A
  639  00:A4DC  AD 11 03      lda soft_apu_ports+11
  640  00:A4DF  8D 0B 40      sta $400B
  641  00:A4E2            .noise:
  642  00:A4E2  AD 12 03      lda soft_apu_ports+12
  643  00:A4E5  8D 0C 40      sta $400C
  644  00:A4E8  AD 14 03      lda soft_apu_ports+14   ;there is no $400D, so we skip it
  645  00:A4EB  8D 0E 40      sta $400E
  646  00:A4EE  AD 15 03      lda soft_apu_ports+15
  647  00:A4F1  8D 0F 40      sta $400F
  648  00:A4F4  60            rts
  649                         
  650                        
  651                     
#[3]   Source/External/SoundEngine/Tables/sound_SongTable.asm
  652                             .include "Source/External/SoundEngine/Tables/sound_SongTable.asm"    ;our opcode subroutines, jump table and aliases
    1                     ;this is our pointer table.  Each entry is a pointer to a song header                
    2  00:A4F5            song_headers:
    3                             
    4  00:A4F5  05 A5         .word song0_header
    5  00:A4F7  70 A9             .word BankSong
    6  00:A4F9  16 A5             .word menu_header
    7  00:A4FB  19 A5         .word drawImg_header  
    8  00:A4FD  1C A5             .word endScreen_header
    9  00:A4FF  B6 A5             .word menuCursor_header
   10  00:A501  C2 A5             .word puzzleCursor_header
   11  00:A503  CE A5             .word noiseBlip_header
   12                                     
#[4]   Source/Content/Sound/Music/silence.i
   13                         .include "Source/Content/Sound/Music/silence.i"  ;holds the data for song 0 (header and data streams)
    1                     ;silence song.  disables all streams
    2                     
    3  00:A505            song0_header:
    4  00:A505  08            .byte 8          ;6 streams
    5                         
    6  00:A506  00            .byte MUSIC_SQ1
    7  00:A507  00            .byte $00
    8                             
    9  00:A508  01                .byte MUSIC_SQ2
   10  00:A509  00                .byte $00
   11                             
   12  00:A50A  02                .byte MUSIC_TRI
   13  00:A50B  00                .byte $00
   14                             
   15  00:A50C  03                .byte MUSIC_NOI
   16  00:A50D  00                .byte $00
   17                             
   18  00:A50E  04                .byte SFX_1
   19  00:A50F  00                .byte $00
   20                             
   21  00:A510  05                .byte SFX_2
   22  00:A511  00                .byte $00
   23                             
   24  00:A512  06                .byte MUSIC_DPMC
   25  00:A513  00                .byte $00
   26                             
   27  00:A514  07                .byte SFX_DPMC
   28  00:A515  00                .byte $00
#[3]   Source/External/SoundEngine/Tables/sound_SongTable.asm
#[4]   Source/Content/Sound/Music/Menu.i
   14                             .include "Source/Content/Sound/Music/Menu.i"  ;holds the data for song 1
    1  00:A516            menu_header:
    2  00:A516  01            .byte $01           ;4 streams
    3                         
    4  00:A517  00            .byte MUSIC_SQ1     ;which stream
    5  00:A518  00            .byte $00           ;status byte (stream enabled)
#[3]   Source/External/SoundEngine/Tables/sound_SongTable.asm
#[4]   Source/Content/Sound/SFX/puzzleSolvedDrawImage.i
   15                         .include "Source/Content/Sound/SFX/puzzleSolvedDrawImage.i"  ;holds the data for song 1
    1  00:A519            drawImg_header:
    2  00:A519  01            .byte $01         ;1 streams
    3                         
    4  00:A51A  00            .byte MUSIC_SQ1     ;which stream
    5  00:A51B  00            .byte $00           ;status byte (stream enabled)
#[3]   Source/External/SoundEngine/Tables/sound_SongTable.asm
#[4]   Source/Content/Sound/Music/EndScreen.i
   16                             .include "Source/Content/Sound/Music/EndScreen.i"
    1  00:A51C            endScreen_header:
    2  00:A51C  05            .byte $05           ;5 streams
    3                         
    4  00:A51D  00            .byte MUSIC_SQ1     ;which stream
    5  00:A51E  01            .byte $01           ;status byte (stream enabled)
    6  00:A51F  00            .byte SQUARE_1      ;which channel
    7  00:A520  70            .byte $70           ;initial duty (01)
    8  00:A521  02            .byte ve_blip_echo  ;volume envelope
    9  00:A522  3F A5         .word endScreen_square1 ;pointer to stream
   10  00:A524  3A            .byte $3A           ;tempo
   11                         
   12  00:A525  01            .byte MUSIC_SQ2     ;which stream
   13  00:A526  01            .byte $01           ;status byte (stream enabled)
   14  00:A527  01            .byte SQUARE_2      ;which channel
   15  00:A528  B0            .byte $B0           ;initial duty (10)
   16  00:A529  02            .byte ve_blip_echo  ;volume envelope
   17  00:A52A  60 A5         .word endScreen_square2 ;pointer to stream
   18  00:A52C  3A            .byte $3A           ;tempo
   19                         
   20  00:A52D  02            .byte MUSIC_TRI     ;which stream
   21  00:A52E  01            .byte $01           ;status byte (stream enabled)
   22  00:A52F  02            .byte TRIANGLE      ;which channel
   23  00:A530  80            .byte $80           ;initial volume (on)
   24  00:A531  03            .byte ve_tgl_1      ;volume envelope
   25  00:A532  81 A5         .word endScreen_tri     ;pointer to stream
   26  00:A534  3A            .byte $3A           ;tempo
   27                         
   28  00:A535  03            .byte MUSIC_NOI     ;which stream
   29  00:A536  01            .byte $01           ;enabled
   30  00:A537  03            .byte NOISE     
   31  00:A538  30            .byte $30           ;initial duty_vol
   32  00:A539  0A            .byte ve_hiHat_decay ;volume envelope
   33  00:A53A  A8 A5         .word endScreen_noise   ;pointer to stream
   34  00:A53C  3A            .byte $3A           ;tempo
   35                             
   36  00:A53D  06                .byte MUSIC_DPMC
   37  00:A53E  00                .byte $00
   38                     
   39                         
   40  00:A53F            endScreen_square1:
   41                     
   42  00:A53F  83            .byte quarter
   43  00:A540  23                .byte Gs4
   44  00:A541  82                .byte eighth
   45  00:A542  23 21             .byte Gs4, Fs4
   46  00:A544  84 5E             .byte half, rest
   47  00:A546  83                .byte quarter
   48  00:A547  1F                .byte E4
   49  00:A548  82                .byte eighth
   50  00:A549  1F 21             .byte E4, Fs4
   51  00:A54B  84 5E             .byte half, rest
   52                             
   53  00:A54D  83                .byte quarter
   54  00:A54E  25                .byte As4
   55  00:A54F  82                .byte eighth
   56  00:A550  25 23             .byte As4, Gs4
   57  00:A552  84 5E             .byte half, rest
   58  00:A554  82                .byte eighth
   59  00:A555  21 23 21          .byte Fs4, Gs4, Fs4, F4
       00:A558  20        
   60  00:A559  10 17 20          .byte Cs3, Gs3, F4, Gs4
       00:A55C  23        
   61                             
   62                         
   63  00:A55D  A1            .byte loop                              ;infinite loop
   64  00:A55E  3F A5         .word endScreen_square1
   65                     
   66                         
   67  00:A560            endScreen_square2:
   68                     
   69  00:A560  82            .byte eighth
   70  00:A561  20 17 20          .byte F4, Gs3, F4, Ds4
       00:A564  1E        
   71  00:A565  84 5E             .byte half, rest
   72  00:A567  82                .byte eighth
   73  00:A568  1C 15 1C          .byte Cs4, Fs3, Cs4, Ds4
       00:A56B  1E        
   74  00:A56C  84 5E             .byte half, rest
   75                     
   76  00:A56E  82                .byte eighth
   77  00:A56F  28 21 28          .byte Cs5, Fs4, Cs5, B4
       00:A572  26        
   78  00:A573  84 5E             .byte half, rest
   79  00:A575  82                .byte eighth
   80  00:A576  24 26 24          .byte A4, B4, A4, Gs4
       00:A579  23        
   81  00:A57A  17 1E 23          .byte Gs3, Ds4, Gs4, C5
       00:A57D  27        
   82  00:A57E  A1            .byte loop
   83  00:A57F  60 A5         .word endScreen_square2
   84                         
   85  00:A581            endScreen_tri:
   86                     
   87  00:A581  83                .byte quarter
   88  00:A582  1C                .byte Cs4
   89  00:A583  82                .byte eighth
   90  00:A584  1C 1A 5E          .byte Cs4, B3, rest
   91  00:A587  0E 1A 0E          .byte B2, B3, B2
   92  00:A58A  83                .byte quarter
   93  00:A58B  18                .byte A3
   94  00:A58C  82                .byte eighth
   95  00:A58D  18 1A 5E          .byte A3, B3, rest
   96  00:A590  0E 1A 0E          .byte B2, B3, B2
   97                             
   98  00:A593  83                .byte quarter
   99  00:A594  1E                .byte Ds4
  100  00:A595  82                .byte eighth
  101  00:A596  1E 1C 5E          .byte Ds4, Cs4, rest
  102  00:A599  10 1C 10          .byte Cs3, Cs4, Cs3
  103  00:A59C  83                .byte quarter
  104  00:A59D  1A                .byte B3
  105  00:A59E  82                .byte eighth
  106  00:A59F  1A 1C 5E          .byte B3, Cs4, rest
  107  00:A5A2  10 1C 10          .byte Cs3, Cs4, Cs3
  108                             
  109  00:A5A5  A1                .byte loop
  110  00:A5A6  81 A5         .word endScreen_tri
  111                         
  112  00:A5A8            endScreen_noise:
  113                     
  114  00:A5A8  82 04 04      .byte eighth, $04, $04
  115  00:A5AB  A2 09             .byte volume_envelope, ve_drum_decay 
  116  00:A5AD  82 04         .byte eighth, $04
  117  00:A5AF  A2 0A             .byte volume_envelope, ve_hiHat_decay
  118  00:A5B1  82 04             .byte eighth, $04
  119                     
  120  00:A5B3  A1            .byte loop
  121  00:A5B4  A8 A5         .word endScreen_noise
#[3]   Source/External/SoundEngine/Tables/sound_SongTable.asm
#[4]   Source/Content/Sound/SFX/menuCursor.i
   17                             .include "Source/Content/Sound/SFX/menuCursor.i"  ;holds the data for song 1
    1  00:A5B6            menuCursor_header:
    2  00:A5B6  01            .byte $01           ;1 stream
    3                         
    4  00:A5B7  04            .byte SFX_1         ;which stream
    5  00:A5B8  01            .byte $01           ;status byte (stream enabled)
    6  00:A5B9  01            .byte SQUARE_2      ;which channel
    7  00:A5BA  70            .byte $70           ;duty (01)
    8  00:A5BB  0A            .byte ve_hiHat_decay  ;volume envelope
    9  00:A5BC  BF A5         .word menuCursor_square2 ;pointer to stream
   10  00:A5BE  80            .byte $80           ;tempo
   11                         
   12                         
   13  00:A5BF            menuCursor_square2:
   14  00:A5BF  81 33         .byte sixteenth, C6
   15  00:A5C1  A0            .byte endsound
#[3]   Source/External/SoundEngine/Tables/sound_SongTable.asm
#[4]   Source/Content/Sound/SFX/puzzleCursor.i
   18                             .include "Source/Content/Sound/SFX/puzzleCursor.i"  ;holds the data for song 1
    1  00:A5C2            puzzleCursor_header:
    2  00:A5C2  01            .byte $01           ;1 stream
    3                         
    4  00:A5C3  05            .byte SFX_2         ;which stream
    5  00:A5C4  01            .byte $01           ;status byte (stream enabled)
    6  00:A5C5  02            .byte TRIANGLE      ;which channel
    7  00:A5C6  80            .byte $80           ;on
    8  00:A5C7  0A            .byte ve_hiHat_decay  ;volume envelope
    9  00:A5C8  CB A5         .word puzzleCursor_square2 ;pointer to stream
   10  00:A5CA  80            .byte $80           ;tempo
   11                         
   12                         
   13  00:A5CB            puzzleCursor_square2:
   14  00:A5CB  81 33         .byte sixteenth, C6
   15  00:A5CD  A0            .byte endsound
#[3]   Source/External/SoundEngine/Tables/sound_SongTable.asm
#[4]   Source/Content/Sound/SFX/noiseBlip.i
   19                             .include "Source/Content/Sound/SFX/noiseBlip.i" 
    1  00:A5CE            noiseBlip_header:
    2  00:A5CE  01            .byte $01           ;1 stream
    3                         
    4  00:A5CF  05                .byte SFX_2     ;which stream
    5  00:A5D0  01            .byte $01           ;enabled
    6  00:A5D1  03            .byte NOISE     
    7  00:A5D2  30            .byte $30           ;initial duty_vol
    8  00:A5D3  0C            .byte ve_tinyDecy ;volume envelope
    9  00:A5D4  D7 A5         .word noiseBlip_noise   ;pointer to stream
   10  00:A5D6  80            .byte $80           ;tempo
   11                         
   12  00:A5D7            noiseBlip_noise:
   13  00:A5D7  81 04         .byte sixteenth, $04
   14  00:A5D9  A0            .byte endsound
#[3]   Source/External/SoundEngine/Tables/sound_SongTable.asm
#[2]   Source/External/SoundEngine/Source/sound_Engine.asm
  653                         
#[3]   Source/External/SoundEngine/Source/sound_opcodes.asm
  654                         .include "Source/External/SoundEngine/Source/sound_opcodes.asm"    ;our opcode subroutines, jump table and aliases
    1                     ;these are aliases to use in the sound data.
    2           00A0      endsound = $A0
    3           00A1      loop = $A1
    4           00A2      volume_envelope = $A2
    5           00A3      duty = $A3
    6           00A4      set_loop1_counter = $A4
    7           00A5      loop1 = $A5
    8           00A6      set_note_offset = $A6
    9           00A7      adjust_note_offset = $A7
   10           00A8      transpose = $A8
   11           00A9      pitch_envelope = $A9
   12           00AA      arpeggio = $AA
   13                     
   14                     ;-----------------------------------------------------------------------
   15                     ;this is our JUMP TABLE!
   16  00:A5DA            sound_opcodes:
   17  00:A5DA  F0 A5         .word se_op_endsound            ;$A0
   18  00:A5DC  09 A6         .word se_op_infinite_loop       ;$A1
   19  00:A5DE  20 A6         .word se_op_change_ve           ;$A2
   20  00:A5E0  2B A6         .word se_op_duty                ;$A3
   21  00:A5E2  31 A6         .word se_op_set_loop1_counter   ;$A4
   22  00:A5E4  37 A6         .word se_op_loop1               ;$A5
   23  00:A5E6  44 A6         .word se_op_set_note_offset     ;$A6
   24  00:A5E8  4A A6         .word se_op_adjust_note_offset  ;$A7
   25  00:A5EA  54 A6         .word se_op_transpose           ;$A8
   26  00:A5EC  74 A6             .word se_op_change_pe                   ;$A9
   27  00:A5EE  82 A6             .word se_op_change_arp
   28                         ;etc, 1 entry per subroutine
   29                     
   30                         
   31                     ;-----------------------------------------------------------------
   32                     ; these are the actual opcode subroutines
   33  00:A5F0            se_op_endsound:
   34  00:A5F0  BD 22 03      lda stream_status, x    ;end of stream, so disable it and silence
   35  00:A5F3  29 FE         and #%11111110
   36  00:A5F5  9D 22 03      sta stream_status, x    ;clear enable flag in status byte
   37                         
   38  00:A5F8  BD 2A 03      lda stream_channel, x
   39  00:A5FB  C9 02         cmp #TRIANGLE
   40  00:A5FD  F0 04         beq .silence_tri        ;triangle is silenced differently from squares and noise
   41  00:A5FF  A9 30         lda #$30                ;squares and noise silenced with #$30
   42  00:A601  D0 02         bne .silence            ; (this will always branch.  bne is cheaper than a jmp)
   43  00:A603            .silence_tri:
   44  00:A603  A9 80         lda #$80                ;triangle silenced with #$80
   45  00:A605            .silence:
   46  00:A605  9D 52 03      sta stream_vol_duty, x  ;store silence value in the stream's volume variable.
   47                     
   48  00:A608  60            rts
   49                         
   50  00:A609            se_op_infinite_loop:
   51  00:A609  B1 D2         lda [sound_ptr], y      ;read ptr LO from the data stream
   52  00:A60B  9D 32 03      sta stream_ptr_LO, x    ;update our data stream position
   53  00:A60E  C8            iny
   54  00:A60F  B1 D2         lda [sound_ptr], y      ;read ptr HI from the data stream
   55  00:A611  9D 3A 03      sta stream_ptr_HI, x    ;update our data stream position
   56                         
   57  00:A614  8D D3 00      sta sound_ptr+1         ;update the pointer to reflect the new position.
   58  00:A617  BD 32 03      lda stream_ptr_LO, x
   59  00:A61A  8D D2 00      sta sound_ptr
   60  00:A61D  A0 FF         ldy #$FF                ;after opcodes return, we do an iny.  Since we reset  
   61                                                 ;the stream buffer position, we will want y to start out at 0 again.
   62  00:A61F  60            rts
   63                         
   64  00:A620            se_op_change_ve:
   65  00:A620  B1 D2         lda [sound_ptr], y      ;read the argument
   66  00:A622  9D 42 03      sta stream_ve, x        ;store it in our volume envelope variable
   67  00:A625  A9 00         lda #$00
   68  00:A627  9D 4A 03      sta stream_ve_index, x  ;reset volume envelope index to the beginning
   69  00:A62A  60            rts
   70                         
   71  00:A62B            se_op_duty:
   72  00:A62B  B1 D2         lda [sound_ptr], y
   73  00:A62D  9D 52 03      sta stream_vol_duty, x
   74  00:A630  60            rts
   75                         
   76  00:A631            se_op_set_loop1_counter:
   77  00:A631  B1 D2         lda [sound_ptr], y      ;read the argument (# times to loop)
   78  00:A633  9D 92 03      sta stream_loop1, x     ;store it in the loop counter variable
   79  00:A636  60            rts
   80                         
   81  00:A637            se_op_loop1:
   82  00:A637  DE 92 03      dec stream_loop1, x     ;decrement the counter
   83  00:A63A  BD 92 03      lda stream_loop1, x
   84  00:A63D  F0 03         beq .last_iteration     ;if zero, we are done looping
   85  00:A63F  4C 09 A6      jmp se_op_infinite_loop ;if not zero, jump back
   86  00:A642            .last_iteration:
   87  00:A642  C8            iny                     ;skip the first byte of the address argument
   88                                                 ; the second byte will be skipped automatically upon return
   89                                                 ; (see se_fetch_byte after "jsr se_opcode_launcher")
   90  00:A643  60            rts
   91                         
   92  00:A644            se_op_set_note_offset:
   93  00:A644  B1 D2         lda [sound_ptr], y          ;read the argument
   94  00:A646  9D 9A 03      sta stream_note_offset, x      ;set the note offset.
   95  00:A649  60            rts
   96                         
   97  00:A64A            se_op_adjust_note_offset:
   98  00:A64A  B1 D2         lda [sound_ptr], y          ;read the argument (what value to add)
   99  00:A64C  18            clc
  100  00:A64D  7D 9A 03      adc stream_note_offset, x   ;add it to the current offset
  101  00:A650  9D 9A 03      sta stream_note_offset, x   ;and save.
  102  00:A653  60            rts
  103                         
  104  00:A654            se_op_transpose:
  105  00:A654  B1 D2         lda [sound_ptr], y          ;read low byte of the pointer to our lookup table
  106  00:A656  8D D4 00      sta sound_ptr2              ;store it in a new pointer variable
  107  00:A659  C8            iny
  108  00:A65A  B1 D2         lda [sound_ptr], y          ;read high byte of pointer to table
  109  00:A65C  8D D5 00      sta sound_ptr2+1
  110                         
  111  00:A65F  8C 02 03      sty sound_temp1             ;save y because we are about to destroy it
  112  00:A662  BD 92 03      lda stream_loop1, x         ;get loop counter, put it in Y
  113  00:A665  A8            tay                         ;   this will be our index into the lookup table
  114  00:A666  88            dey                         ;subtract 1 because indexes start from 0.
  115                         
  116  00:A667  B1 D4         lda [sound_ptr2], y         ;read a value from the table.
  117  00:A669  18            clc
  118  00:A66A  7D 9A 03      adc stream_note_offset, x   ;add it to the note offset
  119  00:A66D  9D 9A 03      sta stream_note_offset, x
  120                         
  121  00:A670  AC 02 03      ldy sound_temp1             ;restore Y
  122  00:A673  60            rts
  123                             
  124  00:A674            se_op_change_pe:
  125  00:A674  B1 D2         lda [sound_ptr], y      ;read the argument
  126  00:A676  9D A0 03      sta stream_pe, x        ;store it in our volume envelope variable
  127  00:A679  A9 00         lda #$00
  128  00:A67B  9D A8 03      sta stream_pe_index, x  ;reset volume envelope index to the beginning
  129  00:A67E  9D B8 03          sta stream_pe_delay, x
  130  00:A681  60            rts
  131                             
  132  00:A682            se_op_change_arp:
  133  00:A682  B1 D2             lda [sound_ptr], y
  134  00:A684  9D C0 03          sta stream_arp, x
  135  00:A687  A9 00             lda #$00
  136  00:A689  9D C8 03          sta stream_arp_index, x
  137  00:A68C  60                rts
#[2]   Source/External/SoundEngine/Source/sound_Engine.asm
#[3]   Source/External/SoundEngine/Tables/note_table.i
  655                         .include "Source/External/SoundEngine/Tables/note_table.i" ;period lookup table for notes
    1                     ;NTSC Period Lookup Table.  Thanks Celius!
    2                     ;http://www.freewebs.com/the_bott/NotesTableNTSC.txt
    3  00:A68D            note_table:
    4  00:A68D  F1 07         .word                                                                $07F1, $0780, $0713 ; A1-B1 ($00-$02)
       00:A68F  80 07     
       00:A691  13 07     
    5  00:A693  AD 06         .word $06AD, $064D, $05F3, $059D, $054D, $0500, $04B8, $0475, $0435, $03F8, $03BF, $0389 ; C2-B2 ($03-$0E)
       00:A695  4D 06     
       00:A697  F3 05     
       00:A699  9D 05     
       00:A69B  4D 05     
       00:A69D  00 05     
       00:A69F  B8 04     
       00:A6A1  75 04     
       00:A6A3  35 04     
       00:A6A5  F8 03     
       00:A6A7  BF 03     
       00:A6A9  89 03     
    6  00:A6AB  56 03         .word $0356, $0326, $02F9, $02CE, $02A6, $027F, $025C, $023A, $021A, $01FB, $01DF, $01C4 ; C3-B3 ($0F-$1A)
       00:A6AD  26 03     
       00:A6AF  F9 02     
       00:A6B1  CE 02     
       00:A6B3  A6 02     
       00:A6B5  7F 02     
       00:A6B7  5C 02     
       00:A6B9  3A 02     
       00:A6BB  1A 02     
       00:A6BD  FB 01     
       00:A6BF  DF 01     
       00:A6C1  C4 01     
    7  00:A6C3  AB 01         .word $01AB, $0193, $017C, $0167, $0151, $013F, $012D, $011C, $010C, $00FD, $00EF, $00E2 ; C4-B4 ($1B-$26)
       00:A6C5  93 01     
       00:A6C7  7C 01     
       00:A6C9  67 01     
       00:A6CB  51 01     
       00:A6CD  3F 01     
       00:A6CF  2D 01     
       00:A6D1  1C 01     
       00:A6D3  0C 01     
       00:A6D5  FD 00     
       00:A6D7  EF 00     
       00:A6D9  E2 00     
    8  00:A6DB  D2 00         .word $00D2, $00C9, $00BD, $00B3, $00A9, $009F, $0096, $008E, $0086, $007E, $0077, $0070 ; C5-B5 ($27-$32)
       00:A6DD  C9 00     
       00:A6DF  BD 00     
       00:A6E1  B3 00     
       00:A6E3  A9 00     
       00:A6E5  9F 00     
       00:A6E7  96 00     
       00:A6E9  8E 00     
       00:A6EB  86 00     
       00:A6ED  7E 00     
       00:A6EF  77 00     
       00:A6F1  70 00     
    9  00:A6F3  6A 00         .word $006A, $0064, $005E, $0059, $0054, $004F, $004B, $0046, $0042, $003F, $003B, $0038 ; C6-B6 ($33-$3E)
       00:A6F5  64 00     
       00:A6F7  5E 00     
       00:A6F9  59 00     
       00:A6FB  54 00     
       00:A6FD  4F 00     
       00:A6FF  4B 00     
       00:A701  46 00     
       00:A703  42 00     
       00:A705  3F 00     
       00:A707  3B 00     
       00:A709  38 00     
   10  00:A70B  34 00         .word $0034, $0031, $002F, $002C, $0029, $0027, $0025, $0023, $0021, $001F, $001D, $001B ; C7-B7 ($3F-$4A)
       00:A70D  31 00     
       00:A70F  2F 00     
       00:A711  2C 00     
       00:A713  29 00     
       00:A715  27 00     
       00:A717  25 00     
       00:A719  23 00     
       00:A71B  21 00     
       00:A71D  1F 00     
       00:A71F  1D 00     
       00:A721  1B 00     
   11  00:A723  1A 00         .word $001A, $0018, $0017, $0015, $0014, $0013, $0012, $0011, $0010, $000F, $000E, $000D ; C8-B8 ($4B-$56)
       00:A725  18 00     
       00:A727  17 00     
       00:A729  15 00     
       00:A72B  14 00     
       00:A72D  13 00     
       00:A72F  12 00     
       00:A731  11 00     
       00:A733  10 00     
       00:A735  0F 00     
       00:A737  0E 00     
       00:A739  0D 00     
   12  00:A73B  0C 00         .word $000C, $000C, $000B, $000A, $000A, $0009, $0008                                    ; C9-F#9 ($57-$5D)
       00:A73D  0C 00     
       00:A73F  0B 00     
       00:A741  0A 00     
       00:A743  0A 00     
       00:A745  09 00     
       00:A747  08 00     
   13  00:A749  00 00         .word $0000 ;rest
   14                     
#[2]   Source/External/SoundEngine/Source/sound_Engine.asm
#[3]   Source/External/SoundEngine/Tables/sound_EffectTables.asm
  656                             .include "Source/External/SoundEngine/Tables/sound_EffectTables.asm"
    1                     
#[4]   Source/External/SoundEngine/Tables/note_length_table.i
    2                         .include "Source/External/SoundEngine/Tables/note_length_table.i"
    1                     ;note length constants (aliases)
    2           0080      thirtysecond = $80
    3           0081      sixteenth = $81
    4           0082      eighth = $82
    5           0083      quarter = $83
    6           0084      half = $84
    7           0085      whole = $85
    8           0086      d_sixteenth = $86
    9           0087      d_eighth = $87
   10           0088      d_quarter = $88
   11           0089      d_half = $89
   12           008A      d_whole = $8A   ;don't forget we are counting in hex
   13           008B      t_quarter = $8B
   14           008C      five_eighths =$8C
   15           008D      five_sixteenths=$8D
   16           008E      d_half_d_eight = $8E
   17           008F      whole_quarter_sixteenth = $8F
   18           0090      d_half_eighth = $90
   19           0091      whole_sixteenth = $91
   20           0087      quarterSwing = $87
   21           0088      halfSwing = $88
   22           0089      wholeSwing = $89
   23           0086      eighthSwing = $86
   24           0081      swingDown = $81
   25           0080      swingUp = $80
   26           0092      five_thirtyseconds = $92
   27                     
   28           0093      d_halfSwing_p1 = $93
   29           0094      halfSwing_p1 = $94
   30           0095      halfSwing_p3 = $95
   31           0096      halfSwing_m1 = $96
   32           0097      wholeSwing_p1 = $97
   33           0098      quarterSwing_p1 = $98
   34           0099      d_quarterSwing = $99
   35           009A      d_halfSwing = $9A
   36           009B      wholeSwing_m1 = $9B
   37                     
   38                     
   39  00:A74B            note_length_table:
   40  00:A74B  01            .byte $01   ;32nd note
   41  00:A74C  02            .byte $02   ;16th note
   42  00:A74D  04            .byte $04   ;8th note
   43  00:A74E  08            .byte $08   ;quarter note
   44  00:A74F  10            .byte $10   ;half note
   45  00:A750  20            .byte $20   ;whole note
   46                                   ;---dotted notes
   47  00:A751  03            .byte $03   ;dotted 16th note
   48  00:A752  06            .byte $06   ;dotted 8th note
   49  00:A753  0C            .byte $0C   ;dotted quarter note
   50  00:A754  18            .byte $18   ;dotted half note
   51  00:A755  30            .byte $30   ;dotted whole note?
   52                                   ;---other
   53  00:A756  07            .byte $07   ;modified quarter to fit after d_sixteenth triplets
   54  00:A757  14            .byte $14   ;2 quarters plus an 8th
   55  00:A758  0A            .byte $0A   
   56  00:A759  1E                .byte $1E       ;dotted half + dotted eighth
   57  00:A75A  2A                .byte $2A
   58  00:A75B  1C                .byte $1C
   59  00:A75C  22                .byte $22
   60  00:A75D  05                .byte $05
   61  00:A75E  13                .byte $13       ;dotted half swing with pick up swing
   62  00:A75F  0D                .byte $0D       ;half swing with pick up swig
   63  00:A760  0F                .byte $0F       ;half swing with extra d_sixteenth
   64  00:A761  0B                .byte $0B       ;half swing minus one sixteenth
   65  00:A762  19                .byte $19       ;whole swing with pick up swing
   66  00:A763  07                .byte $07       ;quarter swing with pick up sixteenth
   67  00:A764  09                .byte $09       ;dotted quarter swing
   68  00:A765  12                .byte $12       ;dotted half swing
   69  00:A766  17                .byte $17       ;whole swing minus one ts
#[3]   Source/External/SoundEngine/Tables/sound_EffectTables.asm
#[4]   Source/External/SoundEngine/Tables/FX/kVol.asm
    3                         .include "Source/External/SoundEngine/Tables/FX/kVol.asm"
    1  00:A767            kVol:
    2  00:A767  87 A7         .word se_ve_short_staccato
    3  00:A769  8F A7         .word se_ve_fade_in
    4  00:A76B  A6 A7         .word se_ve_blip_echo
    5  00:A76D  C9 A7         .word se_ve_tgl_1
    6  00:A76F  D1 A7         .word se_ve_tgl_2
    7  00:A771  DC A7         .word se_ve_battlekid_1
    8  00:A773  E2 A7         .word se_ve_battlekid_1b
    9  00:A775  E8 A7         .word se_ve_battlekid_2
   10  00:A777  EE A7         .word se_ve_battlekid_2b
   11  00:A779  F4 A7         .word se_ve_drum_decay
   12  00:A77B  FE A7         .word se_ve_hiHat_decay
   13  00:A77D  03 A8         .word se_ve_long_decay
   14  00:A77F  36 A8         .word se_ve_tinyDecy
   15  00:A781  39 A8         .word se_ve_noDecay
   16  00:A783  3B A8         .word se_ve_long_tremelo
   17  00:A785  6B A8         .word se_ve_veryLong_decay
   18                     
   19  00:A787            se_ve_short_staccato:
   20  00:A787  0F 0E 0D      .byte $0F, $0E, $0D, $0C, $09, $05, $00, $FF
       00:A78A  0C 09 05  
       00:A78D  00 FF     
   21                     
   22  00:A78F            se_ve_fade_in:
   23  00:A78F  01 01 02      .byte $01, $01, $02, $02, $03, $03, $04, $04, $07, $07, $08, $08, $0A, $0A, $0C, $0C
       00:A792  02 03 03  
       00:A795  04 04 07  
       00:A798  07 08 08  
       00:A79B  0A 0A 0C  
       00:A79E  0C        
   24  00:A79F  0D 0D 0E      .byte $0D, $0D, $0E, $0E, $0F, $0F, $FF
       00:A7A2  0E 0F 0F  
       00:A7A5  FF        
   25                     
   26  00:A7A6            se_ve_blip_echo:
   27  00:A7A6  0D 0D 0D      .byte $0D, $0D, $0D, $0C, $0B, $00, $00, $00, $00, $00, $00, $00, $00, $00, $06, $06
       00:A7A9  0C 0B 00  
       00:A7AC  00 00 00  
       00:A7AF  00 00 00  
       00:A7B2  00 00 06  
       00:A7B5  06        
   28  00:A7B6  06 05 04      .byte $06, $05, $04, $00, $00, $00, $00, $00, $00, $00, $00, $00, $03, $03, $03, $02
       00:A7B9  00 00 00  
       00:A7BC  00 00 00  
       00:A7BF  00 00 00  
       00:A7C2  03 03 03  
       00:A7C5  02        
   29  00:A7C6  01 00 FF      .byte $01, $00, $FF
   30                     
   31  00:A7C9            se_ve_tgl_1:
   32  00:A7C9  0F 0B 09      .byte $0F, $0B, $09, $08, $07, $06, $00, $FF
       00:A7CC  08 07 06  
       00:A7CF  00 FF     
   33                     
   34  00:A7D1            se_ve_tgl_2:
   35  00:A7D1  0B 0B 0A      .byte $0B, $0B, $0A, $09, $08, $07, $06, $06, $06, $05, $FF
       00:A7D4  09 08 07  
       00:A7D7  06 06 06  
       00:A7DA  05 FF     
   36                     
   37  00:A7DC            se_ve_battlekid_1:
   38  00:A7DC  0F 0E 0C      .byte $0F, $0E, $0C, $0A, $00, $FF
       00:A7DF  0A 00 FF  
   39                     
   40  00:A7E2            se_ve_battlekid_1b:
   41  00:A7E2  0F 0E 0C      .byte $0F, $0E, $0C, $0A, $09, $FF
       00:A7E5  0A 09 FF  
   42                     
   43  00:A7E8            se_ve_battlekid_2:
   44  00:A7E8  09 08 06      .byte $09, $08, $06, $04, $00, $FF
       00:A7EB  04 00 FF  
   45                     
   46  00:A7EE            se_ve_battlekid_2b:
   47  00:A7EE  09 08 06      .byte $09, $08, $06, $04, $03, $FF
       00:A7F1  04 03 FF  
   48                     
   49  00:A7F4            se_ve_drum_decay:
   50  00:A7F4  0E 09 08      .byte $0E, $09, $08, $06, $04, $03, $02, $01, $00, $FF
       00:A7F7  06 04 03  
       00:A7FA  02 01 00  
       00:A7FD  FF        
   51                     
   52  00:A7FE            se_ve_hiHat_decay:
   53  00:A7FE  0E 06 02      .byte $0E, $06, $02, $00, $FF
       00:A801  00 FF     
   54                     
   55  00:A803            se_ve_long_decay:
   56  00:A803  0E 0F 0F      .byte $0E, $0F, $0F, $0F, $0E, $0E, $0E, $0D, $0D, $0D, $0C, $0C, $0C, $0B, $0B, $0B
       00:A806  0F 0E 0E  
       00:A809  0E 0D 0D  
       00:A80C  0D 0C 0C  
       00:A80F  0C 0B 0B  
       00:A812  0B        
   57  00:A813  0A 0A 0A      .byte $0A, $0A, $0A, $0A, $0A, $0A, $09, $09, $09, $08, $08, $08, $07, $07, $07, $06
       00:A816  0A 0A 0A  
       00:A819  09 09 09  
       00:A81C  08 08 08  
       00:A81F  07 07 07  
       00:A822  06        
   58  00:A823  06 06 05      .byte $06, $06, $05, $05, $05, $04, $04, $04, $03, $03, $03, $02, $02, $02, $01, $01
       00:A826  05 05 04  
       00:A829  04 04 03  
       00:A82C  03 03 02  
       00:A82F  02 02 01  
       00:A832  01        
   59  00:A833  01 00 FF      .byte $01, $00, $FF
   60                     
   61  00:A836            se_ve_tinyDecy:
   62  00:A836  0F 00 FF      .byte $0F, $00, $FF
   63                     
   64  00:A839            se_ve_noDecay:
   65  00:A839  0F FF         .byte $0F, $FF
   66                     
   67  00:A83B            se_ve_long_tremelo:
   68  00:A83B  0E 0F 0F      .byte $0E, $0F, $0F, $0F, $09, $09, $09, $0E, $0E, $0E, $08, $08, $08, $0D, $0D, $0D
       00:A83E  0F 09 09  
       00:A841  09 0E 0E  
       00:A844  0E 08 08  
       00:A847  08 0D 0D  
       00:A84A  0D        
   69  00:A84B  07 07 07      .byte $07, $07, $07, $0C, $0C, $0C, $06, $06, $06, $0B, $0B, $0B, $05, $05, $05, $0A
       00:A84E  0C 0C 0C  
       00:A851  06 06 06  
       00:A854  0B 0B 0B  
       00:A857  05 05 05  
       00:A85A  0A        
   70  00:A85B  0A 0A 04      .byte $0A, $0A, $04, $04, $04, $09, $09, $09, $03, $03, $03, $08, $08, $08, $00, $FF
       00:A85E  04 04 09  
       00:A861  09 09 03  
       00:A864  03 03 08  
       00:A867  08 08 00  
       00:A86A  FF        
   71                     
   72                     
   73  00:A86B            se_ve_veryLong_decay:
   74  00:A86B  08 09 0A      .byte $08, $09, $0A, $0B, $0C, $0D, $0E, $0F, $0F, $0F, $0F, $0F, $0F, $0E, $0E, $0E
       00:A86E  0B 0C 0D  
       00:A871  0E 0F 0F  
       00:A874  0F 0F 0F  
       00:A877  0F 0E 0E  
       00:A87A  0E        
   75  00:A87B  0E 0E 0E      .byte $0E, $0E, $0E, $0D, $0D, $0D, $0D, $0D, $0D, $0C, $0C, $0C, $0C, $0C, $0C, $0B
       00:A87E  0D 0D 0D  
       00:A881  0D 0D 0D  
       00:A884  0C 0C 0C  
       00:A887  0C 0C 0C  
       00:A88A  0B        
   76  00:A88B  0B 0B 0B      .byte $0B, $0B, $0B, $0B, $0B, $0A, $0A, $0A, $0A, $0A, $0A, $09, $09, $09, $09, $09
       00:A88E  0B 0B 0A  
       00:A891  0A 0A 0A  
       00:A894  0A 0A 09  
       00:A897  09 09 09  
       00:A89A  09        
   77  00:A89B  09 08 08      .byte $09, $08, $08, $08, $08, $08, $08, $07, $07, $07, $07, $07, $07, $06, $06, $06
       00:A89E  08 08 08  
       00:A8A1  08 07 07  
       00:A8A4  07 07 07  
       00:A8A7  07 06 06  
       00:A8AA  06        
   78  00:A8AB  06 06 06      .byte $06, $06, $06, $05, $05, $05, $05, $05, $05, $04, $04, $04, $04, $04, $04, $03
       00:A8AE  05 05 05  
       00:A8B1  05 05 05  
       00:A8B4  04 04 04  
       00:A8B7  04 04 04  
       00:A8BA  03        
   79  00:A8BB  03 03 03      .byte $03, $03, $03, $03, $03, $02, $02, $02, $02, $02, $02, $01, $01, $01, $01, $01
       00:A8BE  03 03 02  
       00:A8C1  02 02 02  
       00:A8C4  02 02 01  
       00:A8C7  01 01 01  
       00:A8CA  01        
   80  00:A8CB  01 00 FF      .byte $01, $00, $FF
   81                     
   82                     
   83                     
#[3]   Source/External/SoundEngine/Tables/sound_EffectTables.asm
#[4]   Source/External/SoundEngine/Tables/FX/kMod.asm
    4                             .include "Source/External/SoundEngine/Tables/FX/kMod.asm"
    1  00:A8CE            kMod:
    2  00:A8CE  D6 A8         .word se_me_none
    3  00:A8D0  D8 A8         .word se_me_mod
    4  00:A8D2  F5 A8         .word se_me_sweep
    5  00:A8D4  0B A9         .word se_me_bassKick
    6                     
    7  00:A8D6            se_me_none:
    8  00:A8D6  00 81         .byte $00, $81
    9                     
   10  00:A8D8            se_me_mod:
   11  00:A8D8  00 00 00      .byte $00, $00, $00, $00, $00, $00, $00, $00, $00, $00, $00, $00, $00, $FE, $FE, $FC
       00:A8DB  00 00 00  
       00:A8DE  00 00 00  
       00:A8E1  00 00 00  
       00:A8E4  00 FE FE  
       00:A8E7  FC        
   12  00:A8E8  FC FE FE      .byte $FC, $FE, $FE, $00, $00, $02, $02, $04, $04, $02, $02, $82, $10
       00:A8EB  00 00 02  
       00:A8EE  02 04 04  
       00:A8F1  02 02 82  
       00:A8F4  10        
   13                     
   14  00:A8F5            se_me_sweep:
   15  00:A8F5  10 0C 08      .byte $10, $0C, $08, $04, $00, $00, $FE, $FE, $FC, $FC, $FE, $FE, $00, $00, $02, $02
       00:A8F8  04 00 00  
       00:A8FB  FE FE FC  
       00:A8FE  FC FE FE  
       00:A901  00 00 02  
       00:A904  02        
   16  00:A905  04 04 02      .byte $04, $04, $02, $02, $82, $10
       00:A908  02 82 10  
   17                     
   18  00:A90B            se_me_bassKick:
   19  00:A90B  90 A0 B0      .byte $90, $A0, $B0, $C0, $D0, $E0, $F0, $00, $10, $20, $30, $40, $50, $60, $70, $80
       00:A90E  C0 D0 E0  
       00:A911  F0 00 10  
       00:A914  20 30 40  
       00:A917  50 60 70  
       00:A91A  80        
   20                     
   21                     
   22                     
   23                     
#[3]   Source/External/SoundEngine/Tables/sound_EffectTables.asm
#[4]   Source/External/SoundEngine/Tables/FX/kArp.asm
    5                             .include "Source/External/SoundEngine/Tables/FX/kArp.asm"
    1  00:A91B            kArp:
    2  00:A91B  35 A9         .word se_arp_none
    3  00:A91D  37 A9         .word se_arp_lowerThird
    4  00:A91F  3C A9         .word se_arp_dimTriad
    5  00:A921  40 A9         .word se_arp_minInvn1
    6  00:A923  44 A9         .word se_arp_sharp5
    7  00:A925  48 A9         .word se_arp_maj7
    8  00:A927  4D A9         .word se_arp_min7
    9  00:A929  52 A9         .word se_arp_minFlat6
   10  00:A92B  57 A9         .word se_arp_spread5thlowerThird
   11  00:A92D  5C A9         .word se_arp_min7Invn1
   12  00:A92F  61 A9         .word se_arp_dom7Invn2
   13  00:A931  66 A9         .word se_arp_dim7
   14  00:A933  6B A9         .word se_arp_majPlusOct
   15                     
   16  00:A935            se_arp_none:
   17  00:A935  00 81         .byte $00, $81
   18                     
   19  00:A937            se_arp_lowerThird:
   20  00:A937  00 00 F8      .byte $00, $00, $F8, $F8, $81
       00:A93A  F8 81     
   21                     
   22  00:A93C            se_arp_dimTriad:
   23  00:A93C  00 03 06      .byte $00, $03, $06, $81
       00:A93F  81        
   24                     
   25  00:A940            se_arp_minInvn1:
   26  00:A940  FB 00 03      .byte $FB, $00, $03, $81
       00:A943  81        
   27                     
   28  00:A944            se_arp_sharp5:
   29  00:A944  00 04 08      .byte $00, $04, $08, $81
       00:A947  81        
   30                     
   31  00:A948            se_arp_maj7:
   32  00:A948  00 04 07      .byte $00, $04, $07, $0B, $81
       00:A94B  0B 81     
   33                     
   34  00:A94D            se_arp_min7:
   35  00:A94D  00 03 07      .byte $00, $03, $07, $0A, $81
       00:A950  0A 81     
   36                     
   37  00:A952            se_arp_minFlat6:
   38  00:A952  00 03 07      .byte $00, $03, $07, $08, $81
       00:A955  08 81     
   39                     
   40  00:A957            se_arp_spread5thlowerThird:
   41  00:A957  F8 00 07      .byte $F8, $00, $07, $0C, $81
       00:A95A  0C 81     
   42                     
   43  00:A95C            se_arp_min7Invn1:
   44  00:A95C  FE 00 03      .byte $FE, $00, $03, $07, $81
       00:A95F  07 81     
   45                     
   46  00:A961            se_arp_dom7Invn2:
   47  00:A961  FB FE 00      .byte $FB, $FE, $00, $04, $81
       00:A964  04 81     
   48                     
   49  00:A966            se_arp_dim7:
   50  00:A966  00 03 06      .byte $00, $03, $06, $09, $81
       00:A969  09 81     
   51                     
   52  00:A96B            se_arp_majPlusOct:
   53  00:A96B  00 04 07      .byte $00, $04, $07, $0C, $81
       00:A96E  0C 81     
   54                     
   55                     
   56                     
#[3]   Source/External/SoundEngine/Tables/sound_EffectTables.asm
#[2]   Source/External/SoundEngine/Source/sound_Engine.asm
  657                     
  658  00:A970            BankSong:       ;;label for bank song
#[1]   Source/SoundEnginePreComp.asm
